1,5,12337.3438825225,320
2,5,12097.784072774,320
3,5,11797.9529739921,270
4,5,11439.6560365865,270
5,5,11136.8390453169,270
6,5,10640.9980262434,270
7,5,9791.6999682663,320
8,5,9725.07998069306,270
9,5,10047.9300611496,270
10,5,10542.8970159509,230
11,5,11219.6599664849,230
12,5,11964.2797962085,180
13,5,12748.847987558,230
14,5,13438.7300777485,270
15,5,13979.4940971874,270
16,5,14488.6259349857,270
17,5,14858.6950930796,270
18,5,14878.7759845865,270
19,5,14612.413112215,320
20,5,14253.388783309,320
21,5,14955.0602145093,50
22,5,15977.4870893778,50
23,5,15972.0412151041,50
24,5,15723.0499966969,50
1,6,15293.8681324911,360
2,6,14626.4860361712,360
3,6,13904.679865927,360
4,6,13394.9080796624,360
5,6,13013.1429551193,360
6,6,12501.795022334,360
7,6,11843.8549176094,360
8,6,12148.0940702281,360
9,6,12896.5379882262,320
10,6,13819.4950777825,320
11,6,14795.2969659601,320
12,6,15609.0261077837,320
13,6,16661.7579526652,360
14,6,17585.8410131271,320
15,6,18224.0999192679,320
16,6,18521.4720427736,360
17,6,18354.4512210763,320
18,6,17915.1071460213,360
19,6,17224.7859327298,360
20,6,16611.6457857855,50
21,6,17373.137078804,50
22,6,18197.5541901542,50
23,6,17857.8779337527,50
24,6,17350.1272550267,50
1,7,16828.6098174809,360
2,7,16195.0299075665,360
3,7,15331.0590688218,360
4,7,14633.7380978493,320
5,7,14062.890064964,360
6,7,13444.1361671975,320
7,7,12455.4329973394,320
8,7,12228.3820120741,360
9,7,12397.6980342225,360
10,7,12878.6270662167,320
11,7,13385.7979880472,320
12,7,14012.287130357,360
13,7,14864.6779360299,50
14,7,15526.8379535967,360
15,7,15893.4212070827,360
16,7,16115.8618867632,360
17,7,16062.2362569639,50
18,7,15694.3537863728,50
19,7,15194.92491313,50
20,7,14927.7848763384,90
21,7,15920.7222202171,50
22,7,16864.2890160466,90
23,7,16874.826045542,90
24,7,16495.508034958,50
1,1,15823.69101877,50
2,1,14978.0358530274,50
3,1,14323.436033065,360
4,1,13811.0860297317,360
5,1,13550.6708583911,360
6,1,13372.4639054318,360
7,1,13103.7850442426,360
8,1,13660.9929775961,360
9,1,14739.614967528,360
10,1,15722.4692381688,360
11,1,16619.1589141611,360
12,1,17612.1841425493,50
13,1,18613.0539056109,90
14,1,19516.2419161673,50
15,1,20014.5069824022,50
16,1,20129.0269114387,50
17,1,19769.7160453748,90
18,1,18957.280849728,360
19,1,18003.3189205539,50
20,1,17225.7899698125,50
21,1,17786.9740692815,50
22,1,18674.2609633664,90
23,1,18519.3079479472,90
24,1,17962.2417804436,50
1,2,17008.5249738214,50
2,2,15967.7330320668,90
3,2,15256.623121344,140
4,2,14759.9290131261,140
5,2,14428.6070950667,90
6,2,14129.5238291083,90
7,2,13708.0771170631,140
8,2,14124.1909424843,140
9,2,15161.042962119,50
10,2,16029.7691280835,50
11,2,16754.8949388464,140
12,2,17426.5199010025,90
13,2,18300.3390705094,90
14,2,18951.0629775699,50
15,2,19075.3197943855,50
16,2,18761.2097643879,360
17,2,18235.9302578189,90
18,2,17376.7051405266,140
19,2,16568.9512349565,70
20,2,16157.8328789448,140
21,2,16959.8829622483,90
22,2,17584.500064644,90
23,2,17168.9612550666,50
24,2,16585.661237637,50
1,3,15700.9838411068,360
2,3,14758.5760612218,360
3,3,14119.2658552942,320
4,3,13659.2880118568,360
5,3,13387.3750752141,0
6,3,13238.3759593638,320
7,3,12881.2390993622,320
8,3,13163.1970086519,320
9,3,13834.3920317765,270
10,3,14423.9500013136,180
11,3,14892.5759842014,180
12,3,15322.986074551,270
13,3,15673.4891262902,270
14,3,15969.2591737383,270
15,3,16081.0198431273,270
16,3,16043.2289803037,270
17,3,15908.0179231821,270
18,3,15682.7061528808,270
19,3,15341.8777888687,270
20,3,15195.9970798241,270
21,3,16057.5090763608,270
22,3,16690.5210752329,230
23,3,16187.1889006033,230
24,3,15370.1268751847,230
1,4,14569.6440066742,230
2,4,13721.8970880085,180
3,4,13119.397042504,230
4,4,12750.7718903502,230
5,4,12568.5620408175,230
6,4,12461.6609997889,230
7,4,12196.7120016539,230
8,4,12742.3750416314,0
9,4,13728.3670852212,270
10,4,14636.4490481801,270
11,4,15303.9530461864,270
12,4,15951.9249976797,230
13,4,16641.6830778432,270
14,4,17310.7589094115,270
15,4,17761.4031508702,230
16,4,18130.9998179309,230
17,4,18330.4641707902,230
18,4,18061.6620315008,230
19,4,17459.1480561264,180
20,4,16955.6462254946,320
21,4,17758.8279923522,270
22,4,18663.8850892512,0
23,4,18300.6888799821,270
24,4,17613.1738785156,270
1,5,16714.0599464239,270
2,5,15703.8568128203,270
3,5,15051.2379936166,320
4,5,14459.3359484435,320
5,5,13968.48098932,140
6,5,13678.4451855021,90
7,5,13266.2630022659,90
8,5,13760.3909056869,140
9,5,14757.5229627553,90
10,5,15763.4788938718,140
11,5,16520.0940244521,140
12,5,17311.5999605891,140
13,5,18154.0299847842,180
14,5,19001.8340460125,140
15,5,19435.1030669862,200
16,5,19521.1150093406,230
17,5,19219.873991343,140
18,5,18579.6277204857,180
19,5,17667.3648376504,180
20,5,17028.4419079957,50
21,5,17655.6738935998,50
22,5,18186.8879249999,50
23,5,17805.2189144003,50
24,5,17239.9470727169,50
1,6,16390.7748411442,50
2,6,15515.0550792408,90
3,6,14797.3199012843,50
4,6,14221.5631307517,50
5,6,13818.5519584315,50
6,6,13319.0300332927,360
7,6,12566.4609756834,320
8,6,12460.4420729587,320
9,6,12944.3888909386,320
10,6,13552.9671198463,320
11,6,13985.556974978,360
12,6,14300.5059443892,50
13,6,14808.3399300433,90
14,6,15325.1190330565,180
15,6,15744.6891578764,50
16,6,16051.3698909108,360
17,6,16105.3351672336,50
18,6,15993.0760836725,50
19,6,15636.8478956178,360
20,6,15299.4318985627,360
21,6,16013.5221440974,360
22,6,16962.8931089719,360
23,6,16573.9340354828,360
24,6,16090.9510128209,50
1,7,15420.7020949186,50
2,7,14699.3658743026,360
3,7,13999.150935659,360
4,7,13568.1829602205,360
5,7,13127.0540946168,360
6,7,12667.1299166894,360
7,7,11685.698057598,360
8,7,11646.4170124882,320
9,7,12256.4509643083,360
10,7,12941.6211031091,320
11,7,13820.2349114541,360
12,7,14728.358967752,320
13,7,15836.5350421139,360
14,7,16909.3799623915,360
15,7,17606.9459536218,320
16,7,18008.9359560299,360
17,7,17925.4091784835,360
18,7,17482.7549294338,90
19,7,16800.654861019,50
20,7,16322.546992593,50
21,7,17206.0551752995,50
22,7,18639.1889912244,90
23,7,19181.3349395217,70
24,7,19148.4131667991,360
1,1,18381.9138161971,320
2,1,16845.2140009915,230
3,1,15577.561947763,180
4,1,14907.1792063811,180
5,1,14436.2379059708,180
6,1,14140.2431059452,140
7,1,13907.1470264056,140
8,1,14009.214984206,140
9,1,14790.0670787887,360
10,1,15460.7848557839,270
11,1,15876.7900541173,270
12,1,16253.4260128932,270
13,1,16674.4109296198,0
14,1,17011.4367435137,270
15,1,16641.5340339644,360
16,1,16515.6910306369,360
17,1,16640.8820780354,270
18,1,16476.7519235576,270
19,1,15959.0791109682,230
20,1,15670.6157832842,230
21,1,16500.0149131794,230
22,1,17313.8260875759,0
23,1,16917.8968955823,0
24,1,16041.1710725189,90
1,2,15244.7459895173,90
2,2,14311.1509046704,90
3,2,13711.1509591662,90
4,2,13223.9689223478,90
5,2,12894.7010201588,140
6,2,12659.284062027,90
7,2,12347.9050248017,90
8,2,12597.5478782589,90
9,2,13344.7539328439,90
10,2,13956.4290116979,50
11,2,14294.2870575571,90
12,2,14611.4590998567,90
13,2,14891.1750598117,90
14,2,15051.3909631474,50
15,2,15093.5429123156,360
16,2,15168.781770878,320
17,2,15135.7242200326,50
18,2,15075.8389523781,90
19,2,14843.4181829796,360
20,2,14636.7478864985,360
21,2,15529.0079608348,360
22,2,16304.8379942738,50
23,2,15690.2448168157,50
24,2,14935.9210461029,360
1,3,14274.4041500371,50
2,3,13430.9280986027,360
3,3,12749.8200297225,360
4,3,12418.720947769,360
5,3,12227.6660332046,320
6,3,12159.9668766921,360
7,3,12057.009016383,360
8,3,12618.3070613937,360
9,3,13397.0929423282,360
10,3,14224.7679475052,360
11,3,14720.9419664321,360
12,3,15417.7861297922,50
13,3,16071.2940558111,50
14,3,16554.3439411903,90
15,3,16838.7142133154,50
16,3,16928.2527953896,50
17,3,16833.4340303361,50
18,3,16504.3578555558,50
19,3,16030.3139773542,90
20,3,15756.4427507531,90
21,3,16560.425923829,50
22,3,17103.1638597017,90
23,3,16666.2399311201,90
24,3,15942.7870578822,50
1,4,15092.5769667649,50
2,4,14130.9249525126,360
3,4,13532.678073118,360
4,4,13115.9390108883,360
5,4,12875.4500279077,360
6,4,12810.4231231101,360
7,4,12499.1519430191,360
8,4,12921.1849409337,360
9,4,13828.1457770625,50
10,4,14685.4301296817,50
11,4,15329.6891879318,360
12,4,15978.6669915523,360
13,4,16711.6991182542,360
14,4,17330.5148808202,320
15,4,17728.1351267332,50
16,4,17917.9509645745,50
17,4,17832.2268339943,50
18,4,17497.7729553182,50
19,4,16905.3988082922,90
20,4,16462.5490160596,50
21,4,17192.9071178278,90
22,4,17977.9699924332,50
23,4,17672.6431147098,50
24,4,17032.5481554349,50
1,5,16234.6070256322,360
2,5,15396.9059345664,50
3,5,14740.5748995678,50
4,5,14259.0130374394,50
5,5,14005.383035955,360
6,5,13844.3040429242,360
7,5,13576.4150654492,360
8,5,13818.6159170335,320
9,5,14759.0410905564,360
10,5,15462.0198299922,360
11,5,15844.9118466321,360
12,5,16231.8970209891,320
13,5,16688.6239927866,0
14,5,17035.7938865796,320
15,5,17119.3691310911,320
16,5,17014.233130221,320
17,5,16841.1888906553,180
18,5,16629.57515194,90
19,5,16051.1731184619,90
20,5,15697.200895493,50
21,5,16406.1868281704,0
22,5,16949.8120398638,50
23,5,16437.4120490421,90
24,5,15911.8358572167,90
1,6,15121.5409987513,90
2,6,14339.43811024,90
3,6,13657.3020049538,90
4,6,13182.5090405666,50
5,6,12938.2839908265,140
6,6,12705.8958961749,180
7,6,12163.7940151743,140
8,6,12183.3930350314,140
9,6,12727.5110136322,160
10,6,13370.696026164,180
11,6,14065.3180083614,140
12,6,14522.2659949781,180
13,6,15026.7408249709,180
14,6,15299.0050941217,180
15,6,15451.9271649965,180
16,6,15439.899951353,180
17,6,15245.5110174557,230
18,6,14837.6060731737,200
19,6,14282.9599349268,160
20,6,14129.7748950068,180
21,6,14838.4479389032,180
22,6,15283.1742128665,140
23,6,14617.7949790343,180
24,6,13846.4889190793,140
1,7,13138.1251243879,140
2,7,12428.843961874,90
3,7,11833.323998759,140
4,7,11480.2489239932,180
5,7,11152.0600923579,180
6,7,10900.8950603697,180
7,7,10148.9780645957,180
8,7,9933.83811365708,180
9,7,10276.8479819794,180
10,7,10831.9649560414,180
11,7,11293.807070005,230
12,7,11765.6919199703,230
13,7,12125.9210066565,180
14,7,12249.920964447,230
15,7,12139.7300051684,140
16,7,12160.6699543104,230
17,7,12278.3959145593,180
18,7,12355.7269703962,230
19,7,12355.4960829329,180
20,7,12418.8818681901,180
21,7,13529.9250156889,230
22,7,14506.5530054495,180
23,7,14233.3480831529,180
24,7,13741.9790991307,140
1,1,13010.586100314,180
2,1,12364.6509683379,180
3,1,11796.3210139805,0
4,1,11467.4680815069,0
5,1,11348.9399097384,0
6,1,11406.3480156297,0
7,1,11342.2230232204,0
8,1,11999.4689481179,0
9,1,13115.0929673379,320
10,1,14028.1570474673,320
11,1,14777.8001040025,230
12,1,15335.216014646,320
13,1,15834.985101399,320
14,1,16480.2978109829,320
15,1,16813.0720515158,320
16,1,17115.59421915,360
17,1,17273.3500342572,340
18,1,17089.6989964985,360
19,1,16504.4919567918,360
20,1,16128.5430742216,320
21,1,16911.2680256767,320
22,1,17742.600271388,320
23,1,17244.6559933373,320
24,1,16376.3228464462,320
1,2,15404.8639573737,270
2,2,14444.1549808921,0
3,2,13740.3598913201,360
4,2,13330.3710158733,320
5,2,13069.8848323729,320
6,2,12976.8649946162,320
7,2,12624.5140126399,320
8,2,13221.6859340495,320
9,2,14412.6651444472,320
10,2,15433.0188819589,320
11,2,16214.3229858531,320
12,2,16986.3959304672,270
13,2,17798.3861709386,320
14,2,18632.3060315512,360
15,2,19220.3499929355,360
16,2,19479.4481794625,360
17,2,19402.2129329375,320
18,2,19019.5828251999,360
19,2,18278.0610584237,340
20,2,17740.209131035,360
21,2,18363.7409646465,50
22,2,19190.4510764,0
23,2,18802.934027486,50
24,2,18113.5008708406,50
1,3,17204.2841726583,50
2,3,16208.2809613948,50
3,3,15316.6697943779,360
4,3,14829.3691039328,360
5,3,14452.0298406263,320
6,3,14284.920084564,320
7,3,13944.8560003708,320
8,3,14431.2029572199,320
9,3,15518.4741776641,360
10,3,16566.2557165064,360
11,3,17258.0387279065,320
12,3,18199.9628690649,320
13,3,19180.5541588617,360
14,3,20172.9051214512,360
15,3,20815.9670927869,360
16,3,21020.328934985,50
17,3,20664.8860780566,360
18,3,19960.1658955726,50
19,3,18997.0131398581,90
20,3,18221.3840594499,50
21,3,18706.1829461316,50
22,3,19480.5539756333,50
23,3,19094.2828732547,90
24,3,18616.4380590715,50
1,4,17871.7250634454,50
2,4,16807.393837702,50
3,4,16004.4400033839,360
4,4,15381.602032904,320
5,4,15036.5719999154,320
6,4,14778.2219675751,360
7,4,14335.3200752954,360
8,4,14709.5287398114,360
9,4,15792.7981471121,320
10,4,16949.5699561229,360
11,4,17712.6881540706,360
12,4,18556.2622500602,340
13,4,19486.7569095315,50
14,4,20419.5989136528,360
15,4,21059.4689988075,20
16,4,21284.7270756108,20
17,4,21000.8249310511,20
18,4,20375.527071784,50
19,4,19365.2222069858,50
20,4,18640.0170577702,50
21,4,19175.6638024496,50
22,4,20133.7600342813,90
23,4,19997.2462513358,50
24,4,19605.844047681,360
1,5,18695.9761270122,360
2,5,17600.8588376795,320
3,5,16691.7660463662,320
4,5,16009.8651581467,360
5,5,15615.4610232473,50
6,5,15315.2940043164,320
7,5,14793.8451746791,50
8,5,15178.6710673436,360
9,5,16321.4690929134,320
10,5,17387.3022300256,360
11,5,18134.8450566717,320
12,5,19189.9850556152,360
13,5,20228.7718642605,340
14,5,21341.3999184361,360
15,5,22000.1901370743,360
16,5,22171.985882404,360
17,5,21804.4451030155,360
18,5,21033.7150917069,50
19,5,19929.0790300025,50
20,5,19131.4230959632,50
21,5,19527.937174798,70
22,5,20332.6230393876,90
23,5,20150.8391027995,90
24,5,19647.1921899267,50
1,6,18970.0330656883,250
2,6,18106.4679666995,360
3,6,17348.6559890606,340
4,6,16775.6960707608,360
5,6,16296.1681020767,320
6,6,15794.5441735648,360
7,6,14958.1589671196,360
8,6,14804.6709777261,340
9,6,15604.5810587034,360
10,6,16611.8519626176,320
11,6,17502.9081614148,360
12,6,18495.7238911549,320
13,6,19634.4560895469,360
14,6,20554.5250432929,360
15,6,21132.6699487064,360
16,6,21141.6819120783,50
17,6,20770.9229661722,360
18,6,20269.9361986828,50
19,6,19473.3740244182,320
20,6,18663.791068618,50
21,6,19141.9941405011,50
22,6,19858.7809365098,90
23,6,19545.8720189114,70
24,6,19142.8150087617,70
1,7,18726.0929737636,90
2,7,18167.5159984124,70
3,7,17532.2661135611,70
4,7,16891.9618875855,50
5,7,16370.2800491084,360
6,7,15784.1339649432,340
7,7,14870.3009642349,340
8,7,14473.255921067,340
9,7,14970.7571104122,320
10,7,15653.7170187396,320
11,7,16531.2750528089,320
12,7,17617.9408948657,50
13,7,18696.7691509847,360
14,7,19487.7261589535,320
15,7,19852.9049695274,360
16,7,19855.6360557259,360
17,7,19489.3670440174,50
18,7,19007.7490787294,50
19,7,18241.5989390009,50
20,7,17648.0281622941,50
21,7,18409.4729981786,50
22,7,19665.2668689885,90
23,7,19976.9820220326,50
24,7,19947.8311222275,50
1,1,19527.766040782,360
2,1,18484.5039898646,360
3,1,17748.5089485464,360
4,1,17109.0730708917,50
5,1,16687.1408783202,360
6,1,16417.7839818662,360
7,1,16079.9562570853,360
8,1,16392.7272704514,340
9,1,17842.0620332817,320
10,1,19271.0180976158,320
11,1,20410.0170526244,270
12,1,21623.2472114833,270
13,1,22969.5682879845,360
14,1,24095.322971968,340
15,1,24572.6181513686,360
16,1,24200.5359505378,340
17,1,23515.6442048056,320
18,1,22470.4992361246,20
19,1,21103.7092217091,20
20,1,20215.9893431561,70
21,1,20955.4769198853,50
22,1,21650.5928646428,50
23,1,21600.0968415411,50
24,1,21274.973802058,50
1,2,20286.5627370775,320
2,2,19209.1781961229,360
3,2,18321.6721053515,360
4,2,17724.4600037579,360
5,2,17220.1699652374,360
6,2,16789.8681256725,320
7,2,16210.488263642,230
8,2,16475.6440077196,0
9,2,17475.3610311807,90
10,2,18556.6490944382,180
11,2,19291.1981462101,320
12,2,20073.3661627695,360
13,2,20919.0767677492,360
14,2,21702.980170982,360
15,2,22043.6000108058,320
16,2,21819.1419790648,270
17,2,21389.8939583572,230
18,2,20481.5731261177,140
19,2,19479.8492117003,140
20,2,18707.6949679158,90
21,2,19458.2339332448,140
22,2,20144.4000800345,90
23,2,19913.0022308868,140
24,2,19401.4249621313,50
1,3,18591.9890316213,50
2,3,17536.8080307972,0
3,3,16662.1278729569,230
4,3,16082.9609091831,140
5,3,15625.8271567635,180
6,3,15367.7640803754,140
7,3,14995.0410885802,90
8,3,15220.7459638426,140
9,3,16342.4520085799,90
10,3,17373.3279006667,90
11,3,18219.814126201,110
12,3,19079.9102481618,90
13,3,20090.7652084203,90
14,3,20857.5998803074,50
15,3,21436.504243969,360
16,3,21623.3881101618,360
17,3,21300.5318389907,360
18,3,20502.5329493652,360
19,3,19286.0048562414,50
20,3,18385.5727901137,360
21,3,19103.2468741979,50
22,3,19899.3629912082,50
23,3,19604.6160034542,50
24,3,19141.8970300676,50
1,4,18416.0270662988,360
2,4,17457.7290615598,360
3,4,16557.9482087409,360
4,4,15921.7830790333,360
5,4,15558.3481003968,360
6,4,15362.2380468217,360
7,4,15052.8318421384,230
8,4,15204.6719070724,230
9,4,15642.0619141678,160
10,4,16269.9588263676,140
11,4,16674.4869492212,110
12,4,17202.2721102694,340
13,4,17657.2960069031,0
14,4,18201.0349188,90
15,4,18293.2328334097,320
16,4,18213.6571264025,160
17,4,18325.8469438143,180
18,4,18190.2970975456,110
19,4,17473.8197326427,340
20,4,17136.4689197629,50
21,4,18024.4649031172,360
22,4,18650.6789071588,360
23,4,18329.2680336544,360
24,4,17798.424182984,0
1,5,17125.9782017544,360
2,5,16223.9749258128,50
3,5,15536.6449925648,180
4,5,14944.8607665338,180
5,5,14295.3559155399,180
6,5,14148.963948206,180
7,5,14038.9100181581,0
8,5,14023.0020273896,50
9,5,14715.1071462957,50
10,5,15371.4559979644,90
11,5,16025.9938789243,340
12,5,16718.8840846717,320
13,5,17446.4940972282,90
14,5,18144.7548866011,140
15,5,18642.8909918512,360
16,5,18843.4850231633,320
17,5,18668.8760993611,320
18,5,18369.8380781356,270
19,5,17701.8590846537,270
20,5,17171.5899423226,230
21,5,17943.6908333814,270
22,5,18469.0288616857,270
23,5,17967.5760335522,270
24,5,17361.8141500643,0
1,6,16679.344740008,0
2,6,15922.760978681,0
3,6,15099.6148783797,0
4,6,14557.474873024,0
5,6,14171.8180279853,140
6,6,13769.4409460472,90
7,6,13268.1640324024,90
8,6,13133.8399393065,90
9,6,13479.8690648992,90
10,6,14024.2860752018,90
11,6,14330.8360387571,140
12,6,14420.7700734553,180
13,6,14588.76889937,180
14,6,14553.2628826322,110
15,6,14279.1599285556,160
16,6,13776.0341710486,110
17,6,13536.7508690674,140
18,6,13460.3241539756,110
19,6,13323.9239562713,90
20,6,13421.5878391769,90
21,6,14546.881265562,140
22,6,14754.7288466989,90
23,6,14181.7898453372,140
24,6,13538.9771093111,140
1,7,12875.3781731497,140
2,7,12161.3950231811,140
3,7,11591.0189753482,140
4,7,11232.1390195545,140
5,7,10959.8779363586,140
6,7,10751.7669082982,90
7,7,10217.0448954627,140
8,7,9822.21005575149,90
9,7,10080.6870057941,90
10,7,10572.4339860164,140
11,7,11081.8350372361,90
12,7,11525.1839912469,140
13,7,11979.901891646,90
14,7,12247.7840794157,90
15,7,12084.4010492116,90
16,7,11988.5399640314,90
17,7,11953.381102467,90
18,7,11998.580002117,50
19,7,12074.4399821814,140
20,7,12486.3620808423,90
21,7,13826.5990752587,90
22,7,14288.941062435,90
23,7,13935.8968776627,90
24,7,13357.0379330553,140
1,1,12613.6771813612,140
2,1,11962.1650819397,140
3,1,11399.7979685552,230
4,1,11156.974979138,0
5,1,11095.2150422568,0
6,1,11187.4260579525,0
7,1,11546.3409797167,140
8,1,11918.1030285666,140
9,1,12794.9862130629,140
10,1,13536.1519972524,140
11,1,14049.0448485473,90
12,1,14531.4349970277,140
13,1,14831.6897537475,90
14,1,15048.2282349207,140
15,1,14949.9539961712,90
16,1,14734.6919307392,90
17,1,14701.0288594253,90
18,1,14488.6660274714,140
19,1,14278.1169850673,140
20,1,14461.4910106594,140
21,1,15659.8649136755,140
22,1,16013.754939978,180
23,1,15358.5308509106,180
24,1,14522.6760622552,140
1,2,13519.8769206861,90
2,2,12700.4810069287,140
3,2,12197.1340122919,180
4,2,11911.7470065439,90
5,2,11761.7650303496,140
6,2,11851.8179378351,140
7,2,11927.6470081685,140
8,2,12231.6600235207,180
9,2,13008.1040437929,160
10,2,13723.8999955049,110
11,2,14224.8388951067,140
12,2,14610.2490578843,110
13,2,14874.2651476506,110
14,2,14922.0351201892,160
15,2,14752.9209147859,110
16,2,14637.6400747672,270
17,2,14590.4249756457,140
18,2,14569.131906244,70
19,2,14376.6491205199,90
20,2,14502.3789825523,180
21,2,15691.8350134636,50
22,2,16119.8659345978,50
23,2,15420.2331256727,50
24,2,14507.3759660823,140
1,3,13629.9549994795,230
2,3,12743.0049400115,140
3,3,12235.6690399935,140
4,3,11905.8269254016,140
5,3,11822.5889814543,90
6,3,11801.5110093551,140
7,3,11947.7530022161,140
8,3,12275.2950473381,140
9,3,13211.3110788856,140
10,3,14002.590952062,90
11,3,14529.7250657026,140
12,3,14957.7159401178,140
13,3,15205.2161348267,90
14,3,15298.8928958494,140
15,3,15247.7619449943,140
16,3,15148.5170450937,140
17,3,15164.5951573746,140
18,3,15059.8401327673,140
19,3,14768.3282680357,90
20,3,14901.6169215087,90
21,3,15983.1431173258,110
22,3,16252.6760887364,160
23,3,15541.9760056436,140
24,3,14682.4430760341,90
1,4,13763.87804808,110
2,4,12931.3950401787,140
3,4,12341.3419014933,140
4,4,12019.1500681043,160
5,4,11802.3620640161,140
6,4,11893.3710424518,140
7,4,11926.3060090505,140
8,4,12288.5730560524,160
9,4,13133.8228195915,140
10,4,13862.4470897075,140
11,4,14482.7451683381,140
12,4,15155.3508155365,140
13,4,15546.9517193167,140
14,4,15835.3600206873,140
15,4,16057.2061702218,90
16,4,16191.5991224935,140
17,4,16239.6909996811,90
18,4,16070.5110902507,140
19,4,15744.8260684805,90
20,4,15508.3159686876,90
21,4,16476.4070877545,140
22,4,16990.9850046756,180
23,4,16300.1980649168,90
24,4,15500.7229707306,90
1,5,14635.1121213073,90
2,5,13714.2958524534,90
3,5,13049.7530214889,90
4,5,12625.0169539796,90
5,5,12421.0339927459,90
6,5,12414.8509173309,140
7,5,12317.3769871546,90
8,5,12623.4048506515,90
9,5,13559.7690227535,160
10,5,14503.6578329243,160
11,5,15048.9961534869,180
12,5,15605.2039835053,140
13,5,16182.3030187977,140
14,5,16613.7461206205,180
15,5,16870.0121609075,90
16,5,16977.0921220612,90
17,5,16990.6719877385,360
18,5,16805.5150044207,20
19,5,16244.7470674785,360
20,5,15857.5102302143,110
21,5,16791.7989562503,50
22,5,17077.8950018911,50
23,5,16398.0639185673,50
24,5,15632.4450909318,50
1,6,14873.3809288582,320
2,6,14041.9279803121,320
3,6,13390.2840007832,320
4,6,12950.2650537426,0
5,6,12613.4579612883,270
6,6,12397.7410009308,270
7,6,11909.3869103128,270
8,6,11811.7560452451,0
9,6,12500.1840234008,320
10,6,13413.7009857893,270
11,6,14103.7140761018,320
12,6,14673.4451073147,230
13,6,15286.3741052002,180
14,6,15800.1767657445,230
15,6,16206.0130398413,180
16,6,16559.8567471474,360
17,6,16657.6219533493,320
18,6,16587.9189758662,360
19,6,16200.335197865,360
20,6,15815.2849334411,320
21,6,16778.7580527556,360
22,6,17147.3331019715,270
23,6,16592.1020149649,0
24,6,15911.4811860607,90
1,7,15184.3600641512,50
2,7,14521.4479851355,90
3,7,13814.3389553116,90
4,7,13324.5289921542,50
5,7,12925.6418727604,50
6,7,12619.3309573033,360
7,7,11786.6268977509,360
8,7,11280.3199865117,90
9,7,11733.0950301185,360
10,7,12478.0749717159,340
11,7,13225.2149861888,200
12,7,13900.4010027761,270
13,7,14684.1190998906,270
14,7,15279.7841510943,290
15,7,15774.7689538707,270
16,7,16147.7728508275,290
17,7,16238.3139733493,360
18,7,16033.0559189906,320
19,7,15553.5180664554,340
20,7,15260.303972398,360
21,7,16462.4631482498,270
22,7,17340.9200929017,320
23,7,17250.9139600811,320
24,7,16787.3159842142,90
1,1,16118.1031842609,90
2,1,15191.2761676428,90
3,1,14428.4469693401,50
4,1,13937.9039644771,90
5,1,13636.3288533338,140
6,1,13584.1949699931,90
7,1,13507.6870714864,140
8,1,13571.7489222502,140
9,1,14307.6750559863,140
10,1,15014.694115432,140
11,1,15454.2928667003,140
12,1,15797.6521128425,140
13,1,16213.0340110054,90
14,1,16417.9898857456,90
15,1,16503.6149200965,90
16,1,16390.9532350553,90
17,1,16074.5680845082,90
18,1,15671.1829070291,90
19,1,15068.0949081173,50
20,1,15057.0230433559,50
21,1,16228.4409368662,140
22,1,16500.2239332544,90
23,1,15894.5900492454,90
24,1,15102.7140507717,90
1,2,14219.1719807712,90
2,2,13358.0169249959,90
3,2,12829.7690419378,90
4,2,12473.2179887909,140
5,2,12328.1760486448,140
6,2,12375.6390590696,140
7,2,12406.7470621979,140
8,2,12656.7491495674,140
9,2,13488.7830189252,90
10,2,14260.7221316732,140
11,2,14769.7468173194,140
12,2,15262.5028751304,140
13,2,15577.729980601,90
14,2,15659.5289940778,90
15,2,15547.1800139677,90
16,2,15328.5421932824,90
17,2,15131.9960318059,140
18,2,14958.4799343171,90
19,2,14613.2110651825,90
20,2,14694.5719604483,90
21,2,15885.6969176736,90
22,2,16172.380860189,90
23,2,15548.2280677883,90
24,2,14707.0549707571,140
1,3,13737.6689692512,90
2,3,12918.4458595226,90
3,3,12415.5590236401,90
4,3,12099.8991244826,90
5,3,12027.1109481165,110
6,3,12121.969061777,110
7,3,12258.2399064731,140
8,3,12516.1269960236,90
9,3,13356.3072704934,140
10,3,14162.3869719314,70
11,3,14711.9470994617,90
12,3,15184.5430441294,110
13,3,15586.8279457483,20
14,3,15882.5889505567,90
15,3,15940.2239312436,70
16,3,15933.9499319559,70
17,3,15805.4189009406,110
18,3,15572.1479461519,90
19,3,15158.248820941,90
20,3,15101.2798447395,70
21,3,16299.2428481081,90
22,3,16578.4817384835,90
23,3,16002.1678985693,90
24,3,15080.7790818447,90
1,4,14085.1980184885,90
2,4,13266.965995892,90
3,4,12697.907990451,90
4,4,12365.5239637839,90
5,4,12256.8561178595,90
6,4,12287.5870283628,50
7,4,12477.8779524881,50
8,4,12708.2649709405,50
9,4,13665.4179010484,50
10,4,14638.7149537308,360
11,4,15266.007886773,360
12,4,15845.9507998284,360
13,4,16305.0509300344,360
14,4,16746.6429629028,360
15,4,16931.0549074057,360
16,4,16822.3238911685,50
17,4,16470.8120532734,90
18,4,16131.3050480653,50
19,4,15703.161042477,50
20,4,15703.2411484625,90
21,4,16726.1867950787,90
22,4,16984.3768749712,90
23,4,16322.9109590789,90
24,4,15538.4308770951,50
1,5,14673.6791787585,50
2,5,13730.538023022,50
3,5,13183.4329050006,50
4,5,12843.2629309436,50
5,5,12635.4670682857,360
6,5,12685.1440865477,320
7,5,12836.169140473,270
8,5,13042.9791377354,270
9,5,14019.3289195914,0
10,5,14985.9050933137,320
11,5,15680.1419632467,360
12,5,16301.7319899686,360
13,5,16895.6480569514,360
14,5,17384.5358678922,320
15,5,17641.6861585989,360
16,5,17652.2618800253,360
17,5,17572.1619487749,360
18,5,17098.7030020328,50
19,5,16427.9179812083,50
20,5,16275.7139869751,50
21,5,17223.2020161282,50
22,5,17210.6340361385,360
23,5,16527.8031085543,90
24,5,15697.562011664,270
1,6,14898.386150931,0
2,6,14063.1150542232,0
3,6,13395.3489440321,0
4,6,12980.2370116422,0
5,6,12689.0179747702,0
6,6,12556.0939259441,0
7,6,12315.1840075105,340
8,6,12082.5010409937,340
9,6,12823.9251411632,360
10,6,13766.0829469888,320
11,6,14449.7669572402,360
12,6,14952.1260855813,50
13,6,15463.1351216631,360
14,6,15774.8730370626,360
15,6,15890.8798593748,320
16,6,15834.8609773394,320
17,6,15652.8438545608,360
18,6,15351.3789441914,0
19,6,14981.8189710069,160
20,6,15033.4580631454,0
21,6,15938.6349542593,270
22,6,16015.5957863568,140
23,6,15347.4530477752,70
24,6,14651.9540775563,90
1,7,13951.0409668139,360
2,7,13317.2660141881,90
3,7,12698.2410508455,360
4,7,12321.858880321,360
5,7,12016.0269744056,0
6,7,11815.7989726705,320
7,7,11373.5060607768,270
8,7,10824.1919233331,270
9,7,11175.3939814318,0
10,7,11874.5608510876,230
11,7,12641.1060548399,230
12,7,13356.4320184207,290
13,7,14101.8889935542,230
14,7,14681.1960967991,320
15,7,14974.6048540596,320
16,7,15139.7979666751,360
17,7,15285.0160235482,360
18,7,15132.8990806688,360
19,7,14802.857994852,20
20,7,14713.3329871607,50
21,7,15919.5379678919,50
22,7,16249.1089691031,0
23,7,15865.4879938955,0
24,7,15234.7328223852,230
1,1,14432.8870212571,140
2,1,13711.5179503639,140
3,1,13099.2220038534,140
4,1,12633.4120784127,140
5,1,12283.3079908362,140
6,1,12093.8330644574,230
7,1,11753.5879852255,140
8,1,11392.9700277627,140
9,1,11924.3079577748,180
10,1,12595.9889390625,140
11,1,13167.4979849642,140
12,1,13769.2900241248,140
13,1,14379.239065506,140
14,1,14749.76091268,140
15,1,14808.9109847432,180
16,1,14789.8439843038,180
17,1,14733.7220504767,180
18,1,14489.9272476479,180
19,1,14111.2439248052,180
20,1,14246.9701422349,180
21,1,15598.0199933355,180
22,1,15896.7680516648,180
23,1,15393.146919182,180
24,1,14701.1549481084,140
1,2,13905.0449682367,180
2,2,13163.4800234105,180
3,2,12503.1320328345,180
4,2,12104.2099284066,180
5,2,11851.6709172614,180
6,2,11699.7259826134,180
7,2,11486.0070486073,180
8,2,11140.3900167632,180
9,2,11639.5590672565,230
10,2,12211.4969272518,230
11,2,12725.9458522776,230
12,2,13226.7439513876,230
13,2,13761.0590229414,230
14,2,14107.6810275891,230
15,2,14189.976113361,230
16,2,14128.7409184499,230
17,2,14131.2071045169,230
18,2,14099.0920594835,230
19,2,13930.8388696819,230
20,2,14126.3129034734,230
21,2,15347.455010107,230
22,2,15860.7880247723,140
23,2,15378.5388439209,230
24,2,14776.6609786977,140
1,3,13858.3941489407,230
2,3,13114.3560163998,140
3,3,12478.436947484,140
4,3,12181.6280068816,180
5,3,12044.6289937259,180
6,3,12133.4050117596,140
7,3,12423.8680563634,180
8,3,12626.0619570136,140
9,3,13593.0699677933,90
10,3,14468.7600943684,230
11,3,15080.7290675172,180
12,3,15679.3439028654,230
13,3,16201.2601557942,180
14,3,16742.7890348174,200
15,3,17067.9270054307,180
16,3,17122.0290383715,180
17,3,17155.3472832572,180
18,3,16874.6401427705,140
19,3,16349.6030589817,160
20,3,16119.5900597824,160
21,3,17258.9149897443,140
22,3,17509.7279735624,140
23,3,16905.0809142329,140
24,3,15983.2028597486,0
1,4,14964.880074983,0
2,4,14107.9479655926,0
3,4,13440.1959867533,0
4,4,12964.4690631111,0
5,4,12731.9779776898,0
6,4,12747.8052190952,0
7,4,12858.9280058974,0
8,4,13050.7378663002,0
9,4,13949.256039938,0
10,4,14975.6169049498,230
11,4,15700.3549162634,320
12,4,16448.2520770952,270
13,4,17203.9738628175,0
14,4,18008.5999532491,270
15,4,18628.7549288683,270
16,4,18977.4019244984,320
17,4,19020.2761216955,320
18,4,18654.2681047358,320
19,4,17949.1150799952,320
20,4,17589.4599707201,360
21,4,18780.4211743232,360
22,4,19061.4832344316,360
23,4,18429.0219383119,360
24,4,17535.4489752771,270
1,5,16537.3229914452,0
2,5,15529.6589160818,0
3,5,14797.6300880401,0
4,5,14211.4959633591,270
5,5,13850.1298361304,270
6,5,13767.9028683407,270
7,5,13708.6031270232,230
8,5,13863.4660846079,230
9,5,14601.7558775069,270
10,5,15375.0408341605,200
11,5,15896.5899566673,200
12,5,16427.6200570483,200
13,5,16862.3138576811,230
14,5,17272.5551660303,250
15,5,17459.9508843627,230
16,5,17345.6017612675,180
17,5,17140.9309341023,200
18,5,16670.0489766863,200
19,5,16008.6019605221,200
20,5,15804.718007612,180
21,5,16818.0429677702,180
22,5,16856.1710789166,180
23,5,16137.8028006479,230
24,5,15342.2398880161,180
1,6,14500.6680945128,180
2,6,13618.8230736097,140
3,6,13051.853034406,0
4,6,12602.9219143268,140
5,6,12353.8769869665,0
6,6,12182.8649620598,140
7,6,11928.2620003819,140
8,6,11632.5591210192,0
9,6,12172.7790616173,0
10,6,12933.37909922,0
11,6,13356.8939388134,0
12,6,13719.6580667645,90
13,6,14088.2649154272,20
14,6,14266.8741132813,0
15,6,14384.5218607504,270
16,6,14479.608963236,360
17,6,14494.3901258043,340
18,6,14474.5820216748,360
19,6,14279.2541389575,340
20,6,14339.2770163796,360
21,6,15646.9529444831,360
22,6,15702.6721377857,360
23,6,15019.5540641225,0
24,6,14359.6810003486,360
1,7,13656.8389048995,50
2,7,13084.3249721332,0
3,7,12507.7530550021,360
4,7,12045.3650245788,360
5,7,11751.2549820142,360
6,7,11563.588074361,360
7,7,11148.0519133988,360
8,7,10541.5559740092,360
9,7,10895.5619992507,320
10,7,11627.8299482565,320
11,7,12312.1139593523,360
12,7,13024.4899448964,360
13,7,13774.6821645217,340
14,7,14329.4821048758,360
15,7,14738.8340858582,320
16,7,15065.5469280172,320
17,7,15229.1379192236,360
18,7,15108.588906762,320
19,7,14829.1529786128,360
20,7,14946.0569527338,360
21,7,16533.6301907557,360
22,7,17241.6200573114,360
23,7,17073.5310464427,360
24,7,16594.1539033041,50
1,1,15892.5409027212,360
2,1,15042.5029617576,360
3,1,14448.9709783606,360
4,1,13903.4950112314,360
5,1,13778.8070796533,360
6,1,13510.3800087194,360
7,1,13656.814044375,90
8,1,13664.0790761737,90
9,1,14560.6290861145,90
10,1,15459.8668696638,90
11,1,16169.7100057891,90
12,1,16871.8510606866,50
13,1,17682.7059776597,50
14,1,18390.4818086047,360
15,1,18809.4912120439,360
16,1,19010.672077829,360
17,1,19047.9260226917,340
18,1,18716.864210899,320
19,1,18025.4908257565,360
20,1,17570.9631915363,320
21,1,18613.3551732646,90
22,1,18898.6582474904,90
23,1,18387.919901398,90
24,1,17626.2520836657,140
1,2,16679.1279400312,140
2,2,15743.05101611,0
3,2,14937.5149969133,140
4,2,14411.6288418164,140
5,2,14106.4519472597,140
6,2,13981.66489127,90
7,2,14030.3350999225,90
8,2,14079.2090218747,90
9,2,14977.8740093578,140
10,2,15853.3390938081,50
11,2,16461.7461453863,90
12,2,17099.2220526515,50
13,2,17753.1670918372,320
14,2,18230.5490279095,320
15,2,18415.5140684964,290
16,2,18408.986953767,360
17,2,18243.5050339801,20
18,2,17836.4830594007,320
19,2,17094.8600104135,320
20,2,16905.7000860022,360
21,2,18117.4560431819,320
22,2,18267.9347738763,50
23,2,17565.5080408948,0
24,2,16614.0158835845,0
1,3,15597.9849765523,0
2,3,14639.840897508,0
3,3,14052.3900143267,0
4,3,13579.2200786667,270
5,3,13302.8780842619,270
6,3,13284.2350109443,270
7,3,13386.2650366654,320
8,3,13458.9679896077,270
9,3,14427.4280274305,270
10,3,15395.9690212328,270
11,3,15997.729199796,230
12,3,16633.6650692355,270
13,3,17372.4640944954,270
14,3,18086.5599698033,230
15,3,18502.081099852,230
16,3,18768.5748376222,180
17,3,18666.2800005302,270
18,3,18360.8080482157,270
19,3,17643.0782764517,230
20,3,17485.4157534437,180
21,3,18722.7879429747,270
22,3,18872.2152116904,0
23,3,18237.5089833727,0
24,3,17379.9520050269,0
1,4,16277.6011246955,0
2,4,15397.6339328932,0
3,4,14750.1710337577,0
4,4,14161.5331353517,0
5,4,13875.8509835778,270
6,4,13844.0779910078,270
7,4,13837.5808652826,0
8,4,13903.2480026921,270
9,4,14918.7449900443,270
10,4,15987.8849552628,270
11,4,16822.0618574778,230
12,4,17647.3562427191,250
13,4,18547.2859543315,0
14,4,19357.9170591868,320
15,4,19973.8398995772,320
16,4,20212.9810095401,360
17,4,20114.3959283968,340
18,4,19612.4517424824,360
19,4,18674.8589219144,20
20,4,18323.4708759626,360
21,4,19490.3401712187,50
22,4,19633.2571359323,50
23,4,19037.0172720803,50
24,4,18220.0429685591,360
1,5,17267.9470011636,360
2,5,16258.877098334,50
3,5,15593.0278070485,360
4,5,15041.0640843129,360
5,5,14684.6371121435,320
6,5,14566.6179984109,320
7,5,14526.7221411997,360
8,5,14593.2677765945,50
9,5,15678.2299803309,360
10,5,16808.5669038231,320
11,5,17661.9197184788,320
12,5,18536.2398480149,360
13,5,19447.3369764648,320
14,5,20189.6141376011,320
15,5,20650.5839366894,50
16,5,20857.9388157874,360
17,5,20676.0091489758,50
18,5,20067.9199324845,50
19,5,19059.9251771187,50
20,5,18638.3818998067,50
21,5,19738.2189736757,20
22,5,19786.3439182667,20
23,5,19154.623112266,50
24,5,18378.7568658283,360
1,6,17445.4192489339,360
2,6,16577.0281095011,340
3,6,15849.2608685601,320
4,6,15304.5481357211,360
5,6,14832.1981439795,360
6,6,14532.577093848,360
7,6,14123.9060308328,340
8,6,13615.9020979023,340
9,6,14164.9261192279,360
10,6,14884.3919897582,360
11,6,15564.2460590247,360
12,6,16149.0031617004,50
13,6,16849.7111086771,360
14,6,17477.4080031607,90
15,6,17912.896060192,50
16,6,18116.488015092,90
17,6,18048.3540463704,50
18,6,17720.286107122,50
19,6,17103.1539169564,90
20,6,17021.3428797247,50
21,6,18277.9719194029,50
22,6,18327.3649132559,50
23,6,17631.3792260448,50
24,6,16868.8947660858,360
1,7,16211.5139399255,360
2,7,15575.5830236999,360
3,7,14950.5670381533,360
4,7,14377.743057915,360
5,7,13985.5620099837,360
6,7,13682.2341146665,360
7,7,13132.1658933749,360
8,7,12363.884968075,360
9,7,12533.757042109,360
10,7,13134.1329564499,360
11,7,13752.4109304412,320
12,7,14381.7810609387,360
13,7,15328.0139291533,360
14,7,16143.95221812,360
15,7,16694.6769954893,360
16,7,17087.7319679251,50
17,7,17173.0590028698,50
18,7,16825.2990519567,50
19,7,16326.439149891,50
20,7,16473.7030384587,50
21,7,17935.8469209299,50
22,7,18474.3601239715,90
23,7,18321.1102545131,360
24,7,17786.9292447511,50
1,1,17011.6167533044,360
2,1,16090.6822258458,360
3,1,15327.5169053022,320
4,1,14826.1630192883,360
5,1,14536.5980803408,360
6,1,14433.08082751,50
7,1,14711.1522552874,50
8,1,14865.1618548958,320
9,1,15645.7809902075,360
10,1,16563.8960241806,360
11,1,17393.0359568037,360
12,1,18291.3749000467,360
13,1,19195.2541109063,360
14,1,20032.8429106669,360
15,1,20459.861182834,50
16,1,20654.4140740316,50
17,1,20314.3170851264,50
18,1,19552.8567896318,90
19,1,18567.9228522098,50
20,1,18537.9189820001,50
21,1,19800.1540535847,140
22,1,19927.2321692482,50
23,1,19364.1609284272,50
24,1,18619.1522096447,50
1,2,17428.477048724,360
2,2,16342.51510143,50
3,2,15731.5971721844,360
4,2,15231.7348675756,90
5,2,14971.8729113955,50
6,2,14873.5951245301,50
7,2,15081.9041201258,50
8,2,15129.7423596121,90
9,2,15946.0860092836,50
10,2,16997.3611499965,0
11,2,17773.0839168075,20
12,2,18559.6960959341,50
13,2,19464.0601615813,50
14,2,20123.0350899622,70
15,2,20493.3879063539,70
16,2,20532.5988853797,90
17,2,20242.9871003032,90
18,2,19636.4648209875,20
19,2,18713.4580021412,70
20,2,18741.9189021429,70
21,2,19988.9209236829,90
22,2,20096.7639921037,90
23,2,19510.8087957175,50
24,2,18648.1398359658,50
1,3,17470.2320233388,50
2,3,16342.9562721709,360
3,3,15626.3059814107,360
4,3,15194.2200483279,360
5,3,14893.3620196683,50
6,3,14865.1779243248,360
7,3,15046.4358324604,360
8,3,15217.3217711048,50
9,3,16023.7389107589,360
10,3,17011.2759557795,360
11,3,17688.3109030314,50
12,3,18487.3859119993,360
13,3,19255.9429552937,50
14,3,19865.4651049133,360
15,3,20117.518113384,50
16,3,20060.9369486608,50
17,3,19758.3540157285,50
18,3,19099.3216880597,50
19,3,18253.64218242,50
20,3,18282.3968951097,70
21,3,19312.7200799817,50
22,3,19376.2159370873,50
23,3,18769.4361392139,90
24,3,17942.6349520739,50
1,4,16973.0179819856,50
2,4,15983.2389514549,50
3,4,15180.6939492393,90
4,4,14712.45904788,360
5,4,14467.3300765399,360
6,4,14416.0907930844,360
7,4,14788.2689364655,360
8,4,14898.6900533764,50
9,4,15715.2230466977,50
10,4,16600.7821817966,90
11,4,17169.8321018829,20
12,4,17976.2609641254,20
13,4,18676.1692340206,360
14,4,19278.3209613282,340
15,4,19736.7060053204,70
16,4,19935.79091998,90
17,4,19750.6991132479,50
18,4,19177.9460494565,50
19,4,18381.6267487519,20
20,4,18328.9739445131,20
21,4,19472.2490866054,50
22,4,19432.3397614057,90
23,4,18742.5609440347,90
24,4,17906.1947769979,90
1,5,16837.7540475205,90
2,5,15760.0938642733,140
3,5,14954.6789505109,180
4,5,14473.3028586553,140
5,5,14228.5877844347,140
6,5,14066.3799327472,90
7,5,14272.511038842,140
8,5,14242.2749977387,140
9,5,14940.3601202201,140
10,5,15616.5590409989,140
11,5,16125.5788937993,140
12,5,16588.6330860425,140
13,5,17156.8781299945,140
14,5,17633.8849300873,90
15,5,18061.0922712963,140
16,5,18133.1902026907,90
17,5,18065.6369189052,90
18,5,17729.6870287722,140
19,5,16979.8088986641,140
20,5,16920.5758462558,140
21,5,17937.6558420518,140
22,5,17651.6200155076,90
23,5,16825.5592038138,90
24,5,16087.9540378517,90
1,6,15241.8059672415,90
2,6,14420.3200174831,90
3,6,13732.3180181384,50
4,6,13291.7050256003,140
5,6,13052.0648660976,140
6,6,12859.2690408761,140
7,6,12692.9208970815,140
8,6,12280.1109339343,90
9,6,12814.1999864504,140
10,6,13616.3008608483,90
11,6,14184.4529775269,140
12,6,14680.9060088675,140
13,6,15173.2638769625,140
14,6,15617.5830931207,90
15,6,15916.3779611592,50
16,6,16079.9229466678,360
17,6,16202.4320092243,50
18,6,15976.3110207678,320
19,6,15599.7290574205,340
20,6,15674.8498963458,50
21,6,16717.7791568404,50
22,6,16517.127915699,50
23,6,15715.0559465699,50
24,6,15011.6828335468,90
1,7,14249.8640334811,50
2,7,13614.6329635456,50
3,7,13023.8099103468,360
4,7,12655.474965021,360
5,7,12280.876084459,50
6,7,12100.5431011617,0
7,7,11734.4699772531,0
8,7,10994.6659311992,90
9,7,11316.4910726049,320
10,7,12087.1590018984,320
11,7,12770.165905884,320
12,7,13450.4560520682,360
13,7,14227.5149951954,360
14,7,14886.0890599689,360
15,7,15233.8940518578,360
16,7,15653.8309320682,360
17,7,15736.5979347103,360
18,7,15665.2567905919,50
19,7,15268.314085322,340
20,7,15469.4068751219,360
21,7,16744.4271035464,340
22,7,17017.1819078596,320
23,7,16677.8032488888,0
24,7,16178.4142279131,360
1,1,15377.6320508695,0
2,1,14514.199971457,0
3,1,13915.9440066461,0
4,1,13442.0268181886,320
5,1,13244.3772105805,320
6,1,13295.8619003901,320
7,1,13788.425069157,0
8,1,13856.5319462717,0
9,1,14589.2091167094,320
10,1,15470.4551070267,270
11,1,16303.1819588514,270
12,1,17126.8188784039,320
13,1,17916.235047821,230
14,1,18664.644957047,230
15,1,19142.2889397051,230
16,1,19405.7660725284,180
17,1,19344.141186567,140
18,1,18778.4150833578,140
19,1,17849.6448039562,140
20,1,17745.8159244312,140
21,1,18705.8039469179,90
22,1,18307.9719200218,90
23,1,17366.7279193942,90
24,1,16364.9432300562,90
1,2,15421.4479478346,90
2,2,14453.5969693111,90
3,2,13818.2910870862,90
4,2,13450.2010773467,90
5,2,13251.1089488426,90
6,2,13214.1680130465,90
7,2,13581.8989507929,90
8,2,13632.5710824272,140
9,2,14452.9841619749,90
10,2,15300.4880238734,110
11,2,15956.8729653507,110
12,2,16616.6458203103,90
13,2,17282.557905307,90
14,2,17800.9669633526,70
15,2,18212.5399198923,50
16,2,18384.6029198226,20
17,2,18353.1969564501,360
18,2,17949.303067673,20
19,2,17123.3426958332,20
20,2,17238.0131627982,70
21,2,18263.4939071564,90
22,2,18027.1246857074,50
23,2,17243.8041100893,90
24,2,16433.8549776245,90
1,3,15556.6140872352,50
2,3,14682.2329822565,360
3,3,13980.3719734252,360
4,3,13647.4591142917,50
5,3,13433.264942945,140
6,3,13396.7280840911,360
7,3,13710.1430587983,360
8,3,13797.7590562636,360
9,3,14651.7379177958,360
10,3,15619.2421304677,360
11,3,16432.1310237795,340
12,3,17111.8750261068,360
13,3,17986.9090155233,360
14,3,18755.7880333699,320
15,3,19411.6478522029,360
16,3,19654.0068583861,360
17,3,19542.3870229768,50
18,3,18990.921024438,50
19,3,18102.233994375,50
20,3,18196.0150642646,360
21,3,19141.2227874501,50
22,3,18898.6219903501,50
23,3,18156.2981840651,50
24,3,17349.2249824861,360
1,4,16396.7831153963,320
2,4,15370.7460720334,360
3,4,14713.2660011183,320
4,4,14168.1008843835,320
5,4,13896.0340461778,360
6,4,13840.6220004745,320
7,4,14138.5969847785,320
8,4,14235.4411902325,320
9,4,15037.8270395827,290
10,4,15905.3719937261,340
11,4,16652.1098176502,270
12,4,17331.8461880498,290
13,4,18002.2869486101,320
14,4,18704.6657765815,320
15,4,19211.5977805685,270
16,4,19363.5279786168,230
17,4,19190.832917993,180
18,4,18615.3120013196,200
19,4,17753.7331909658,230
20,4,18220.4079768806,200
21,4,19093.0830491874,200
22,4,18927.693914419,0
23,4,18205.7438800726,200
24,4,17354.6862124363,200
1,5,16474.5419421718,180
2,5,15374.344115641,180
3,5,14602.5700778449,180
4,5,14138.2780841086,140
5,5,13880.3760085218,90
6,5,13828.5669186227,90
7,5,14227.0829208754,140
8,5,14343.8810041042,90
9,5,15140.1469415156,180
10,5,16074.0207535978,0
11,5,16775.5432843696,140
12,5,17473.9089190587,140
13,5,18148.4210246932,320
14,5,18645.3291047374,270
15,5,18997.0881892573,360
16,5,19031.8609623797,360
17,5,18787.6027766299,50
18,5,18179.6480070921,50
19,5,17275.7718541352,50
20,5,17471.19502836,50
21,5,18152.3758974625,50
22,5,17651.8930432973,50
23,5,16896.7288735509,90
24,5,16085.6540418589,50
1,6,15339.4578692401,90
2,6,14512.059981362,90
3,6,13904.3852376984,50
4,6,13406.1828991687,360
5,6,13119.827034208,50
6,6,12945.8600833798,50
7,6,12852.0219517895,360
8,6,12438.9819734478,320
9,6,12971.7050414346,360
10,6,13795.4440384619,50
11,6,14393.2268512715,360
12,6,14855.3930912241,50
13,6,15377.0650875736,50
14,6,15741.0959185427,320
15,6,15952.6560359243,360
16,6,16136.9541142075,360
17,6,16124.0871261973,320
18,6,15881.0479192175,360
19,6,15445.0540849862,20
20,6,15977.3318735249,50
21,6,16994.8711155634,50
22,6,16535.2159049967,50
23,6,15725.5098918704,50
24,6,15015.3720544474,50
1,7,14374.2889130255,50
2,7,13678.8250121195,50
3,7,13042.7038372708,50
4,7,12537.5610468695,360
5,7,12190.8479809305,360
6,7,11933.0999812959,360
7,7,11639.9779822947,360
8,7,11013.4371355583,320
9,7,11153.7969718054,360
10,7,11779.6669385061,320
11,7,12439.5810376292,360
12,7,13058.2898740955,320
13,7,13814.3899338692,340
14,7,14219.0479280092,270
15,7,14544.1509676464,360
16,7,14711.3531383872,50
17,7,14836.1490722725,320
18,7,14716.9530330333,50
19,7,14512.2608515788,90
20,7,15187.3180169752,50
21,7,16443.8487945171,90
22,7,16571.7629151363,50
23,7,16168.9708920522,50
24,7,15552.2679903824,50
1,1,14641.5430257712,50
2,1,13849.8558827108,360
3,1,13242.3599789273,360
4,1,12820.4849948351,360
5,1,12581.2661061967,360
6,1,12815.9810640356,360
7,1,13385.8700369624,360
8,1,13688.2838966986,360
9,1,14424.1690369165,320
10,1,15270.542110363,320
11,1,15873.4048373513,360
12,1,16380.1200085282,320
13,1,16983.880035365,320
14,1,17466.2891488113,360
15,1,17488.4229449723,340
16,1,17476.2350365855,320
17,1,17287.3911329173,360
18,1,16861.8830120619,360
19,1,16349.0119669149,320
20,1,17074.8330706945,320
21,1,17829.4699251456,230
22,1,17459.1822345424,0
23,1,16728.8406654913,140
24,1,15958.5029978594,0
1,2,15007.6200474668,230
2,2,14159.7131258333,0
3,2,13580.1479656333,360
4,2,13216.2718798528,320
5,2,13072.5430583963,320
6,2,13078.4290509271,320
7,2,13580.0049779387,360
8,2,13806.0099464394,360
9,2,14430.8179365266,20
10,2,15200.7880849522,340
11,2,15700.2308972613,360
12,2,16095.3159880973,340
13,2,16530.4220885802,340
14,2,16655.6258965433,320
15,2,16503.0762004964,320
16,2,16306.1910127084,20
17,2,16041.2420761548,20
18,2,15775.8009736408,360
19,2,15453.1280995402,360
20,2,16180.1241594348,290
21,2,16987.2950665047,270
22,2,16657.4210875509,270
23,2,15915.108050962,270
24,2,15006.0171486819,290
1,3,14035.7620261554,290
2,3,13168.2600544707,270
3,3,12576.1010633782,200
4,3,12200.4950189198,230
5,3,12107.9770082067,230
6,3,12266.1850128947,180
7,3,12844.9218599899,180
8,3,13121.781091175,140
9,3,13653.5339724198,140
10,3,14263.1859384831,160
11,3,14617.0610319953,140
12,3,14869.5869162986,160
13,3,15017.2530168267,140
14,3,14927.3018006645,160
15,3,14728.5699914208,160
16,3,14581.2639721762,160
17,3,14493.1050110776,160
18,3,14416.7459093789,140
19,3,14328.8499992643,140
20,3,15332.1340639982,140
21,3,16118.4380929889,140
22,3,15761.1479513971,140
23,3,14915.8700241444,140
24,3,13966.1369242984,90
1,4,13003.9560509035,140
2,4,12243.8361343881,140
3,4,11742.8850831809,140
4,4,11456.6619365318,90
5,4,11455.8580810502,180
6,4,11617.7078670822,140
7,4,12218.6850835904,140
8,4,12582.3539649677,180
9,4,13199.9550372502,180
10,4,13901.3328765556,140
11,4,14326.2930553332,90
12,4,14645.3712028759,230
13,4,14803.846923057,140
14,4,14720.3660690188,140
15,4,14586.5857882472,140
16,4,14428.1570871421,140
17,4,14386.0589923244,50
18,4,14314.2170388531,360
19,4,14236.5489062332,90
20,4,15333.6679319264,20
21,4,16160.5539825149,90
22,4,15896.932162472,0
23,4,15044.6000147043,0
24,4,14078.7900857218,0
1,5,13037.7579303086,90
2,5,12212.8319264539,140
3,5,11690.0450158715,140
4,5,11462.4610451944,140
5,5,11472.8149699764,0
6,5,11651.8908883594,0
7,5,12246.6568811508,0
8,5,12553.5010460345,0
9,5,13335.880026347,360
10,5,13981.5670851618,360
11,5,14364.5159108588,360
12,5,14765.4538905593,360
13,5,14946.3820285108,360
14,5,14979.5580858598,340
15,5,14878.7718641274,320
16,5,14746.0109097743,320
17,5,14696.8099831827,360
18,5,14532.2700174451,50
19,5,14589.7029044433,360
20,5,15598.790991866,50
21,5,16371.5080203852,50
22,5,15922.4680343689,90
23,5,15164.4360609995,50
24,5,14358.4479658678,20
1,6,13498.0150998142,50
2,6,12756.9271238651,50
3,6,12183.60509237,360
4,6,11813.7749331137,50
5,6,11601.4989804802,50
6,6,11620.7430475904,90
7,6,11763.3760342587,50
8,6,11726.5970657766,90
9,6,11973.1070737392,140
10,6,12738.8699758966,20
11,6,13285.2391052302,0
12,6,13616.0780754248,230
13,6,13840.868097416,160
14,6,13877.5012200149,140
15,6,13694.5719847111,110
16,6,13411.0099626235,110
17,6,13289.6109465542,140
18,6,13270.5718950774,180
19,6,13321.2860070153,200
20,6,14262.9989527999,180
21,6,15046.7281630877,180
22,6,14780.347012382,140
23,6,14037.3659086507,140
24,6,13270.1231905846,140
1,7,12454.0090564769,140
2,7,11835.4349691998,180
3,7,11213.9520154633,0
4,7,10791.7079219781,0
5,7,10558.611912204,140
6,7,10407.2059560251,140
7,7,10296.4789032245,140
8,7,9733.45611448167,140
9,7,9867.2400217508,140
10,7,10501.2200116836,140
11,7,11159.3790566833,140
12,7,11604.7939321105,140
13,7,12005.9801157317,140
14,7,12069.3467889912,140
15,7,11754.5409560879,140
16,7,11677.8440133329,140
17,7,11619.6640149304,90
18,7,11714.5510056173,90
19,7,11944.9500462757,50
20,7,13263.7350567342,50
21,7,14258.8130029755,50
22,7,14181.7258961462,90
23,7,13679.7719943095,90
24,7,12981.9830587003,90
1,1,12079.4409727044,90
2,1,11332.0100309905,90
3,1,10902.0819994039,0
4,1,10708.2490124796,0
5,1,10693.2449736781,90
6,1,11053.8259251807,90
7,1,11867.6449699784,90
8,1,12328.1851175583,90
9,1,12989.3888128605,90
10,1,13760.3449408915,90
11,1,14243.7000727132,50
12,1,14620.9049137253,50
13,1,14801.5670242719,50
14,1,14810.3050195519,360
15,1,14561.1540918928,320
16,1,14441.4590550642,50
17,1,14381.0540086981,0
18,1,14293.0981828179,140
19,1,14341.0110772131,90
20,1,15469.5890370859,90
21,1,16281.6540893903,90
22,1,15937.5988715282,360
23,1,15144.3270748733,50
24,1,14168.7680642186,50
1,2,13121.9120232319,360
2,2,12320.8389458944,50
3,2,11884.1800842984,0
4,2,11685.462963921,0
5,2,11640.7479896536,0
6,2,11807.3809979195,180
7,2,12472.1459489213,180
8,2,12856.1440434186,0
9,2,13496.5310945157,0
10,2,14169.5459277397,140
11,2,14686.8708830941,140
12,2,15178.045761561,160
13,2,15463.0608997047,290
14,2,15506.5670030899,340
15,2,15498.5720946966,360
16,2,15430.6080341246,360
17,2,15379.8739315718,360
18,2,15248.8029553974,340
19,2,14936.2550071934,340
20,2,15904.6191824814,360
21,2,16516.1090395981,20
22,2,16177.8551641246,50
23,2,15273.5288988724,50
24,2,14428.7751105167,20
1,3,13594.5269583315,20
2,3,12812.6201105518,360
3,3,12184.5709308116,50
4,3,11824.7920001457,20
5,3,11646.6210336024,360
6,3,11560.6948931217,360
7,3,11638.1429123832,360
8,3,11298.7070433199,360
9,3,11693.4999988442,320
10,3,12560.2209221786,360
11,3,13213.283998658,320
12,3,13700.6050675092,320
13,3,14300.0898877531,320
14,3,14620.28804518,360
15,3,14612.4999593617,360
16,3,14477.8128961221,320
17,3,14419.957924393,320
18,3,14314.176869994,320
19,3,14361.2970254123,320
20,3,15572.9481145609,360
21,3,16380.9400332915,50
22,3,16281.855027006,320
23,3,15669.8452464397,90
24,3,14827.0250784531,360
1,4,13893.2289709747,360
2,4,13040.1630079439,360
3,4,12538.2770105442,90
4,4,12268.9630011464,90
5,4,12194.5021349359,90
6,4,12374.7379134959,360
7,4,13026.4420418097,90
8,4,13575.8659136575,90
9,4,14222.3529519793,360
10,4,14929.5241341367,360
11,4,15420.9090128187,360
12,4,15928.0889412761,360
13,4,16273.7839453258,360
14,4,16450.2377095055,360
15,4,16350.7858904675,360
16,4,16193.2727488158,320
17,4,16073.6459812205,340
18,4,15995.2651094496,320
19,4,15666.2520855414,340
20,4,16578.4130441397,20
21,4,17194.5851045819,90
22,4,16827.6299618045,90
23,4,16070.5321247028,0
24,4,15129.0200003255,0
1,5,14187.0709517989,0
2,5,13362.8739714705,0
3,5,12803.4280187767,0
4,5,12477.7321099844,0
5,5,12522.6540856827,0
6,5,12513.3459460605,0
7,5,13267.9340389221,0
8,5,13637.782862925,90
9,5,14101.0851358045,90
10,5,14773.2161239414,90
11,5,15217.7999581303,90
12,5,15489.4168792367,50
13,5,15598.3680258561,50
14,5,15577.2138107326,360
15,5,15453.403848281,360
16,5,15216.868746236,360
17,5,15113.7137676738,320
18,5,14932.702996878,270
19,5,14877.5899348538,270
20,5,15937.915051667,320
21,5,16390.2128815939,180
22,5,15924.3469535103,180
23,5,15121.9471062431,140
24,5,14288.5669159442,140
1,6,13478.7650979208,90
2,6,12613.0099065183,140
3,6,12189.5930000066,180
4,6,11872.6959428665,180
5,6,11673.4880159572,180
6,6,11611.361944173,180
7,6,11720.669926499,90
8,6,11588.0700556757,0
9,6,12007.9810102563,180
10,6,12699.2551251184,200
11,6,13131.3990009949,230
12,6,13513.607940021,230
13,6,13625.5609670645,250
14,6,13528.4601640147,230
15,6,13229.0510207582,230
16,6,12960.4080077587,270
17,6,12995.1459575975,270
18,6,13086.4280918119,230
19,6,13273.8039349522,250
20,6,14364.4100102559,230
21,6,14920.928921374,230
22,6,14587.5610959199,270
23,6,13836.6117989281,270
24,6,13091.5049610371,270
1,7,12384.2709388612,270
2,7,11636.7609986337,270
3,7,11126.0779704237,270
4,7,10731.6890029744,140
5,7,10483.2859878265,0
6,7,10431.2870383941,140
7,7,10376.1169810565,0
8,7,9822.10196158662,0
9,7,9851.49893260002,180
10,7,10531.9600252109,320
11,7,11242.6680167457,270
12,7,11741.3670005742,70
13,7,12119.8108136058,360
14,7,12124.6901091151,90
15,7,11906.0509058479,0
16,7,11777.9060207615,320
17,7,11768.4940448347,360
18,7,11928.6450332683,180
19,7,12204.564983543,0
20,7,13469.6828709245,0
21,7,14300.5160512207,0
22,7,14259.2120262804,0
23,7,13712.4451072309,0
24,7,13038.3588881334,140
1,1,12161.1089418447,140
2,1,11339.8159817178,140
3,1,10914.1509963041,140
4,1,10700.1560581429,140
5,1,10718.7480858658,180
6,1,11028.0160052897,90
7,1,11895.6439171834,140
8,1,12481.0099368664,140
9,1,13141.6190692307,180
10,1,13902.8280829126,140
11,1,14320.6329227014,140
12,1,14649.8160841912,180
13,1,14786.7301305812,180
14,1,14802.4828727692,140
15,1,14652.6360931057,180
16,1,14607.2328279149,180
17,1,14555.5669815149,140
18,1,14458.6099085005,140
19,1,14442.7571469657,140
20,1,15499.7691834476,140
21,1,16159.9719905462,160
22,1,15746.4231285295,140
23,1,14890.6830794783,140
24,1,13964.3280095626,140
1,2,13000.4079446967,140
2,2,12086.6449782196,90
3,2,11574.9770220851,160
4,2,11303.1300157998,140
5,2,11367.0469481023,110
6,2,11542.4480535425,0
7,2,12261.6880270503,140
8,2,12635.639070319,0
9,2,13231.8268664014,140
10,2,13888.4582527205,140
11,2,14354.1379561145,140
12,2,14709.6039908994,90
13,2,14864.1021807343,90
14,2,14852.804067295,90
15,2,14715.9508977253,50
16,2,14682.0681166891,360
17,2,14648.7831102934,90
18,2,14549.9601335181,360
19,2,14512.9849819252,360
20,2,15671.1840474857,50
21,2,16204.1598143773,90
22,2,15778.0548841385,90
23,2,14946.2989956262,50
24,2,14135.7081100838,50
1,3,13106.3490269026,90
2,3,12241.1920328354,50
3,3,11760.8188998709,50
4,3,11498.3588838177,360
5,3,11493.318080754,90
6,3,11659.9760635933,0
7,3,12382.8650746802,180
8,3,12730.6719159605,0
9,3,13295.1849157494,0
10,3,13997.5830083564,50
11,3,14399.8161184173,320
12,3,14836.0269289295,50
13,3,15038.0477980506,360
14,3,14975.1620678846,360
15,3,14883.9597381428,360
16,3,14791.0029674731,50
17,3,14751.5950752664,360
18,3,14665.7578591295,70
19,3,14601.4530109465,360
20,3,15777.1109920153,50
21,3,16204.599996333,90
22,3,15819.2079786221,90
23,3,15017.8538436973,90
24,3,14162.1150090443,90
1,4,13186.9790310645,50
2,4,12403.5480323518,90
3,4,11794.1999143241,90
4,4,11524.2259842893,50
5,4,11437.8310955679,360
6,4,11579.827018897,90
7,4,12027.0031423224,360
8,4,12161.3759944132,50
9,4,12672.6609637421,50
10,4,13226.0409914423,50
11,4,13629.5318629369,360
12,4,13991.4750323202,360
13,4,14353.4689658962,360
14,4,14477.4629762257,360
15,4,14286.0899032159,360
16,4,14080.5130473003,50
17,4,13936.0600909144,360
18,4,13986.4270926546,50
19,4,14100.7770015216,50
20,4,15465.5690598888,50
21,4,15798.3699575262,50
22,4,15340.198108322,50
23,4,14569.8188009625,50
24,4,13796.0690918071,50
1,5,12893.3938516593,50
2,5,12089.3440108793,50
3,5,11447.8669475773,50
4,5,11079.1739854598,50
5,5,10841.2541028159,50
6,5,10687.8539018361,360
7,5,10638.7070862642,360
8,5,10273.4469720824,50
9,5,10412.0819886588,360
10,5,11082.8569625299,20
11,5,11669.6140428418,360
12,5,12175.9419290191,340
13,5,12465.5952159156,340
14,5,12524.8041138947,50
15,5,12310.242978856,340
16,5,12132.665928029,320
17,5,12324.6208920204,20
18,5,12366.3570423094,50
19,5,12625.305867801,50
20,5,13969.5778944232,20
21,5,14571.0359660238,90
22,5,14269.4432196748,90
23,5,13703.8940787725,50
24,5,13024.8169983737,50
1,6,12236.8720585182,50
2,6,11570.6890306259,50
3,6,11043.3850998203,50
4,6,10635.1839012969,50
5,6,10513.8420181256,360
6,6,10582.7511368205,360
7,6,10836.4779223874,360
8,6,10588.1899561286,360
9,6,11021.1239730134,360
10,6,11751.9860429796,360
11,6,12337.4980012099,340
12,6,12804.7029325883,360
13,6,13118.2299464378,320
14,6,13247.0030190083,360
15,6,13149.7158436389,340
16,6,13105.5499886456,360
17,6,13164.3419654551,360
18,6,13191.364011588,50
19,6,13431.6799928905,50
20,6,14766.6117819492,50
21,6,15094.8059241567,50
22,6,14642.6450285744,50
23,6,14023.074009195,50
24,6,13300.6980968211,50
1,7,12685.8079272956,50
2,7,11911.0018893814,50
3,7,11352.3099483997,320
4,7,10888.744943874,50
5,7,10632.8579686619,360
6,7,10464.0700522047,360
7,7,10449.9809616171,360
8,7,9971.42909738701,360
9,7,10048.2089928095,50
10,7,10715.9639984057,50
11,7,11410.0459538088,50
12,7,11914.1069382415,50
13,7,12284.6959659164,360
14,7,12351.041957675,360
15,7,12193.2828671499,90
16,7,12321.6170973224,50
17,7,12371.9919794803,50
18,7,12428.290912665,50
19,7,12732.5021715234,360
20,7,14202.8170247655,90
21,7,14771.8351008892,50
22,7,14724.3289036583,50
23,7,14231.8429391645,50
24,7,13653.5729191434,50
1,1,12859.816953484,50
2,1,12037.0020344835,90
3,1,11566.0379582923,50
4,1,11337.594962962,360
5,1,11326.3508934788,360
6,1,11603.2059872886,360
7,1,12532.917942279,360
8,1,12978.9808827424,360
9,1,13584.8849544637,360
10,1,14405.0630681301,90
11,1,14991.4460380422,360
12,1,15408.1682033259,50
13,1,15754.6980132423,360
14,1,15926.2950281948,50
15,1,15954.2550929785,360
16,1,15950.8949818127,50
17,1,15875.2710735407,340
18,1,15623.5579588991,50
19,1,15603.8329281854,90
20,1,16926.9911035942,50
21,1,17236.6841433952,50
22,1,16659.9850551309,50
23,1,15777.2008381272,70
24,1,14825.3410706716,20
1,2,13837.6458367733,50
2,2,13030.2709140228,50
3,2,12423.9539793199,0
4,2,12229.43398483,50
5,2,12119.5411227643,50
6,2,12207.4670053339,20
7,2,12984.8970620884,20
8,2,13429.1659117891,20
9,2,13997.8599510435,50
10,2,14823.719921466,50
11,2,15472.0581121789,360
12,2,16020.0979584102,360
13,2,16386.7328936392,360
14,2,16546.7631265279,360
15,2,16623.9579909956,360
16,2,16653.1857277369,360
17,2,16594.2650820967,360
18,2,16365.9779985473,50
19,2,16099.3210694082,50
20,2,17316.4858217845,50
21,2,17594.0331369441,90
22,2,17060.1509621246,90
23,2,16217.6200126992,90
24,2,15219.6369141033,90
1,3,14249.5938681141,360
2,3,13470.2550494345,360
3,3,12890.6439786442,360
4,3,12611.3018953158,360
5,3,12515.4290227704,360
6,3,12548.9719901754,360
7,3,13245.6150071202,270
8,3,13656.4761407289,360
9,3,14308.8290202655,320
10,3,15133.1942150523,360
11,3,15785.3329020105,340
12,3,16362.158065483,340
13,3,16826.4289541757,340
14,3,17144.3909845548,320
15,3,17321.9080396146,340
16,3,17361.3730403204,270
17,3,17226.141066975,290
18,3,16946.0062733572,360
19,3,16809.8310775505,20
20,3,18091.7318251082,70
21,3,18405.2509447453,50
22,3,17859.9221601083,360
23,3,16949.2509207102,50
24,3,15967.0139040544,360
1,4,14895.6340996106,360
2,4,14020.4988572155,50
3,4,13450.3149137204,50
4,4,13076.6309926156,320
5,4,12961.0189847043,360
6,4,13048.9020542027,320
7,4,13672.9719851008,360
8,4,14035.2069347808,320
9,4,14463.9429815351,360
10,4,15188.2200485431,320
11,4,15704.6667615548,360
12,4,16143.2180107515,320
13,4,16474.7539652027,320
14,4,16693.2780853361,320
15,4,16751.3798816958,360
16,4,16659.4519364759,360
17,4,16590.0261086579,360
18,4,16438.2779951124,50
19,4,16532.4749241741,140
20,4,17308.0870599998,140
21,4,17471.1859839773,140
22,4,17013.2242503781,140
23,4,16098.9139975021,90
24,4,15167.975027171,270
1,5,14263.6391075915,360
2,5,13495.848980505,320
3,5,13008.8810938327,360
4,5,12696.9720273251,320
5,5,12619.3289898932,0
6,5,12693.829974561,270
7,5,13332.7050491003,0
8,5,13948.3039806848,0
9,5,14323.8379231477,360
10,5,15018.7440098096,50
11,5,15453.6679013148,320
12,5,15790.3121992424,0
13,5,16022.8358140495,320
14,5,16134.6910560485,0
15,5,16058.5479297284,320
16,5,15896.3919430673,0
17,5,15738.6519431975,0
18,5,15556.2468559127,270
19,5,15703.0199098567,90
20,5,16775.2329839515,110
21,5,16953.2347773211,0
22,5,16483.9348348761,90
23,5,15768.701835108,90
24,5,14941.9199784957,140
1,6,14150.784982004,90
2,6,13346.1599537814,90
3,6,12746.4369714714,90
4,6,12400.5870138581,90
5,6,12191.0700240992,90
6,6,12082.4159285082,90
7,6,12176.483983756,90
8,6,12184.9819867471,50
9,6,12284.7549795695,70
10,6,13016.6710911822,50
11,6,13552.8861130662,70
12,6,13856.3949730173,50
13,6,14022.4509490933,50
14,6,14107.6828186212,20
15,6,14015.8201087052,20
16,6,13795.0269543966,70
17,6,13747.4698445434,70
18,6,13725.2400858437,20
19,6,14298.8390384056,50
20,6,15423.736025909,20
21,6,15648.5719147632,50
22,6,15215.9709104961,0
23,6,14522.7539664032,0
24,6,13854.9081144137,50
1,7,13070.9469198296,320
2,7,12321.0830263169,320
3,7,11723.1869975207,270
4,7,11260.9330039071,270
5,7,10924.6869568069,270
6,7,10668.229086994,270
7,7,10525.8309792867,230
8,7,10115.8571317754,180
9,7,9938.79194298573,180
10,7,10517.9979737997,140
11,7,11122.3210857138,140
12,7,11624.0601219619,140
13,7,11929.3358574713,180
14,7,11918.2598615,140
15,7,11631.4040011088,180
16,7,11409.4699366819,160
17,7,11366.7590452861,140
18,7,11417.1000409815,140
19,7,12068.0009846082,180
20,7,13532.4281259419,230
21,7,14073.7199427122,180
22,7,14000.0121546816,0
23,7,13495.6408720715,0
24,7,12774.2280683378,0
1,1,11851.2339385282,0
2,1,11048.5759613002,0
3,1,10577.4760398986,0
4,1,10402.5269266595,270
5,1,10477.4419057434,0
6,1,10764.1329821097,230
7,1,11734.5620148024,230
8,1,12320.3219614727,0
9,1,13022.8828012701,0
10,1,13761.3820059216,230
11,1,14250.207234038,200
12,1,14540.401938891,180
13,1,14638.1680244468,230
14,1,14506.8959725611,340
15,1,14276.8839020152,270
16,1,14029.5529189613,320
17,1,14003.9979493637,270
18,1,13965.6719055688,270
19,1,14323.9402335575,270
20,1,15705.8188009262,290
21,1,16004.7059993474,290
22,1,15588.1599554075,290
23,1,14719.9350715177,290
24,1,13762.8450153125,290
1,2,12709.9690250483,270
2,2,11901.0289344322,270
3,2,11373.3550153477,270
4,2,11164.022033833,270
5,2,11179.9810580472,270
6,2,11371.6619670847,270
7,2,12160.7611252861,0
8,2,12707.8190441402,0
9,2,13217.0039065238,270
10,2,13889.0218586233,270
11,2,14270.5561062507,270
12,2,14551.9209053982,230
13,2,14665.0460389964,360
14,2,14577.2341078287,230
15,2,14451.8558127042,270
16,2,14302.7700188775,320
17,2,14300.0629647393,360
18,2,14226.7319799839,320
19,2,14508.9690594366,360
20,2,15940.6889452292,320
21,2,16185.8709814949,0
22,2,15763.7002143627,360
23,2,14901.2570632352,50
24,2,13981.9020660939,360
1,3,12911.4198960224,0
2,3,12112.9709449494,360
3,3,11623.1159789236,0
4,3,11402.5369843226,0
5,3,11327.2948982073,0
6,3,11562.9399728859,320
7,3,12303.8178922264,0
8,3,12831.8548650062,0
9,3,13341.5511285439,0
10,3,13996.40298214,340
11,3,14386.5270756893,320
12,3,14707.8858320825,360
13,3,14899.0957490318,360
14,3,14858.0172337797,20
15,3,14686.886021208,20
16,3,14632.7569023333,340
17,3,14556.6699482277,50
18,3,14547.0539640822,360
19,3,14806.3519704351,360
20,3,16148.9869124861,50
21,3,16389.4828676032,50
22,3,15900.7140236087,50
23,3,15118.4910523696,50
24,3,14129.6661539859,50
1,4,13270.042932095,360
2,4,12439.2270722073,50
3,4,11890.7720945179,360
4,4,11605.40592831,0
5,4,11598.5609779469,0
6,4,11756.5579037927,0
7,4,12520.6609558649,0
8,4,13021.8510270016,0
9,4,13477.6940393446,0
10,4,14170.1510958745,320
11,4,14656.9320867434,180
12,4,15098.4490919076,50
13,4,15366.7868140992,360
14,4,15408.8940004893,50
15,4,15311.2749480177,360
16,4,15324.5748121496,360
17,4,15269.0739490725,360
18,4,15082.1618772401,50
19,4,15214.3150905725,50
20,4,16523.1310883616,360
21,4,16649.1589841805,0
22,4,16149.3631433686,0
23,4,15204.7381584765,0
24,4,14263.2711270759,0
1,5,13333.9589616964,0
2,5,12429.8289514184,0
3,5,11972.0681126285,0
4,5,11726.772034415,0
5,5,11698.6879889574,0
6,5,11811.3670509504,0
7,5,12550.42999468,0
8,5,13057.4231143361,0
9,5,13496.1458881125,0
10,5,14263.0909506511,0
11,5,14746.9132490549,0
12,5,15161.9439267293,50
13,5,15359.5541113466,360
14,5,15413.9981917217,50
15,5,15330.5869840235,360
16,5,15211.0949785048,360
17,5,15184.2900818363,360
18,5,15022.4239357598,360
19,5,15168.4937663777,360
20,5,16390.6390311709,50
21,5,16544.4921340588,50
22,5,15907.7278886372,0
23,5,15054.2439553989,0
24,5,14224.4999183957,0
1,6,13404.2999856025,0
2,6,12595.5360234436,90
3,6,12035.5570121312,0
4,6,11738.1039281841,0
5,6,11566.2430651067,0
6,6,11524.9769043122,0
7,6,11678.3329672432,90
8,6,11591.2090569213,360
9,6,11906.2781501682,0
10,6,12712.2750858385,360
11,6,13293.2989376653,360
12,6,13592.9920689892,360
13,6,13843.6589677118,50
14,6,13792.6800401239,50
15,6,13634.0249403836,90
16,6,13506.9109531401,50
17,6,13501.212953045,50
18,6,13531.0320872089,0
19,6,13993.5368803944,50
20,6,15286.0879324917,50
21,6,15423.8430526983,50
22,6,14909.9440414307,50
23,6,14102.2139992462,360
24,6,13355.6151660979,360
1,7,12619.2659249286,50
2,7,11920.051045482,50
3,7,11396.4019673765,360
4,7,10993.3349976847,360
5,7,10754.3069467181,360
6,7,10622.500895476,360
7,7,10611.9099321328,360
8,7,10185.9279793017,360
9,7,10115.2400514947,360
10,7,10766.1849848968,360
11,7,11415.4459458743,360
12,7,11907.5599571397,360
13,7,12293.8330913908,320
14,7,12373.6340457001,340
15,7,12261.4509253907,360
16,7,12179.2590399426,360
17,7,12166.548041529,360
18,7,12208.9729145688,360
19,7,12869.9367897955,360
20,7,14297.2969703218,0
21,7,14684.6869693175,50
22,7,14465.9310555668,50
23,7,13862.4490881935,360
24,7,13105.1871280363,360
1,1,12342.5609837389,360
2,1,11612.3349766955,340
3,1,11174.3798820162,360
4,1,10981.2899825699,320
5,1,10928.4299665168,320
6,1,11260.7819461906,320
7,1,12101.5949531468,360
8,1,12630.1750267493,360
9,1,13193.048975626,360
10,1,13944.7350024413,360
11,1,14489.0931819566,360
12,1,14896.2250592671,360
13,1,15178.6909071058,340
14,1,15315.7449690714,360
15,1,15276.6339717563,360
16,1,15231.6590992194,340
17,1,15198.5119129829,360
18,1,15001.9590211166,50
19,1,15218.8162007169,50
20,1,16388.235934753,50
21,1,16552.4072290426,360
22,1,16036.476790674,360
23,1,15224.8129097428,360
24,1,14143.1850438733,50
1,2,13253.938964942,360
2,2,12451.5140861468,360
3,2,11948.0519898003,50
4,2,11766.553946374,360
5,2,11682.9129277198,360
6,2,11872.110005321,360
7,2,12563.8931045271,50
8,2,13111.8271816112,360
9,2,13576.6690997034,360
10,2,14241.8811807986,360
11,2,14645.0051389579,360
12,2,15033.1240179464,360
13,2,15369.7079533357,360
14,2,15447.8707250301,360
15,2,15451.6110268086,360
16,2,15411.193744842,50
17,2,15331.9749241862,50
18,2,15143.9759246958,20
19,2,15450.5902529797,50
20,2,16719.3921633167,360
21,2,16759.0359880729,50
22,2,16116.2280829297,50
23,2,15239.9699908001,50
24,2,14348.8280302221,50
1,3,13410.0008759657,50
2,3,12623.8109649587,50
3,3,12170.2169641769,50
4,3,11948.7460686192,360
5,3,11918.2620638739,360
6,3,11992.6779836789,360
7,3,12678.741939333,50
8,3,13173.4510557549,50
9,3,13711.162096614,50
10,3,14295.1590105256,360
11,3,14746.3149538059,360
12,3,15106.6790064648,360
13,3,15368.4701445196,360
14,3,15416.5860635713,360
15,3,15373.6088589765,360
16,3,15322.883871451,360
17,3,15238.4930760579,360
18,3,15136.6419566907,360
19,3,15617.1428269567,360
20,3,16529.4328193823,360
21,3,16550.9608974373,360
22,3,16055.386004393,360
23,3,15194.300109877,50
24,3,14266.8650666121,90
1,4,13261.287873202,360
2,4,12524.1970132561,360
3,4,12015.5839143498,360
4,4,11780.0479829153,360
5,4,11717.4730380196,360
6,4,11888.9309728332,360
7,4,12523.0408776524,360
8,4,13084.1661051409,360
9,4,13531.5801405422,360
10,4,14157.0619930681,360
11,4,14448.7649112204,360
12,4,14810.0838227496,360
13,4,14910.3122570785,360
14,4,14815.82090801,360
15,4,14665.7800267041,360
16,4,14599.8431765214,360
17,4,14542.2269817218,320
18,4,14485.5038836654,320
19,4,15135.8110626293,360
20,4,16245.8620839999,50
21,4,16334.5201318646,0
22,4,15844.6051931502,50
23,4,14947.8869358143,360
24,4,14055.8669852929,50
1,5,12982.2599255936,360
2,5,12201.9290422117,360
3,5,11784.9110259358,360
4,5,11557.3709933963,360
5,5,11578.2329805987,320
6,5,11753.7419555429,320
7,5,12468.4321080884,360
8,5,13033.1170069966,360
9,5,13551.2139451094,360
10,5,14259.2560817054,360
11,5,14679.2610505354,320
12,5,14916.1519452222,360
13,5,15209.9610540979,360
14,5,15124.7119671181,360
15,5,15014.7177770585,360
16,5,14856.5458935928,320
17,5,14824.3611124568,50
18,5,14697.607135674,340
19,5,15300.3388788523,90
20,5,16094.9441213021,50
21,5,16005.3919285256,180
22,5,15502.0670564276,180
23,5,14608.9339610785,140
24,5,13841.3061195975,90
1,6,13060.2889343239,140
2,6,12276.0180289727,180
3,6,11803.6559640048,180
4,6,11541.3730034903,180
5,6,11354.516067652,180
6,6,11286.1209438397,180
7,6,11520.3999539762,180
8,6,11614.7209811229,180
9,6,11702.054998735,230
10,6,12437.1170426654,180
11,6,12933.2029642118,230
12,6,13170.3271196578,230
13,6,13236.1409525704,140
14,6,13073.1610237882,140
15,6,12712.888061082,180
16,6,12473.806004555,180
17,6,12459.7931639934,140
18,6,12689.8710220996,180
19,6,13436.0299443221,180
20,6,14623.6820173784,180
21,6,14832.3631204041,90
22,6,14457.4579000371,140
23,6,13691.4510692535,180
24,6,12897.7358749071,180
1,7,12045.6659615524,140
2,7,11330.7879808377,140
3,7,10727.6179145155,180
4,7,10419.8048767103,180
5,7,10150.0330341533,180
6,7,10054.5188572211,230
7,7,10111.8459289903,180
8,7,9782.39395389322,180
9,7,9770.95503045805,140
10,7,10487.261960702,140
11,7,11138.7239911743,140
12,7,11562.9810029194,180
13,7,11826.9319779387,160
14,7,11749.6390145337,140
15,7,11422.2909983043,140
16,7,11230.5620438866,140
17,7,11241.0900056707,180
18,7,11380.7960709967,140
19,7,12411.1449749051,180
20,7,13870.3129965002,180
21,7,14292.5280824238,180
22,7,14103.6492511675,180
23,7,13438.4269090733,180
24,7,12605.441040392,140
1,1,11753.9050059924,0
2,1,10940.3290381688,0
3,1,10535.080999474,0
4,1,10386.8580365926,0
5,1,10461.7539376766,0
6,1,10738.9200375546,0
7,1,11716.3349644514,0
8,1,12565.9229960195,140
9,1,13120.2040572809,160
10,1,13835.2571928408,140
11,1,14246.081888603,140
12,1,14434.4221627748,140
13,1,14523.2620307878,180
14,1,14353.069069827,90
15,1,14035.6878600381,90
16,1,13843.9480793187,230
17,1,13785.8648692062,90
18,1,13779.0409100316,140
19,1,14575.3489741189,360
20,1,15908.0779028218,360
21,1,16117.4467619425,0
22,1,15759.1681399094,0
23,1,14853.3069828181,0
24,1,13832.9511044071,0
1,2,12781.1411442291,0
2,2,11972.2349589067,0
3,2,11487.9239188614,0
4,2,11279.9770079702,0
5,2,11286.1960187992,0
6,2,11566.9440152878,0
7,2,12291.7960833805,270
8,2,13056.3760786643,230
9,2,13629.3571349029,270
10,2,14264.8670003256,0
11,2,14534.4429889061,270
12,2,14635.4081702586,270
13,2,14681.187162349,270
14,2,14558.0240245759,270
15,2,14299.7380362954,320
16,2,14108.3939129952,320
17,2,14085.1479385011,320
18,2,14063.9059726503,320
19,2,14823.4860186903,320
20,2,16131.9261274263,0
21,2,16382.9498115983,360
22,2,15969.9889820199,360
23,2,14942.4050321402,320
24,2,14031.416145768,320
1,3,12993.2691112813,0
2,3,11997.1429362632,320
3,3,11588.1789782885,270
4,3,11455.8400662874,320
5,3,11430.4800257869,320
6,3,11580.9429566246,270
7,3,12357.8149184827,270
8,3,13108.0299625803,270
9,3,13560.3860673234,320
10,3,14243.4560984317,270
11,3,14465.0419919603,270
12,3,14655.4678281527,270
13,3,14604.219895754,270
14,3,14461.7019939553,180
15,3,14135.366927417,320
16,3,13993.5280152941,270
17,3,13953.7158848066,270
18,3,13946.9398898222,320
19,3,14834.7468881896,270
20,3,16101.8360359836,320
21,3,16301.4291110486,270
22,3,15766.3680694848,320
23,3,14833.4990553875,290
24,3,13922.363922473,290
1,4,12796.4189238194,270
2,4,12029.8089629058,290
3,4,11517.5209919866,270
4,4,11337.5740856919,270
5,4,11325.4100430459,270
6,4,11529.6900078766,270
7,4,12379.3419945925,270
8,4,13110.9738924708,270
9,4,13601.4070384987,270
10,4,14129.6339245271,270
11,4,14349.1080605211,320
12,4,14431.7719573751,0
13,4,14606.9838347137,270
14,4,14557.3130812589,270
15,4,14271.0089959148,270
16,4,14094.5819695275,320
17,4,14078.5941457839,320
18,4,14117.0430366341,270
19,4,14834.5483091697,320
20,4,16061.8221269827,320
21,4,16275.3109163772,320
22,4,15775.4450450689,320
23,4,14963.2770293728,320
24,4,13902.6789822669,320
1,5,12910.7029108885,320
2,5,12090.1570105366,320
3,5,11560.0290084088,320
4,5,11401.1370228119,320
5,5,11364.8480303492,320
6,5,11561.9218948353,320
7,5,12387.1831078269,320
8,5,13126.9909921996,320
9,5,13620.1611766927,320
10,5,14185.3989408258,320
11,5,14507.0200719275,320
12,5,14655.1070493553,320
13,5,14657.9790883957,320
14,5,14445.5142550711,320
15,5,14247.106961076,320
16,5,14032.6039865366,360
17,5,13991.0269363429,340
18,5,13897.1629896015,360
19,5,14632.4091201723,360
20,5,15764.9959639655,360
21,5,15901.4169776179,360
22,5,15386.3449158939,360
23,5,14506.6920185442,360
24,5,13606.0729573378,360
1,6,12593.8051098073,360
2,6,11762.6870458098,360
3,6,11110.6929680584,360
4,6,10626.582972276,360
5,6,10356.5510080168,360
6,6,10135.4760002056,360
7,6,9997.06598262023,360
8,6,9795.2950782245,320
9,6,9839.39807523089,360
10,6,10483.9989588558,320
11,6,11042.362015029,320
12,6,11326.3900830313,320
13,6,11443.1150048133,50
14,6,11284.8169050757,360
15,6,11018.9289658596,360
16,6,10849.8920453356,320
17,6,10864.4530740459,360
18,6,11062.5739372361,360
19,6,12255.6028785813,320
20,6,13496.5859947708,360
21,6,13658.1930418657,0
22,6,13338.8620678019,50
23,6,12716.6320399893,0
24,6,12006.1238669073,0
1,7,11246.0819608811,360
2,7,10570.3530274956,360
3,7,10056.9030183861,360
4,7,9756.03307075519,360
5,7,9612.56196944322,360
6,7,9610.14604775701,360
7,7,9733.91813063342,320
8,7,9605.87696648645,0
9,7,9530.4000596361,360
10,7,10265.5350293056,360
11,7,10922.8940413012,320
12,7,11364.777038489,360
13,7,11699.5719827493,320
14,7,11769.754933015,360
15,7,11619.6031478462,320
16,7,11517.9770578519,360
17,7,11504.575954346,360
18,7,11692.3270134893,360
19,7,12876.2059837789,360
20,7,14153.7399764881,360
21,7,14385.9219111195,360
22,7,14109.2351548159,50
23,7,13434.1549533345,360
24,7,12655.8299807487,360
1,1,11788.8289793106,320
2,1,11145.8800864359,320
3,1,10726.0380635415,320
4,1,10510.290991663,320
5,1,10565.8059979221,320
6,1,10897.9190001311,270
7,1,11780.4650643277,360
8,1,12615.3140907716,360
9,1,13192.9740575012,320
10,1,13954.3521964643,320
11,1,14491.3138274066,320
12,1,14949.7921488211,270
13,1,15280.2369766515,320
14,1,15325.6850340179,320
15,1,15078.9379637556,360
16,1,14864.6388692353,140
17,1,14827.9010357233,160
18,1,14896.6630459442,180
19,1,15629.3559477236,0
20,1,16463.710082693,180
21,1,16498.082108492,140
22,1,16013.3358689938,140
23,1,15115.9568393827,140
24,1,14131.7511311993,180
1,2,13251.4318631403,140
2,2,12294.9679735377,180
3,2,11808.0379394665,140
4,2,11582.4279240797,140
5,2,11480.7209540196,140
6,2,11694.7400328289,140
7,2,12366.2491081846,140
8,2,13241.2559669358,140
9,2,13834.8088548555,180
10,2,14540.4630758399,140
11,2,15020.5700098648,140
12,2,15236.2689295132,180
13,2,15364.0627527963,140
14,2,15323.3817732073,160
15,2,15063.8828058001,140
16,2,14850.6049783863,140
17,2,14730.3970575836,160
18,2,14839.0327311028,140
19,2,15954.6030969657,140
20,2,16960.2457328495,160
21,2,17221.4039089791,140
22,2,16847.4329693965,90
23,2,16084.3901376482,140
24,2,14908.4298249073,140
1,3,13639.0720224436,140
2,3,12687.150052283,140
3,3,12103.7429722361,140
4,3,11892.0050467323,180
5,3,11844.1929225475,140
6,3,12089.3500155061,140
7,3,12925.1220537908,140
8,3,13930.6968311965,140
9,3,14559.2720529903,140
10,3,15290.8690646607,140
11,3,15648.2161713261,140
12,3,15826.1629441415,180
13,3,15824.1189916935,180
14,3,15579.0369687206,180
15,3,15231.8788852613,140
16,3,15059.6332479161,180
17,3,15041.2420501255,140
18,3,15300.2459708448,180
19,3,16667.8652616995,180
20,3,17892.0180855072,180
21,3,18284.5340110189,160
22,3,17974.4321865042,110
23,3,17120.6448941841,140
24,3,15867.036140092,110
1,4,14460.1950286469,230
2,4,13371.7420887211,160
3,4,12776.0570311489,180
4,4,12437.9931344416,230
5,4,12417.4488418557,0
6,4,12651.2209844141,230
7,4,13565.6639758125,0
8,4,14596.3579934696,270
9,4,15353.3930533435,230
10,4,16142.285834528,180
11,4,16456.190059734,230
12,4,16344.5151846316,180
13,4,16081.271057779,230
14,4,15693.092198153,180
15,4,15289.3219235539,180
16,4,15077.6969641871,230
17,4,14985.6491213362,230
18,4,15095.3349576034,140
19,4,16359.8718883302,180
20,4,17861.4670653027,180
21,4,18347.7008572201,0
22,4,18256.936059678,0
23,4,17478.438191561,0
24,4,16253.9481795616,0
1,5,14756.8799238688,0
2,5,13667.2158457153,0
3,5,13031.5298824385,180
4,5,12754.7789364886,0
5,5,12624.7430753652,0
6,5,12904.901952425,0
7,5,13809.8740806549,0
8,5,14806.5910254158,0
9,5,15545.8690380836,140
10,5,16325.0030712225,140
11,5,16461.42664258,110
12,5,16270.2200330663,90
13,5,15984.262993127,360
14,5,15595.7797550336,360
15,5,15281.1210821401,320
16,5,14949.1490022987,360
17,5,14818.241855897,340
18,5,15082.6208925582,50
19,5,16532.8830430154,360
20,5,17926.2329374291,50
21,5,18352.5740872566,50
22,5,18103.7540304473,50
23,5,17305.9048372787,90
24,5,16255.2429447956,50
1,6,15061.1169404108,360
2,6,13945.7910550199,360
3,6,13203.170910852,360
4,6,12782.6489829607,360
5,6,12550.636121301,320
6,6,12531.3330372777,360
7,6,12772.333062632,360
8,6,13075.7408993952,360
9,6,13479.6110417652,360
10,6,14146.6620379109,320
11,6,14471.3462002743,360
12,6,14290.8159909844,320
13,6,13971.6618727556,360
14,6,13613.9320926684,320
15,6,13204.9070995767,360
16,6,12958.8470617272,360
17,6,12974.1359637911,50
18,6,13297.0369616803,360
19,6,14899.6432053596,50
20,6,16190.3290746268,50
21,6,16648.8939777787,70
22,6,16406.9669743553,90
23,6,15801.566220304,50
24,6,14889.8671718854,20
1,7,13879.3010757267,50
2,7,12932.3400872778,20
3,7,12182.0749856439,20
4,7,11630.8558758795,50
5,7,11418.8269086313,20
6,7,11301.4320427477,360
7,7,11358.5660426859,340
8,7,11239.3649990223,340
9,7,11229.3348389464,320
10,7,11974.9990917742,360
11,7,12639.1259927787,50
12,7,12915.4201216237,320
13,7,13001.2011172455,360
14,7,12897.6029304308,0
15,7,12540.8210547976,360
16,7,12316.3579576872,50
17,7,12279.3811318724,0
18,7,12587.4789595306,90
19,7,14263.0750396978,90
20,7,15678.7910998659,50
21,7,16168.2979968633,90
22,7,16060.8208879046,50
23,7,15470.0678719431,0
24,7,14484.1660827808,180
1,1,13412.8029683325,0
2,1,12348.2090494055,180
3,1,11738.2199997213,180
4,1,11491.7320363615,0
5,1,11504.1509433128,180
6,1,11901.7409103587,180
7,1,12954.9999564244,140
8,1,14232.6761701517,180
9,1,14903.7499949224,160
10,1,15657.2599969245,160
11,1,16025.550022684,140
12,1,16071.6579495706,180
13,1,16005.6390563669,140
14,1,15732.5549603942,160
15,1,15377.9221059103,180
16,1,15113.3809496425,160
17,1,15043.0369606726,140
18,1,15249.9590054937,180
19,1,16766.6640269505,200
20,1,17971.7398135792,140
21,1,18494.3429030264,180
22,1,18244.9240434468,180
23,1,17407.7470452618,180
24,1,16260.2811135156,140
1,2,14817.8267453723,140
2,2,13719.3790039709,140
3,2,13016.9700080389,180
4,2,12690.2898524086,0
5,2,12687.5938234637,0
6,2,12886.3850140548,230
7,2,13859.5949659866,230
8,2,15056.8470062688,230
9,2,15840.1269672662,230
10,2,16758.5611060634,180
11,2,17084.1539443061,200
12,2,17030.6900172066,180
13,2,16756.5802760404,180
14,2,16375.8910802174,180
15,2,16000.5591186415,180
16,2,15656.4610360917,180
17,2,15586.4569364409,180
18,2,15786.8859730586,160
19,2,17347.4280872652,180
20,2,18735.3530616555,230
21,2,19216.2157080099,230
22,2,19085.862028935,180
23,2,18261.7708752458,0
24,2,16888.2971392125,0
1,3,15366.7740442408,0
2,3,14170.6541825784,0
3,3,13456.6979661658,0
4,3,13188.2359003695,0
5,3,13142.2998529458,0
6,3,13354.554902114,0
7,3,14301.6900159176,0
8,3,15587.4281157451,0
9,3,16380.8670480996,0
10,3,17053.5528578125,270
11,3,17241.0980058294,270
12,3,17024.5501326975,230
13,3,16704.3739011027,270
14,3,16240.0270940233,180
15,3,15791.6639518309,230
16,3,15489.4131365325,270
17,3,15269.9150807615,320
18,3,15507.552914191,320
19,3,16965.5831591003,320
20,3,18540.0931614712,320
21,3,19084.028976053,290
22,3,18890.9111357098,290
23,3,18133.6699248082,290
24,3,16726.2098345282,290
1,4,15263.3009764981,270
2,4,14010.4540028069,270
3,4,13438.0291323047,250
4,4,13088.0959939994,270
5,4,13054.9551571375,270
6,4,13274.1510450915,270
7,4,14214.4900317276,250
8,4,15501.8689332081,270
9,4,16225.6948680077,270
10,4,16945.3999365028,270
11,4,17106.2648959453,270
12,4,16835.2359330971,270
13,4,16305.2658575755,270
14,4,15871.8547282908,270
15,4,15495.154024234,270
16,4,15223.0820838735,320
17,4,15179.2899266481,270
18,4,15394.0980771128,270
19,4,16871.8721746448,360
20,4,18165.1329992879,320
21,4,18683.9610067401,0
22,4,18530.9140693378,360
23,4,17739.6490273811,320
24,4,16518.6739610638,320
1,5,15166.5728248255,0
2,5,13911.7600726131,0
3,5,13287.7590295617,320
4,5,13025.7579594757,320
5,5,12982.8049463732,270
6,5,13253.2760187723,320
7,5,14182.1820129696,270
8,5,15417.8829763373,270
9,5,16077.5558311027,270
10,5,16738.075860329,230
11,5,16645.6919523869,230
12,5,16321.7028873395,320
13,5,16001.6268487442,360
14,5,15551.3061311971,0
15,5,15096.9340063464,320
16,5,14779.325754337,320
17,5,14682.3209719304,360
18,5,14928.8642041991,50
19,5,16442.7339835027,50
20,5,17801.4941223785,0
21,5,18276.3249265663,360
22,5,18100.1980389897,50
23,5,17353.926051636,0
24,5,16366.1490109684,0
1,6,15204.7249745997,0
2,6,14046.7831387958,360
3,6,13340.3418622063,360
4,6,12867.035896319,320
5,6,12691.6561335623,320
6,6,12655.6521056397,0
7,6,13070.9690294536,0
8,6,13489.6500988612,0
9,6,13853.9228690192,0
10,6,14689.875092959,0
11,6,14825.6701311059,230
12,6,14538.8740158211,320
13,6,14223.7429652837,360
14,6,13852.2501145758,360
15,6,13388.4698544825,320
16,6,13036.7510368372,360
17,6,13035.5990106296,320
18,6,13575.1961098034,0
19,6,15342.6289619673,0
20,6,16564.7020704234,0
21,6,17031.662139927,0
22,6,16771.5800169576,50
23,6,16185.5969693502,50
24,6,15370.1648427956,50
1,7,14258.4270156203,360
2,7,13265.5329884905,360
3,7,12522.0320707411,360
4,7,12084.3401330458,360
5,7,11815.7649714053,360
6,7,11685.3339936696,0
7,7,11779.8399497895,320
8,7,11869.537048867,340
9,7,11784.6408896493,0
10,7,12528.0550568979,360
11,7,13082.2838757326,320
12,7,13173.5170190474,290
13,7,13076.1729490272,320
14,7,12851.3058399949,320
15,7,12602.4110889472,0
16,7,12433.9549635346,320
17,7,12538.4011352601,50
18,7,12948.8371088225,340
19,7,14569.6021509608,180
20,7,15811.5830584904,0
21,7,16643.1000812305,0
22,7,16606.7461692384,0
23,7,15986.1261636065,0
24,7,15033.9201341057,0
1,1,13844.8318627756,0
2,1,12812.9070979925,0
3,1,12381.6318866955,140
4,1,12097.1910976795,0
5,1,12055.4929791056,140
6,1,12445.2719988823,140
7,1,13555.5889557358,0
8,1,14805.1629193984,140
9,1,15535.6128991228,90
10,1,16421.4527770894,90
11,1,16662.0478852391,90
12,1,16553.528988203,90
13,1,16301.1909345966,140
14,1,15924.0159643237,140
15,1,15525.9520940091,180
16,1,15208.4891124927,140
17,1,15193.5718294233,180
18,1,15560.6947827991,140
19,1,17088.5310961808,90
20,1,18395.8130994379,0
21,1,18810.5239470191,0
22,1,18528.0811672509,0
23,1,17690.7709598122,0
24,1,16551.9449299276,0
1,2,15052.0198770603,140
2,2,13913.8021409018,140
3,2,13359.2720896173,0
4,2,13098.8578406945,0
5,2,13010.2398815695,0
6,2,13253.7819359526,0
7,2,14163.6979107689,0
8,2,15392.2659940869,0
9,2,16091.9221485499,0
10,2,16671.4030722193,0
11,2,16883.9760865439,360
12,2,16673.5919061117,360
13,2,16425.6101373858,360
14,2,16034.4109400054,360
15,2,15700.8538557449,360
16,2,15397.7970527634,320
17,2,15409.8669326678,340
18,2,15835.3968246912,360
19,2,17623.7391493861,360
20,2,18654.2079232167,50
21,2,19059.4891135467,50
22,2,18705.1810061838,50
23,2,17832.7730030064,90
24,2,16518.4769675592,50
1,3,15147.7148660934,360
2,3,14062.128990842,360
3,3,13453.0940094637,50
4,3,13114.4241345283,50
5,3,13071.7710497117,50
6,3,13197.1009952277,50
7,3,14176.3040691167,90
8,3,15349.554791607,50
9,3,15874.2200021949,50
10,3,16650.7089281846,360
11,3,16795.7070112005,360
12,3,16780.5319623481,360
13,3,16649.8429326937,50
14,3,16308.4669981282,90
15,3,15954.3738964512,360
16,3,15756.4358944423,90
17,3,15791.7958626295,90
18,3,16193.6689506513,50
19,3,17723.3461078848,50
20,3,18701.9700486301,90
21,3,18930.3339070035,50
22,3,18529.5959252617,90
23,3,17658.4350738195,50
24,3,16330.7209140691,50
1,4,14933.3479902683,50
2,4,13747.8878879345,50
3,4,13120.735946462,50
4,4,12775.594953273,50
5,4,12692.603882316,50
6,4,12894.2880570111,50
7,4,13813.542036328,50
8,4,14934.7209758621,140
9,4,15378.3359521492,20
10,4,16004.5459805406,360
11,4,16288.3730583256,50
12,4,16361.6648883633,50
13,4,16262.1911594551,50
14,4,16099.0810669009,50
15,4,15883.8820121102,360
16,4,15795.9179314375,50
17,4,15959.4681455269,20
18,4,16390.1369352974,50
19,4,17724.8799825273,50
20,4,18455.5590545116,90
21,4,18683.7050341619,50
22,4,18290.0238746954,50
23,4,17430.6011550705,90
24,4,16289.796885455,140
1,5,14735.8148028757,90
2,5,13654.6720883362,90
3,5,13024.0879477896,90
4,5,12655.7719696853,90
5,5,12588.7849713285,50
6,5,12718.595893899,50
7,5,13429.0020365063,50
8,5,14628.5901517868,50
9,5,15391.2598762978,50
10,5,16032.6779123303,50
11,5,16496.9490555692,360
12,5,16829.3670491558,50
13,5,17054.4600551613,50
14,5,17096.5711742667,50
15,5,16914.0220107567,50
16,5,16799.8020049073,50
17,5,16784.6470691487,50
18,5,17249.3360403283,50
19,5,18054.5340644773,50
20,5,18708.0899680736,50
21,5,19020.9520296436,90
22,5,18793.3279473167,140
23,5,17881.5071757063,90
24,5,16781.9838449862,140
1,6,15559.0420197432,90
2,6,14312.4290002063,90
3,6,13510.9399084076,140
4,6,13021.1189276204,180
5,6,12706.5080383122,180
6,6,12671.4082092214,180
7,6,12851.142033882,180
8,6,13316.0789123215,140
9,6,13511.8569419568,230
10,6,14348.6690589488,230
11,6,15115.0039461032,180
12,6,15481.3828662895,180
13,6,15671.2288820425,180
14,6,15735.1478941401,180
15,6,15674.0899401801,140
16,6,15397.5000061938,180
17,6,15338.4958523707,180
18,6,15643.2252399884,180
19,6,17024.9300897941,200
20,6,18079.3520197812,160
21,6,18401.8568003075,180
22,6,18206.8121685134,180
23,6,17538.8730239617,180
24,6,16574.0920750657,180
1,7,15282.8800572896,180
2,7,14212.1440368453,180
3,7,13292.3961737771,180
4,7,12712.8458676683,180
5,7,12425.7900775783,180
6,7,12275.3170422148,180
7,7,12266.9410497649,180
8,7,12330.7019570982,230
9,7,12188.9718915601,180
10,7,13146.5210436322,230
11,7,13983.6278650742,230
12,7,14470.2008915897,230
13,7,14679.0251012779,180
14,7,14647.4020283502,180
15,7,14347.9727143813,180
16,7,14234.8289345191,180
17,7,14218.7241722102,180
18,7,14636.1550105996,230
19,7,16460.8318250477,200
20,7,17710.9389933208,200
21,7,18123.904066612,200
22,7,18056.2980169477,200
23,7,17376.3839271264,200
24,7,16425.5671128212,200
1,1,15166.3018418951,200
2,1,13924.2759849457,200
3,1,13138.6560183959,200
4,1,12644.307919587,200
5,1,12430.6550502637,230
6,1,12415.3210338531,230
7,1,12703.1508839624,0
8,1,13048.6620644415,230
9,1,13417.6540017107,90
10,1,14365.3690680207,270
11,1,14965.5070345103,270
12,1,14963.6540198191,230
13,1,14913.5850868857,320
14,1,14663.3240498416,270
15,1,14279.5219943337,270
16,1,13986.5989577547,270
17,1,13986.6240004869,270
18,1,14531.9361203318,270
19,1,16391.0230709547,270
20,1,17782.5670335768,270
21,1,18295.8919625217,270
22,1,18204.3391142609,320
23,1,17505.988024137,270
24,1,16435.7989072232,320
1,2,15083.1489770738,320
2,2,13842.9680254841,0
3,2,13032.2709928611,270
4,2,12516.5999698332,270
5,2,12352.7769241491,270
6,2,12354.0090792915,270
7,2,12524.6610242119,270
8,2,12810.9800529648,270
9,2,12958.079981315,270
10,2,13835.4880444742,270
11,2,14314.5699133333,230
12,2,14302.6579512516,230
13,2,14032.2540139181,200
14,2,13636.1379475426,180
15,2,13232.6950639449,180
16,2,13051.5191277657,180
17,2,13184.4180337461,180
18,2,13846.1801287532,230
19,2,16071.2937612243,180
20,2,17543.9361863453,180
21,2,18102.5480137654,0
22,2,18014.6419162732,0
23,2,17347.2981032897,140
24,2,16226.3210829776,140
1,3,14898.0578625388,90
2,3,13775.4299550038,0
3,3,13077.2150262091,0
4,3,12735.4440420512,0
5,3,12677.0691015795,0
6,3,12977.4329097625,180
7,3,13776.1108281156,0
8,3,14987.9151297938,0
9,3,15863.9440746373,360
10,3,16692.0271572806,320
11,3,16991.1280405149,320
12,3,16729.076046179,290
13,3,16400.2059091553,270
14,3,15950.7138962885,230
15,3,15500.4249081928,230
16,3,15168.746141959,230
17,3,15075.9111842671,270
18,3,15360.5818450563,230
19,3,16955.4111690316,270
20,3,18234.4079695595,270
21,3,18639.4450434279,270
22,3,18348.3719733469,270
23,3,17610.5860612253,270
24,3,16469.8059543986,270
1,4,14942.3331187516,270
2,4,13872.1309607122,270
3,4,13226.9420045596,270
4,4,12866.9050396932,270
5,4,12783.4280035673,270
6,4,12893.315929445,270
7,4,13620.4599292558,230
8,4,14721.9481934416,270
9,4,15409.8141118549,270
10,4,16079.6839681156,270
11,4,16137.7440731646,230
12,4,15899.0179007864,270
13,4,15634.475892405,270
14,4,15374.3658848992,290
15,4,15000.8209456475,320
16,4,14623.0757272597,320
17,4,14546.1810081368,320
18,4,14785.8209970938,320
19,4,16328.0049482035,320
20,4,17395.6389250718,290
21,4,17725.2809848841,270
22,4,17374.6982119884,270
23,4,16578.0040434804,270
24,4,15482.5341093987,270
1,5,14292.6140436194,320
2,5,13190.3258523783,320
3,5,12567.6920396537,270
4,5,12222.017931005,320
5,5,12157.7990251258,320
6,5,12354.3200693503,320
7,5,13054.6711093783,270
8,5,14015.81710051,320
9,5,14548.4321306348,320
10,5,15248.4160026386,270
11,5,15542.8819898423,180
12,5,15482.4769113706,200
13,5,15393.3890588451,180
14,5,15170.6941056084,160
15,5,14871.6891185464,160
16,5,14636.9519475056,160
17,5,14545.3121014303,180
18,5,14725.6547162114,200
19,5,16249.5497837011,200
20,5,17313.5591512043,230
21,5,17653.5860201381,230
22,5,17339.08307401,230
23,5,16574.8880995885,230
24,5,15829.0692905877,230
1,6,14604.1759181665,0
2,6,13585.7319299746,230
3,6,12926.9110377533,230
4,6,12525.7760068811,230
5,6,12334.7400958138,230
6,6,12292.2089932077,180
7,6,12595.1780887432,230
8,6,13048.0568801593,230
9,6,13270.5920682848,180
10,6,14174.3298743237,180
11,6,14724.4830092192,140
12,6,14858.0371954981,180
13,6,14812.841015824,140
14,6,14558.9780503473,200
15,6,14312.2931527589,200
16,6,14217.4288865472,180
17,6,14287.0049940748,200
18,6,14924.4361947747,180
19,6,16863.6191881606,180
20,6,18061.3950823778,180
21,6,18452.7920453288,0
22,6,18153.6220062887,0
23,6,17543.5740706278,0
24,6,16595.2157981414,230
1,7,15336.1049779691,230
2,7,14211.8979967954,230
3,7,13272.0770134516,230
4,7,12716.4750027424,230
5,7,12447.1558860317,0
6,7,12294.7500381041,0
7,7,12352.2699839417,230
8,7,12401.6269318163,230
9,7,12355.3209149218,180
10,7,13228.0262524378,180
11,7,13873.3098087064,180
12,7,14066.7779844063,270
13,7,13926.7891205396,320
14,7,13630.4810244846,320
15,7,13212.8690792411,270
16,7,13029.878143677,320
17,7,13105.8568278732,270
18,7,13915.6211327272,270
19,7,16257.7181285126,0
20,7,17709.8690285655,270
21,7,18232.8630829053,0
22,7,18112.3888810435,270
23,7,17459.8420468112,270
24,7,16329.0438760566,270
1,1,14956.2419359414,320
2,1,13831.2159762299,270
3,1,13106.8179665105,270
4,1,12754.4629580379,270
5,1,12619.1758823907,270
6,1,13042.0719934477,270
7,1,14085.2510868534,270
8,1,15450.973893648,270
9,1,16427.5729852486,270
10,1,17214.2521781754,270
11,1,17382.0029608905,270
12,1,17221.4520440158,270
13,1,16847.8939966168,270
14,1,16403.7330502663,230
15,1,16000.1578076519,180
16,1,15650.5891577508,230
17,1,15532.4538363237,270
18,1,15760.7040040921,230
19,1,17253.3621324059,0
20,1,18316.3618542254,270
21,1,18747.2039768081,250
22,1,18507.553816258,250
23,1,17603.6832789192,270
24,1,16414.8880771287,270
1,2,14736.1188400667,290
2,2,13608.917167604,290
3,2,12887.4628445078,270
4,2,12613.4139560796,230
5,2,12557.8560644425,250
6,2,12746.6849144809,270
7,2,13616.2089581313,270
8,2,14928.0920806089,290
9,2,15540.7820597347,270
10,2,16143.0798781598,270
11,2,16327.079058554,270
12,2,16261.2548359241,270
13,2,16242.7780789193,270
14,2,16175.3019452263,270
15,2,15895.6430249065,230
16,2,15755.8279598914,230
17,2,15779.9309894498,270
18,2,16098.0249021216,180
19,2,17403.1311754575,270
20,2,18226.265110624,270
21,2,18601.1447915742,230
22,2,18211.9451410724,0
23,2,17384.1418872783,230
24,2,16213.4078900977,230
1,3,14771.243002031,230
2,3,13616.943930842,230
3,3,12939.9399911687,230
4,3,12654.9539750032,230
5,3,12562.4069306366,230
6,3,12738.2520152554,230
7,3,13615.5809747549,230
8,3,14982.5040059797,230
9,3,15644.2651150562,230
10,3,16403.18905559,230
11,3,16723.8639707675,230
12,3,16651.0661328416,140
13,3,16364.313956907,180
14,3,15999.5580421835,180
15,3,15617.8668254074,180
16,3,15349.6260977797,180
17,3,15338.516182065,180
18,3,15680.3522180095,180
19,3,17313.8920775391,180
20,3,18525.0671098772,180
21,3,19008.9262600624,160
22,3,18762.9349690499,90
23,3,17936.2248450625,90
24,3,16773.534958438,160
1,4,15299.5709174164,50
2,4,14106.1280614557,180
3,4,13320.2080130605,0
4,4,13058.3818744235,0
5,4,12903.6720127249,0
6,4,13123.5410013553,340
7,4,14001.0929111689,360
8,4,15274.8900080638,360
9,4,16012.5809647106,360
10,4,16775.6082303524,340
11,4,16912.7248988249,360
12,4,16740.8769274838,320
13,4,16533.4289412515,320
14,4,16189.7006721608,360
15,4,15908.5960126333,360
16,4,15589.6351142246,320
17,4,15452.008179076,320
18,4,15755.7179231807,320
19,4,17212.6551485844,320
20,4,18145.4058745056,320
21,4,18454.541004125,320
22,4,18121.2751147235,320
23,4,17396.1579633411,320
24,4,16304.275040335,320
1,5,14840.6868854091,320
2,5,13636.6060778629,320
3,5,12948.2170248255,270
4,5,12681.8449088447,270
5,5,12652.5668315589,320
6,5,12848.2240265496,270
7,5,13647.6198351458,270
8,5,14839.2811238095,270
9,5,15394.2558258893,270
10,5,15994.7491130996,270
11,5,16211.75588461,340
12,5,16292.0921655614,270
13,5,16204.0118999407,0
14,5,15969.7480529994,0
15,5,15755.0130559914,140
16,5,15532.0998348314,0
17,5,15424.968262987,50
18,5,15635.1589994514,0
19,5,16758.5069268877,0
20,5,17357.8450076599,50
21,5,17472.8979581632,0
22,5,17064.9100971259,0
23,5,16333.7300234567,0
24,5,15403.7240676908,90
1,6,14242.327125649,140
2,6,13294.3759560976,140
3,6,12652.6450149557,90
4,6,12275.2378959982,140
5,6,12053.1479860106,90
6,6,11988.0271442812,140
7,6,12280.3160017803,90
8,6,12750.9239950888,90
9,6,13030.3080899902,140
10,6,13693.5700497627,140
11,6,14406.8830897529,140
12,6,14679.2891616859,200
13,6,14703.9047740955,160
14,6,14466.2540608606,140
15,6,14071.0280794632,180
16,6,13808.0851907847,180
17,6,13747.5911108077,140
18,6,14144.1889663142,200
19,6,15861.3220639182,180
20,6,16902.9271288468,140
21,6,17276.7820048777,180
22,6,17043.5589575414,180
23,6,16504.1971293297,180
24,6,15735.4731488489,180
1,7,14664.2480381615,180
2,7,13614.4049410988,180
3,7,12850.4550331323,180
4,7,12300.438940994,140
5,7,12016.4198591053,180
6,7,11881.7289727684,0
7,7,11940.5340227094,180
8,7,12149.3128404561,0
9,7,12145.576860263,0
10,7,13044.4610139048,180
11,7,13783.6978441654,90
12,7,13973.151084654,50
13,7,13871.3799119191,70
14,7,13613.0930107273,50
15,7,13250.1890878743,90
16,7,13223.5989948148,50
17,7,13378.5630078808,50
18,7,14188.7670096131,50
19,7,16262.6188863078,50
20,7,17570.3499658257,90
21,7,18009.2997851558,90
22,7,17946.6269205064,90
23,7,17212.979082762,360
24,7,15974.0741580725,50
1,1,14611.6750348476,360
2,1,13423.8610208387,50
3,1,12809.2869877163,50
4,1,12467.4921390992,50
5,1,12372.6220967043,50
6,1,12778.5040362878,360
7,1,13815.5251038745,360
8,1,15227.8409621133,360
9,1,16148.7498572427,360
10,1,17044.9058149159,20
11,1,17409.9718703032,20
12,1,17532.5059993621,320
13,1,17335.5680286856,360
14,1,17068.006130131,360
15,1,16662.1670610104,360
16,1,16461.3562031705,50
17,1,16342.7340273317,50
18,1,16751.3698616233,50
19,1,18215.4469921859,50
20,1,19172.1580081731,50
21,1,19561.2207729798,50
22,1,19221.7788934093,50
23,1,18224.5361133507,50
24,1,16881.2369534196,50
1,2,15304.9239511304,50
2,2,14053.5478076432,50
3,2,13318.919085064,360
4,2,12990.5338484659,360
5,2,12878.5869797515,360
6,2,13034.3198662549,360
7,2,14040.2400617078,50
8,2,15287.4809586275,50
9,2,16055.1520901211,50
10,2,16830.6998597775,50
11,2,17057.6910202261,50
12,2,16966.9268726315,90
13,2,16691.7498629144,360
14,2,16241.207160376,360
15,2,15780.9519351888,360
16,2,15451.8130495436,320
17,2,15373.4740063343,360
18,2,15747.8378621396,90
19,2,17264.8800704069,70
20,2,18340.895888011,90
21,2,18506.631204213,360
22,2,18178.5338021265,360
23,2,17337.5478722267,360
24,2,16197.6811276572,360
1,3,14693.218060053,360
2,3,13390.4070789134,320
3,3,12800.2119552111,50
4,3,12525.2829478113,360
5,3,12436.4049932053,0
6,3,12564.6209992673,50
7,3,13464.8959091725,0
8,3,14688.4557439219,360
9,3,15384.370063331,50
10,3,16102.0860842858,20
11,3,16468.9101190083,360
12,3,16480.4420696124,360
13,3,16321.9749489166,340
14,3,16112.318746699,360
15,3,15805.181136312,20
16,3,15691.695073884,50
17,3,15605.4890765529,90
18,3,15926.52709038,50
19,3,17099.1509743519,50
20,3,17919.7220602483,0
21,3,18234.0928992173,360
22,3,17893.2472032802,0
23,3,16952.7188170808,360
24,3,15781.038075326,0
1,4,14447.3931172667,0
2,4,13357.1348842121,0
3,4,12693.2471496668,0
4,4,12467.5279349741,0
5,4,12352.3458563574,0
6,4,12530.0041586421,0
7,4,13240.6329418244,0
8,4,14566.6058793662,0
9,4,15178.9149275813,180
10,4,15818.498107573,230
11,4,16161.6221650061,230
12,4,16020.3279306032,200
13,4,15863.9060107078,140
14,4,15598.4421962984,230
15,4,15292.5018748166,180
16,4,15012.4189388342,180
17,4,14904.8821039833,180
18,4,15205.0131462384,180
19,4,16770.2680216311,180
20,4,17921.3139890581,180
21,4,18421.0132974163,230
22,4,18313.1359965839,230
23,4,17541.7049133349,180
24,4,16464.6198756611,180
1,5,15266.6242518658,180
2,5,14120.3599823704,180
3,5,13451.5648889337,180
4,5,13085.0590640539,180
5,5,12990.8039779579,230
6,5,13243.841900168,0
7,5,14218.4089353718,230
8,5,15584.7129531335,0
9,5,16482.8250038084,0
10,5,17433.2988370098,230
11,5,17742.0362336841,270
12,5,17617.675070446,320
13,5,17164.924073508,270
14,5,16636.6559354458,290
15,5,16239.122959232,270
16,5,16017.0739569366,250
17,5,15913.6709651276,270
18,5,16192.7320427354,250
19,5,17786.5121146813,290
20,5,18835.621268779,320
21,5,19227.9209791143,320
22,5,19017.9590068162,320
23,5,18195.1838606242,270
24,5,17161.4381454322,270
1,6,15842.647697323,230
2,6,14536.8859921321,270
3,6,13734.6589894788,270
4,6,13276.8929173574,270
5,6,13045.4380884143,270
6,6,12982.3458814379,270
7,6,13313.6939846613,270
8,6,13832.2109964751,270
9,6,14148.0169284251,270
10,6,14874.7110393755,320
11,6,15096.1620703172,270
12,6,14725.0250556264,270
13,6,14267.5549463722,270
14,6,13837.9570617544,270
15,6,13342.4671405442,270
16,6,13054.5830102833,230
17,6,12982.0330296764,320
18,6,13461.3079029052,270
19,6,15167.0009616679,270
20,6,16324.6702110716,320
21,6,16598.8439348144,320
22,6,16336.2409341382,320
23,6,15721.2080419948,320
24,6,15049.0499825077,320
1,7,14047.3268933537,320
2,7,13051.9740580823,320
3,7,12341.3988565067,320
4,7,11855.2229643445,320
5,7,11606.21601219,320
6,7,11471.6259859316,320
7,7,11540.8349589976,320
8,7,11676.2460217257,320
9,7,11521.6459984896,340
10,7,12205.4329031082,340
11,7,12757.8199757948,320
12,7,12878.8098927867,270
13,7,12731.7750249389,290
14,7,12440.6179918563,320
15,7,11984.9240983794,290
16,7,11770.3550837589,290
17,7,11692.6958933895,340
18,7,12252.9959533298,320
19,7,14269.0420905286,340
20,7,15609.8012398286,340
21,7,16064.3550597192,340
22,7,15959.6379832416,340
23,7,15410.5690918211,320
24,7,14527.1010063663,360
1,1,13474.8889615713,320
2,1,12499.4110255912,270
3,1,11929.1470810715,270
4,1,11681.667989539,270
5,1,11744.8680161368,320
6,1,12126.7491580248,290
7,1,13214.4021200239,290
8,1,14649.1918916176,290
9,1,15435.3260942325,290
10,1,16216.352030661,270
11,1,16516.2039688062,230
12,1,16492.667067213,180
13,1,16479.9530908391,230
14,1,16439.7189505883,140
15,1,16403.6131178923,140
16,1,16362.5562058892,140
17,1,16378.4541012961,90
18,1,16900.4179468546,140
19,1,18297.7130003963,140
20,1,19038.1270583179,140
21,1,19516.6528822742,140
22,1,19179.3660036437,140
23,1,18316.3008914543,140
24,1,17076.5998978857,140
1,2,15605.8020222653,140
2,2,14320.7509151511,140
3,2,13653.1140654087,140
4,2,13370.1180620231,140
5,2,13261.5810596524,140
6,2,13523.2518675532,140
7,2,14624.0299008768,0
8,2,16153.2580768112,140
9,2,17180.3858231232,180
10,2,18120.3869236205,160
11,2,18640.2989097601,180
12,2,18717.353978483,200
13,2,18619.8638057131,180
14,2,18449.3169551622,160
15,2,18288.640864946,140
16,2,18047.0550249442,200
17,2,18153.254908599,140
18,2,18518.0560760479,180
19,2,20276.0388468094,160
20,2,21216.2779383007,160
21,2,21576.2677884921,230
22,2,21313.7210178897,180
23,2,20413.8641701732,180
24,2,18941.7320493981,140
1,3,17169.1179721532,140
2,3,15544.3631073404,140
3,3,14812.7309562801,140
4,3,14436.0440555764,140
5,3,14367.6819259729,140
6,3,14592.5570025891,140
7,3,15580.937851388,140
8,3,17180.0051821042,140
9,3,18311.2097957144,140
10,3,19358.893060891,180
11,3,20067.0641604848,110
12,3,20393.9617072232,140
13,3,20394.5998866037,140
14,3,20177.3617554605,140
15,3,20245.7008384168,140
16,3,19948.5688949898,140
17,3,19940.3828623742,140
18,3,20356.3002448957,140
19,3,21817.6228668988,140
20,3,22505.7249655034,140
21,3,22716.3212083005,140
22,3,22332.8129396099,140
23,3,21431.5378439561,140
24,3,19940.2759438148,140
1,4,17894.5299595781,140
2,4,16309.8009280469,140
3,4,15379.5830296949,140
4,4,14843.1218983233,140
5,4,14742.342091064,140
6,4,14960.4130518492,140
7,4,16010.7890767688,140
8,4,17542.9360633546,140
9,4,18598.9840255305,160
10,4,19673.8828477711,140
11,4,20244.7453684336,90
12,4,20268.6031470485,110
13,4,20006.5227579363,180
14,4,19834.5190071743,140
15,4,19805.3409616463,160
16,4,19765.9560506027,140
17,4,19790.788026521,180
18,4,20186.0553422831,90
19,4,21842.3188289553,90
20,4,22781.8882463612,200
21,4,23122.6551805735,180
22,4,22950.7040881086,180
23,4,21842.2601832757,180
24,4,20196.802098358,140
1,5,18233.5629945118,0
2,5,16596.085964676,0
3,5,15699.2890603933,0
4,5,15189.8640119657,90
5,5,15078.8859843495,90
6,5,15244.0910107419,90
7,5,16273.3109338395,140
8,5,18022.5970218088,140
9,5,19067.7390082441,140
10,5,20184.4318683967,140
11,5,20665.7119400185,90
12,5,20656.2689002715,90
13,5,20491.6751982272,90
14,5,20273.2900638729,90
15,5,20233.9762129048,360
16,5,20076.7472180482,50
17,5,20023.2718782872,50
18,5,20292.9701166917,50
19,5,21720.4618247263,90
20,5,22522.1212544702,90
21,5,22707.4889485147,50
22,5,22321.7627578825,90
23,5,21495.6740321331,90
24,5,20396.8810740039,140
1,6,18649.3080372317,140
2,6,17021.9170598537,140
3,6,15942.2671313416,140
4,6,15367.0842112293,140
5,6,15063.018831485,90
6,6,14935.3451913949,140
7,6,15289.0791894961,140
8,6,15972.4590480793,140
9,6,16574.7888411051,140
10,6,17684.6070123315,140
11,6,18214.2500207759,90
12,6,17885.2670045383,50
13,6,17435.9380132741,50
14,6,17117.2519877421,90
15,6,16925.8279724671,360
16,6,16800.0909122941,50
17,6,16874.2980544129,90
18,6,17366.8229692625,50
19,6,19252.6660409716,50
20,6,20636.1380622927,50
21,6,21114.7477094065,0
22,6,20928.7698665373,0
23,6,20392.954050282,140
24,6,19396.8656356037,140
1,7,17964.4010112295,0
2,7,16514.8640007917,0
3,7,15378.0498591028,0
4,7,14703.2912462801,0
5,7,14213.1488310136,0
6,7,14005.061072709,0
7,7,14044.7350986209,0
8,7,14274.9589814488,0
9,7,14469.17993489,0
10,7,15591.6908331616,0
11,7,16557.0038157003,140
12,7,16298.0931586484,90
13,7,15539.7401377773,90
14,7,14601.4921771465,360
15,7,13918.8438115185,50
16,7,13894.1209671171,360
17,7,14194.5799558525,50
18,7,15145.0151033038,360
19,7,17408.4817172596,50
20,7,18974.3512792904,50
21,7,19598.2867843322,50
22,7,19614.1649243031,50
23,7,19098.9452543855,50
24,7,18262.4969615713,50
1,1,16920.4500149423,50
2,1,15587.0398660908,360
3,1,14628.9251141474,320
4,1,14066.0511412025,0
5,1,13752.5639569347,0
6,1,13654.0138425892,70
7,1,13840.5038370993,360
8,1,14393.9248727784,360
9,1,14685.7419175627,360
10,1,15656.3529382134,320
11,1,16703.9149923408,360
12,1,17262.4471418588,50
13,1,17254.9080153042,50
14,1,17213.5341579961,90
15,1,16952.8550654682,50
16,1,16800.5991106941,50
17,1,16801.7392073059,360
18,1,17474.6661109915,50
19,1,19288.7000163933,50
20,1,20482.5783085003,50
21,1,21020.73627852,50
22,1,20681.9980865195,50
23,1,19876.8016548678,50
24,1,18516.5059776567,50
1,2,16740.6970922146,50
2,2,15339.8289577262,50
3,2,14355.223191157,0
4,2,13877.1069340613,0
5,2,13837.291009374,0
6,2,14125.3731006216,360
7,2,15157.7259783018,320
8,2,16790.5949013103,360
9,2,17778.4930440187,360
10,2,18734.4531776533,360
11,2,19085.2621498704,360
12,2,19010.1658835597,340
13,2,18608.6800922006,360
14,2,18218.3439516407,360
15,2,17919.0560791157,340
16,2,17575.5518553797,360
17,2,17511.5949293524,50
18,2,17925.5689862128,50
19,2,19697.8129218072,90
20,2,20840.1070324555,50
21,2,21304.9139192859,50
22,2,21072.9238978438,50
23,2,20199.4299269235,50
24,2,18804.1179510551,360
1,3,16960.0821120053,90
2,3,15479.2180200676,360
3,3,14635.7551933397,360
4,3,14241.3011237476,360
5,3,14122.1010345919,360
6,3,14268.8329547904,360
7,3,15235.6758838855,360
8,3,16714.5868546347,360
9,3,17516.0898932981,360
10,3,18339.0849649441,360
11,3,18916.8799117524,360
12,3,18932.8869336098,360
13,3,18660.7488230076,360
14,3,18383.6169317029,360
15,3,18205.2659072802,90
16,3,18050.2748151086,360
17,3,18144.0159687977,360
18,3,18549.9310318707,360
19,3,19921.6328632338,50
20,3,20611.6408658791,50
21,3,20811.3872475652,0
22,3,20464.5698671835,360
23,3,19504.4500600789,0
24,3,18088.0661590807,0
1,4,16355.3491177678,140
2,4,15013.3439394058,140
3,4,14155.0499748951,140
4,4,13809.3590767439,140
5,4,13701.0349882524,180
6,4,13771.5739464667,90
7,4,14723.7617470035,140
8,4,16255.6041059454,140
9,4,17100.8530543539,180
10,4,17878.258821964,180
11,4,18374.4201685013,180
12,4,18521.7779528834,180
13,4,18298.1200242769,180
14,4,17713.8689959757,230
15,4,17283.6369651965,180
16,4,16892.9390242281,180
17,4,16758.5669941492,180
18,4,16968.5590275247,180
19,4,18666.8538434375,230
20,4,19899.8928928524,230
21,4,20456.5171058793,200
22,4,20367.3176672608,230
23,4,19609.3402225059,0
24,4,18386.0620050607,230
1,5,16705.9749000128,270
2,5,15269.0900283321,270
3,5,14481.457725074,270
4,5,14124.0218980531,0
5,5,13951.0360640651,270
6,5,14239.710813418,250
7,5,15269.5589191718,250
8,5,16715.4640450161,230
9,5,17605.4256754257,0
10,5,18450.013034232,270
11,5,18669.1070954499,270
12,5,18472.6110223695,270
13,5,17934.0017278753,320
14,5,17300.0990782008,270
15,5,16833.4760741629,360
16,5,16411.6710919775,360
17,5,16343.7188167237,360
18,5,16661.1910203341,360
19,5,18384.8138761446,360
20,5,19590.9940784648,0
21,5,20003.5090688951,360
22,5,19871.8220793903,0
23,5,19111.8918792224,360
24,5,18180.8179929256,360
1,6,16808.2479220573,320
2,6,15507.1358709596,360
3,6,14578.6159936263,360
4,6,14051.0960687827,360
5,6,13754.8840285148,360
6,6,13666.853932187,0
7,6,13971.0089533273,50
8,6,14540.7228291323,90
9,6,15149.1639662699,90
10,6,15972.6149425637,140
11,6,16761.2100315839,140
12,6,17045.4089690056,140
13,6,17038.3342127464,140
14,6,17014.766009638,140
15,6,16927.131882971,140
16,6,16939.3531139926,140
17,6,17006.593812385,140
18,6,17665.4120465321,140
19,6,19520.6692046169,140
20,6,20569.4647095995,180
21,6,20857.1892032203,180
22,6,20795.8049422861,180
23,6,19991.6599459914,180
24,6,18966.8162075812,180
1,7,17634.0778637016,180
2,7,16371.9210438263,180
3,7,15360.3591217464,180
4,7,14616.9448492404,180
5,7,14143.3801084869,180
6,7,13991.1588286767,180
7,7,14046.4468792276,180
8,7,14307.605141113,180
9,7,14334.7760982225,180
10,7,15315.4659792846,180
11,7,16518.5680595101,180
12,7,17284.2250745436,180
13,7,17632.7320211967,230
14,7,17718.6298634023,230
15,7,17569.1688873055,230
16,7,17555.3691479955,230
17,7,17542.0710323413,230
18,7,18082.6050059819,230
19,7,19848.1946803806,230
20,7,21213.5920383343,230
21,7,21892.7039397815,180
22,7,21800.4372276301,270
23,7,21182.919051663,270
24,7,19779.0721914386,230
1,1,17934.1998935035,180
2,1,16337.3909899713,180
3,1,15439.0080075683,230
4,1,14836.360764022,180
5,1,14731.2087857118,230
6,1,15125.2870578151,180
7,1,16255.8599684294,270
8,1,18187.6809157559,230
9,1,19263.1808460616,230
10,1,20765.3288743999,230
11,1,21559.2022856902,230
12,1,21855.0909666615,230
13,1,21776.2701627314,230
14,1,21719.4580108997,230
15,1,21603.5021432294,230
16,1,21465.5481910063,230
17,1,21248.7388372384,230
18,1,21486.0539683793,230
19,1,22767.7343515861,230
20,1,24014.9748859848,180
21,1,24409.3107308986,180
22,1,23916.4439358152,230
23,1,23065.6871127593,230
24,1,21434.0088743623,230
1,2,19401.8070899397,230
2,2,17440.3529860321,230
3,2,16435.8811406028,180
4,2,15888.3629620131,230
5,2,15744.6210149527,230
6,2,15949.7369380873,180
7,2,17100.8880402874,180
8,2,18812.5159193091,230
9,2,19918.4229850154,180
10,2,21077.5652711224,180
11,2,21671.2829695679,160
12,2,21757.9679793939,180
13,2,21535.786149079,180
14,2,21253.5293075684,160
15,2,20994.1697883569,180
16,2,20805.0891240796,180
17,2,20588.85110013,200
18,2,20805.1556727998,230
19,2,22202.2518004803,230
20,2,23584.4409686718,230
21,2,24033.2310960776,180
22,2,23771.3570348658,180
23,2,22818.2449529851,0
24,2,21348.7669108547,0
1,3,19161.0512273014,0
2,3,17449.5442464799,270
3,3,16479.2178978594,230
4,3,15976.6998681668,270
5,3,15849.0368147548,230
6,3,16045.3680448011,270
7,3,17229.0820945222,270
8,3,18854.090069795,270
9,3,20052.4007978588,320
10,3,21008.3992449268,270
11,3,21523.6938607632,270
12,3,21299.5789877633,320
13,3,20870.0822655139,320
14,3,20520.8367403252,320
15,3,20335.0681225229,360
16,3,20606.7108278107,320
17,3,20488.3569345549,340
18,3,20706.4681484103,360
19,3,22187.870712189,360
20,3,23539.0282085537,360
21,3,24010.0928183671,320
22,3,23879.8497484671,320
23,3,23011.3908669441,320
24,3,21175.2017526152,320
1,4,19292.8348071703,320
2,4,17389.6309487093,320
3,4,16331.5247307941,320
4,4,15936.5539043006,320
5,4,15801.6080390941,320
6,4,15976.0379879978,320
7,4,16968.7259282917,360
8,4,18579.8860665914,320
9,4,19606.3950111177,320
10,4,20637.9331312664,320
11,4,21156.271968605,320
12,4,21093.5189381745,320
13,4,20800.3401276451,320
14,4,20340.6489506625,320
15,4,19889.379940968,360
16,4,19321.530770245,320
17,4,18914.2341629562,360
18,4,19108.1069809012,360
19,4,20776.9850365312,20
20,4,22324.9449477531,50
21,4,23096.2299920656,50
22,4,22906.7839760575,50
23,4,22191.412208788,50
24,4,20646.8250164036,360
1,5,18576.8860171027,320
2,5,16932.8089709692,320
3,5,15960.6129216342,270
4,5,15537.0289880242,270
5,5,15360.7869081851,270
6,5,15557.8651116211,270
7,5,16651.6667160909,320
8,5,18261.3338840529,270
9,5,19146.6890649996,270
10,5,20163.8479348794,270
11,5,20363.0202140817,270
12,5,19888.6602410283,230
13,5,19073.6531366389,230
14,5,18433.7379468642,230
15,5,17997.9369082898,230
16,5,17603.7129841205,230
17,5,17368.4709465504,180
18,5,17672.8170388388,230
19,5,19504.3799027652,0
20,5,20824.3007517699,0
21,5,21328.0892133638,0
22,5,21381.6581834871,230
23,5,20740.3229218293,180
24,5,19747.6902025952,180
1,6,18277.267125193,230
2,6,16794.6597688068,0
3,6,15769.3871423546,270
4,6,15166.3420171849,0
5,6,14906.4568892773,270
6,6,14794.964962367,270
7,6,15158.9050948359,230
8,6,15914.2130499892,270
9,6,16461.580106359,270
10,6,17437.613144692,320
11,6,17893.0851572556,270
12,6,17312.9340624921,270
13,6,16706.5541264685,270
14,6,16057.6118946476,270
15,6,15438.6131272437,270
16,6,15016.9240678474,270
17,6,15188.7529551703,270
18,6,15806.7871059673,270
19,6,17831.7830258692,270
20,6,19437.8030406348,270
21,6,20059.2171415007,270
22,6,20022.589102326,270
23,6,19359.8661267962,270
24,6,18697.5110234953,270
1,7,17636.364932043,270
2,7,16270.9369230587,270
3,7,15098.2539618481,270
4,7,14413.588955123,270
5,7,14048.0969462171,270
6,7,13889.9749940392,270
7,7,13812.3960279168,270
8,7,14125.3818781935,270
9,7,14157.5179522624,270
10,7,14972.5750077833,270
11,7,15538.2701581251,270
12,7,15364.9299044459,270
13,7,14917.0369985569,320
14,7,14351.4759743614,320
15,7,13815.7320278266,320
16,7,13410.0829633325,320
17,7,13509.4328263598,360
18,7,14336.8620171538,360
19,7,16503.5380804073,360
20,7,18565.7349775182,0
21,7,19458.9983381825,360
22,7,19604.3421824523,360
23,7,18991.9740198245,360
24,7,17928.5608991608,360
1,1,16504.1289146794,360
2,1,14972.1811857305,50
3,1,14249.8188458895,360
4,1,13962.5318879373,0
5,1,13823.385229595,0
6,1,14201.4961229265,0
7,1,15360.3589542033,0
8,1,17155.1467554057,0
9,1,18186.9611671269,0
10,1,19115.2141248882,70
11,1,19265.7540361667,340
12,1,18618.325088676,50
13,1,18070.3430081715,70
14,1,17459.4951264542,50
15,1,16841.8238778766,360
16,1,16471.4669152182,20
17,1,16356.4749417882,20
18,1,16749.8080856903,50
19,1,18573.774744112,20
20,1,20201.8613674543,90
21,1,20875.0268364137,90
22,1,20794.8522049584,50
23,1,19990.9350330061,50
24,1,18667.2539208108,50
1,2,16888.0590443686,50
2,2,15467.5528949876,360
3,2,14675.3779136562,360
4,2,14340.9601466712,360
5,2,14214.5389067703,360
6,2,14447.9341171253,360
7,2,15626.9630286591,360
8,2,17240.8370013568,50
9,2,18017.509918494,360
10,2,18808.7370724343,360
11,2,19134.3430024236,360
12,2,19154.5822662557,360
13,2,18990.7207710296,20
14,2,18553.6688243002,360
15,2,17967.5139836444,360
16,2,17276.1438781489,360
17,2,17049.8600963121,50
18,2,17235.2410205053,50
19,2,18708.7201382183,50
20,2,19908.6589864679,50
21,2,20291.2702339832,360
22,2,19984.9168956615,360
23,2,19051.5149224959,360
24,2,18089.4309725943,50
1,3,16612.2760492489,360
2,3,15059.5721505394,360
3,3,14179.1619517561,360
4,3,13770.7440654185,320
5,3,13611.7580207547,320
6,3,13802.2859608881,320
7,3,14662.9100627895,320
8,3,15933.9488500783,320
9,3,16677.9578537829,360
10,3,17383.9680351876,180
11,3,17730.5771334292,50
12,3,17695.7558941115,50
13,3,17335.5728973781,360
14,3,17024.0638253251,360
15,3,16594.1600688398,360
16,3,16192.6320862416,50
17,3,15978.5981101207,0
18,3,16002.4749801978,360
19,3,17381.8468560069,360
20,3,18629.8691211026,110
21,3,19011.1200949685,70
22,3,18896.5268666437,0
23,3,18186.6020257715,140
24,3,17059.1100280322,110
1,4,15486.5101317409,0
2,4,14278.7668281569,360
3,4,13543.046014661,0
4,4,13251.1550211795,90
5,4,13217.0879189484,0
6,4,13412.4211082906,0
7,4,14469.0949474257,90
8,4,15856.9909512787,110
9,4,16457.2308919337,50
10,4,17008.9699170077,360
11,4,17125.753031035,360
12,4,16922.5257999336,360
13,4,16482.5201090907,360
14,4,16064.7891980615,320
15,4,15690.351898171,360
16,4,15329.7870889325,320
17,4,15149.7220981903,360
18,4,15276.278896437,360
19,4,16525.6179124601,360
20,4,17588.6780241353,360
21,4,17885.7638147082,360
22,4,17576.0030598268,360
23,4,16878.4938442688,320
24,4,15887.4092165772,360
1,5,14646.6688306872,360
2,5,13448.8991103013,320
3,5,12685.7980813906,50
4,5,12271.3599393023,230
5,5,12030.4719329681,360
6,5,11936.5699085277,360
7,5,12154.5749762412,360
8,5,12549.3549675979,360
9,5,12705.0560324135,320
10,5,13316.1649270672,320
11,5,13781.2548128124,320
12,5,13769.1071474608,320
13,5,13586.2230738193,320
14,5,13310.2368481811,320
15,5,12965.4650548955,360
16,5,12683.9950968465,360
17,5,12568.3040647981,320
18,5,12879.9239927917,320
19,5,14393.2426898861,360
20,5,15471.3428990943,360
21,5,15730.3789771225,360
22,5,15374.1188735391,360
23,5,14777.2750021592,360
24,5,14016.400899834,360
1,6,13079.200921529,320
2,6,12120.5660912904,320
3,6,11575.5320379576,320
4,6,11158.1780366069,270
5,6,10991.8430018323,270
6,6,11031.5020120451,270
7,6,11353.701929654,230
8,6,11772.6490214551,230
9,6,12182.661073367,200
10,6,12965.1080295886,200
11,6,13558.3509675179,180
12,6,13681.8709022077,200
13,6,13696.4111536285,230
14,6,13455.9038418246,230
15,6,13136.3040721705,180
16,6,12975.1621250728,200
17,6,13063.7519174563,200
18,6,13325.4248515824,250
19,6,15029.1180031067,250
20,6,16657.4859975455,230
21,6,16992.0099870348,230
22,6,16423.7138835629,230
23,6,15749.958915689,230
24,6,15260.4832088975,230
1,7,14815.6067729712,230
2,7,13759.2820188375,230
3,7,12985.2869279431,180
4,7,12490.4809255684,0
5,7,12226.8149367557,270
6,7,12145.9398317756,0
7,7,12229.9749991363,270
8,7,12382.2408724437,0
9,7,12401.1960429801,270
10,7,13140.9848301127,270
11,7,13601.5528041781,0
12,7,13828.1049239677,320
13,7,13655.1471842015,320
14,7,13240.8579629883,360
15,7,12840.0009798654,360
16,7,12615.274021294,360
17,7,12731.5141246561,320
18,7,13370.9959325881,50
19,7,15196.3019628585,360
20,7,16642.7990597067,50
21,7,17488.7898688605,50
22,7,17690.612959357,360
23,7,17104.5899649849,50
24,7,16192.2990102395,360
1,1,14796.8309199968,50
2,1,13564.1859400859,360
3,1,12932.0959663568,360
4,1,12531.846846371,360
5,1,12489.7461145381,360
6,1,12694.8460032959,90
7,1,13749.7110874858,50
8,1,15029.1908884663,360
9,1,15722.4079861119,50
10,1,16510.752029621,360
11,1,17012.1418458447,360
12,1,17033.905887323,360
13,1,16887.0289239306,360
14,1,16791.764052514,320
15,1,16603.2737764716,360
16,1,16298.4288783018,360
17,1,15981.7981069535,0
18,1,16021.010046199,0
19,1,17235.5051653348,0
20,1,18298.828112971,0
21,1,18599.6648311107,0
22,1,18304.8889238369,140
23,1,17625.3029004578,90
24,1,16267.2869849429,90
1,2,14947.413060626,140
2,2,13859.1780689377,140
3,2,13065.3090409152,90
4,2,12721.6200418156,0
5,2,12678.0290169846,90
6,2,12933.4850878213,90
7,2,13818.6472139526,90
8,2,15223.6849104725,140
9,2,15890.5509696994,90
10,2,16719.782947775,140
11,2,17357.5359895562,90
12,2,17564.6720993295,90
13,2,17514.8268717639,90
14,2,17296.8530076125,140
15,2,16995.109870279,140
16,2,16625.5088869911,140
17,2,16434.437098138,50
18,2,16478.4408891546,90
19,2,18016.0080023548,50
20,2,19455.8409442593,90
21,2,19911.9562990339,90
22,2,19651.6357030598,140
23,2,18787.0331488801,90
24,2,17668.0249774884,90
1,3,16087.7599446857,90
2,3,14772.0160947738,90
3,3,13918.0270215292,90
4,3,13555.8439967539,90
5,3,13469.5420525391,90
6,3,13600.9381080419,90
7,3,14705.7758457223,90
8,3,16021.6079073995,90
9,3,16878.1741511617,70
10,3,17638.55083175,70
11,3,18330.0081503652,90
12,3,18538.4068108238,50
13,3,18634.2529714536,70
14,3,18554.221020285,70
15,3,18368.2008829396,90
16,3,18144.0260569509,90
17,3,18109.5030637067,70
18,3,18298.4773044651,70
19,3,19376.2306424305,70
20,3,20403.8828229979,90
21,3,20668.4598967098,90
22,3,20310.3667380027,90
23,3,19417.7920427992,90
24,3,18198.59696755,140
1,4,16632.7639566883,90
2,4,15060.5588222174,140
3,4,14267.2440143432,90
4,4,13888.9060297869,140
5,4,13810.708079312,180
6,4,13972.5250334626,140
7,4,14898.7160158604,140
8,4,16190.7989765625,0
9,4,16975.3068400621,180
10,4,17795.3530874364,140
11,4,18230.9789149738,140
12,4,18209.3038475346,180
13,4,17838.7659944147,320
14,4,17297.7830060255,230
15,4,16746.7009484693,230
16,4,16362.1278148552,270
17,4,16151.6390290259,270
18,4,16285.693967144,230
19,4,17907.8298837468,230
20,4,19530.1531804055,0
21,4,20128.2930386607,0
22,4,20008.4177871547,0
23,4,19362.8589330465,230
24,4,18322.5368533339,0
1,5,16754.9999491982,0
2,5,15362.0080257226,0
3,5,14504.5900125485,0
4,5,14134.1909056529,0
5,5,14105.8210055529,0
6,5,14343.2309027882,230
7,5,15269.4390405389,230
8,5,16653.1172464555,230
9,5,17484.2250420208,270
10,5,18385.9000340174,270
11,5,18638.1809010264,270
12,5,18398.9051436894,270
13,5,17855.9030139669,270
14,5,17479.0840908119,320
15,5,17061.2981035244,320
16,5,16777.6568649188,360
17,5,16463.0111199785,360
18,5,16682.3551623169,360
19,5,18232.2780425344,320
20,5,19834.3328061588,360
21,5,20358.1248574909,320
22,5,20298.5518566426,360
23,5,19601.9179909545,270
24,5,18593.1489796499,270
1,6,17159.665066056,270
2,6,15880.2009788733,270
3,6,14997.2179605048,270
4,6,14470.1601905525,230
5,6,14141.5240203217,180
6,6,14084.008998692,180
7,6,14473.3359641023,180
8,6,15121.2630478293,230
9,6,15549.5960062051,200
10,6,16550.455879638,200
11,6,16954.1419731509,230
12,6,16762.2951294649,230
13,6,16342.9728799947,200
14,6,15921.4052150061,200
15,6,15713.3141633449,230
16,6,15700.1389724109,200
17,6,15774.2959920843,180
18,6,16338.0460755765,230
19,6,18124.1299941698,200
20,6,19739.6789233661,200
21,6,20259.1390144899,200
22,6,20102.707783442,200
23,6,19496.9349357234,230
24,6,18616.8752247058,230
1,7,17526.436963614,200
2,7,16196.4131678995,230
3,7,15061.1538986377,200
4,7,14445.9127864409,200
5,7,14035.5140694603,230
6,7,13899.0950392261,230
7,7,13949.1828717049,200
8,7,14149.0030098576,200
9,7,14144.2441442967,230
10,7,15048.3100456012,230
11,7,16039.4459607196,180
12,7,16415.9088252131,230
13,7,16351.1198526756,200
14,7,16085.5901576853,200
15,7,15656.2580348798,180
16,7,15460.892104527,180
17,7,15382.050027394,180
18,7,15828.7850629161,180
19,7,17775.2331098868,180
20,7,19667.8530579861,180
21,7,20510.2609906709,180
22,7,20643.186093227,180
23,7,20124.6130477106,180
24,7,18902.26305914,180
1,1,17252.3941519009,180
2,1,15871.2160482099,90
3,1,14975.8369141119,140
4,1,14515.1380654639,180
5,1,14433.9830973046,180
6,1,14702.1821786861,180
7,1,15806.8372464217,180
8,1,17291.8098452836,230
9,1,18342.5778991766,0
10,1,19598.5509041166,180
11,1,20242.9139307961,200
12,1,20144.7090368047,180
13,1,19680.3972781133,270
14,1,19266.0740707275,270
15,1,18662.8781677559,270
16,1,18255.8439342899,230
17,1,18104.1120260023,230
18,1,18352.4840537477,270
19,1,20004.1603322839,270
20,1,21774.5370343276,270
21,1,22515.2118861089,270
22,1,22457.2798571335,270
23,1,21673.7999745775,320
24,1,20288.648800513,230
1,2,18441.2659207108,270
2,2,16880.7619334599,270
3,2,15849.4680017913,320
4,2,15412.4650403848,320
5,2,15300.342796213,270
6,2,15342.1551382374,270
7,2,16232.4120386429,270
8,2,17702.1911474615,270
9,2,18685.0040382408,270
10,2,19763.4879899528,270
11,2,20068.380948972,270
12,2,19760.2039949847,270
13,2,19267.7981357258,270
14,2,18704.8389648264,270
15,2,18048.6728777234,270
16,2,17452.5819476908,270
17,2,17219.2068054555,270
18,2,17292.9170264443,270
19,2,18779.343246921,270
20,2,20573.6260965914,270
21,2,21138.6608121367,270
22,2,20852.304842364,270
23,2,20171.5990277985,270
24,2,19098.5700468207,270
1,3,17713.1020921553,270
2,3,16396.9900943106,270
3,3,15479.3690717174,270
4,3,15008.8912069823,270
5,3,14827.4889705358,270
6,3,15010.7810706719,270
7,3,15810.4060554295,270
8,3,17020.3668721542,270
9,3,17853.4131315798,230
10,3,18768.4441018943,270
11,3,18970.6780108158,320
12,3,18626.3951546755,320
13,3,18038.6749156853,320
14,3,17410.1649145037,320
15,3,16828.1458608944,360
16,3,16408.134914774,360
17,3,16220.0349351417,360
18,3,16419.1651253672,360
19,3,17982.8731681787,360
20,3,19645.0119782751,360
21,3,20153.5241148123,360
22,3,20021.4821023988,360
23,3,19455.6068726992,360
24,3,18325.1990471054,320
1,4,16807.9781238358,320
2,4,15361.5430028029,320
3,4,14523.3338827379,320
4,4,14157.4097850155,320
5,4,14020.1671691262,360
6,4,14244.6277639838,320
7,4,15048.1057944745,320
8,4,16302.5738085611,320
9,4,17009.0249708295,360
10,4,17863.4050237071,320
11,4,18038.1449853331,320
12,4,17788.0022587832,270
13,4,17369.3918859856,320
14,4,16799.2461997857,320
15,4,16355.0609441958,360
16,4,15930.4549261434,320
17,4,15628.8449774995,360
18,4,15720.6700835293,360
19,4,17129.8280959422,360
20,4,18706.2019578654,50
21,4,19206.1800510557,360
22,4,19183.2691839123,360
23,4,18453.2999658268,360
24,4,17391.4279541336,360
1,5,15826.2481715006,320
2,5,14592.2051334176,360
3,5,13902.9779663505,360
4,5,13445.9641261306,320
5,5,13438.7540830267,320
6,5,13647.6838624049,320
7,5,14454.8358538495,320
8,5,15532.3920608191,320
9,5,16091.8698342033,320
10,5,16865.3301182017,320
11,5,16910.7999595562,320
12,5,16612.7349369489,290
13,5,16283.7068030834,320
14,5,15734.2769838925,270
15,5,15211.1589526283,290
16,5,14837.2108418532,360
17,5,14682.0867869724,360
18,5,14668.2610349902,20
19,5,15870.3279026635,360
20,5,17138.7999702115,0
21,5,17431.182043609,50
22,5,17094.8620895408,50
23,5,16393.3259207783,50
24,5,15578.9601142686,90
1,6,14453.2829181897,50
2,6,13526.2659667148,90
3,6,12791.2180257048,140
4,6,12450.6698907986,140
5,6,12298.5400701368,90
6,6,12230.6350018568,140
7,6,12465.4329964649,90
8,6,12970.6520947991,90
9,6,13241.5201171013,70
10,6,14094.6490738685,70
11,6,14666.0628539519,90
12,6,14842.1230953811,50
13,6,14782.3491455356,50
14,6,14449.3850265245,50
15,6,14173.8598519088,50
16,6,14073.7940223301,50
17,6,14157.7828552499,90
18,6,14510.8640234796,50
19,6,15765.1168630021,50
20,6,16854.4360954454,50
21,6,17136.2539287284,90
22,6,16759.2389477119,90
23,6,16096.5668625077,110
24,6,15249.7530563334,90
1,7,14276.5991725633,50
2,7,13277.7419038666,50
3,7,12569.3971327031,50
4,7,12019.7779898769,50
5,7,11762.6769686816,50
6,7,11590.7609529356,50
7,7,11558.5590060828,360
8,7,11681.1010285139,360
9,7,11522.7471261625,180
10,7,12129.8420386589,230
11,7,12848.2321058428,180
12,7,13306.434901807,230
13,7,13547.4378156452,230
14,7,13605.5720763449,180
15,7,13298.3498367788,180
16,7,13218.767060996,180
17,7,13336.0460960232,230
18,7,13749.0409862306,180
19,7,15220.9290308235,140
20,7,16685.2910377765,230
21,7,17299.7639003915,230
22,7,17312.3888722658,140
23,7,16711.1869519576,140
24,7,15825.3800507309,180
1,1,14648.7299552951,140
2,1,13616.6419274891,140
3,1,12895.8021154171,180
4,1,12662.7510404517,140
5,1,12664.3581782049,140
6,1,13037.4611574151,140
7,1,14033.7028821521,140
8,1,15437.1120781805,140
9,1,16283.3740942962,230
10,1,17293.2150203565,180
11,1,17740.5359192882,160
12,1,17738.8680871311,180
13,1,17381.5171168447,140
14,1,16980.9770286349,140
15,1,16569.1962397108,90
16,1,16226.0542158912,140
17,1,16218.8100177692,180
18,1,16429.065058385,180
19,1,17919.0929696718,180
20,1,19539.8639669316,180
21,1,20122.127783265,0
22,1,20069.6133172533,180
23,1,19394.9711403013,180
24,1,18289.0842032908,180
1,2,16659.2539431059,180
2,2,15425.0329031842,180
3,2,14693.5899491793,180
4,2,14312.3399631288,230
5,2,14208.7281542327,180
6,2,14463.1320164204,180
7,2,15498.785945884,180
8,2,17004.5279037347,270
9,2,18058.9109824672,230
10,2,19182.8621003246,230
11,2,19783.7389273308,230
12,2,19787.1408388466,200
13,2,19568.4710761346,230
14,2,19216.2180469744,180
15,2,18959.3570088733,180
16,2,18775.3556798678,180
17,2,18678.9530753139,180
18,2,18804.3541130116,180
19,2,20185.3781596022,180
20,2,21895.730926496,230
21,2,22393.1469863886,230
22,2,22272.2532239826,230
23,2,21412.8340462502,180
24,2,20069.9157249033,180
1,3,18176.5490764156,180
2,3,16633.1509023197,180
3,3,15772.6010221541,230
4,3,15336.3322562862,180
5,3,15192.6870569391,180
6,3,15336.6279606419,140
7,3,16446.8969222819,180
8,3,17916.8890986955,180
9,3,18852.7621638186,180
10,3,19908.669225631,180
11,3,20475.1818818469,180
12,3,20612.8921830133,230
13,3,20484.0389110919,230
14,3,20250.2502832371,230
15,3,19994.0051350985,140
16,3,19665.4082629867,180
17,3,19443.8079192606,180
18,3,19492.7598241572,180
19,3,20857.7217088677,180
20,3,22483.7292172294,140
21,3,23080.5799219916,180
22,3,22970.4117849069,180
23,3,22132.8319412703,230
24,3,20764.7591423159,180
1,4,18789.3618346807,180
2,4,17164.0329118678,230
3,4,16202.406078049,0
4,4,15728.8889473518,0
5,4,15554.7651695022,0
6,4,15757.5528380126,270
7,4,16796.8739781361,0
8,4,18235.9109161338,270
9,4,19286.5919899694,270
10,4,20435.5011106408,230
11,4,20723.7341705392,230
12,4,20438.4442299316,230
13,4,19861.3149865,270
14,4,19255.5382573335,270
15,4,18777.4910651343,230
16,4,18287.8519757623,320
17,4,18038.7849991722,270
18,4,18096.6770189496,270
19,4,19580.229192513,270
20,4,21617.1120339631,270
21,4,22431.7280571582,270
22,4,22446.2611134015,270
23,4,21730.0510603171,270
24,4,20433.1937462809,270
1,5,18530.9712109389,270
2,5,17033.3050284432,270
3,5,16058.4208636144,270
4,5,15591.106762928,270
5,5,15376.7379726814,270
6,5,15566.3429836435,270
7,5,16654.709879905,270
8,5,17979.2791735036,270
9,5,18915.4879889428,270
10,5,19958.1380168581,270
11,5,20121.2030055206,290
12,5,19748.9299444961,290
13,5,19028.2971148192,320
14,5,18344.0990415821,320
15,5,17798.4779245681,320
16,5,17405.1370156482,360
17,5,17080.3701192173,360
18,5,17172.6029402977,320
19,5,18528.4579709645,320
20,5,20453.7631014483,320
21,5,21190.5359148912,320
22,5,21085.3810272003,320
23,5,20491.422911655,320
24,5,19578.463044716,320
1,6,18146.1461088276,320
2,6,16691.3268482066,320
3,6,15713.6230057529,320
4,6,15131.2811950161,320
5,6,14815.5249756826,270
6,6,14781.3181126853,320
7,6,15143.3560987161,270
8,6,15666.7168470765,360
9,6,16055.2340487782,320
10,6,17013.1099516293,360
11,6,17148.6919849413,320
12,6,16648.5099726245,320
13,6,15925.6011070617,320
14,6,15246.24785941,320
15,6,14708.5060503171,340
16,6,14318.738118501,320
17,6,14232.9960651975,320
18,6,14664.4848496914,360
19,6,16414.9221612681,360
20,6,18432.694994567,50
21,6,19090.2661376777,0
22,6,19056.5511138288,0
23,6,18519.7671096742,0
24,6,17757.4839803628,0
1,7,16682.5679036435,360
2,7,15535.1870898195,360
3,7,14708.7178902924,0
4,7,14082.8680775501,0
5,7,13685.1392694041,0
6,7,13510.5119850431,180
7,7,13600.1817599013,0
8,7,13685.7489798926,0
9,7,13642.7319178013,0
10,7,14403.4690686015,0
11,7,14905.1670497064,90
12,7,14702.101144006,180
13,7,14308.8729517949,180
14,7,13743.8430105834,90
15,7,13138.6170931831,140
16,7,12915.1759635336,90
17,7,12948.3210162383,90
18,7,13497.4929220038,50
19,7,15480.548008602,360
20,7,17777.7348566111,50
21,7,18839.3120574423,50
22,7,19063.2499099828,50
23,7,18564.1861295532,360
24,7,17476.8849338247,360
1,1,15964.7849303572,90
2,1,14657.2999966741,90
3,1,13927.1948915469,90
4,1,13591.1729584923,90
5,1,13556.6790100634,90
6,1,13965.8649809946,90
7,1,15167.4738836584,0
8,1,16821.5069435006,0
9,1,17653.2851244807,0
10,1,18661.6388782002,360
11,1,18908.9698885232,360
12,1,18620.5961090066,360
13,1,17960.0238535404,270
14,1,17347.8911910707,360
15,1,16885.0689565968,270
16,1,16455.7882038951,340
17,1,16305.4459422487,320
18,1,16328.9211627357,340
19,1,17645.1938276431,360
20,1,19717.4639659291,360
21,1,20563.3097885698,50
22,1,20585.3362333542,50
23,1,19801.9217976434,360
24,1,18520.3040841455,360
1,2,16739.6540351408,360
2,2,15397.0090347817,360
3,2,14581.0978770768,320
4,2,14290.4202586568,320
5,2,14248.3019107161,320
6,2,14531.4060580507,270
7,2,15680.4360809503,270
8,2,17178.3149153655,270
9,2,17955.1809285898,270
10,2,18742.8021807577,250
11,2,18666.6340921652,270
12,2,18206.7600036748,270
13,2,17502.3450238649,290
14,2,16915.2831021529,290
15,2,16327.2329937331,320
16,2,15963.5489699112,340
17,2,15753.2609313175,340
18,2,15845.9189274665,50
19,2,17183.1549142073,20
20,2,19218.170769304,0
21,2,19988.5329565918,360
22,2,20035.2178013017,360
23,2,19324.090096157,0
24,2,18070.8117787698,50
1,3,16407.0490325135,50
2,3,15116.8741212643,360
3,3,14389.0081254258,360
4,3,14031.3029003018,360
5,3,13950.3569974478,320
6,3,14244.4049500274,320
7,3,15425.3061232376,320
8,3,16880.145891719,320
9,3,17547.3160139769,320
10,3,18201.6978995763,320
11,3,18288.2700701747,320
12,3,17877.3509010803,360
13,3,17292.5019681545,360
14,3,16602.7191683967,360
15,3,16127.8078767899,360
16,3,15715.2709405348,360
17,3,15589.0520791961,360
18,3,15797.8999781022,360
19,3,17377.8580263844,50
20,3,19138.4410675345,50
21,3,19815.250038485,50
22,3,19816.5369564341,90
23,3,19058.4020752729,50
24,3,17793.8100627549,360
1,4,16173.7020027642,360
2,4,14962.8261399297,360
3,4,14266.2330218747,320
4,4,13885.4489435543,320
5,4,13821.8971212641,320
6,4,14073.3771197158,320
7,4,15173.2819148957,320
8,4,16634.1031630251,270
9,4,17233.0190147366,340
10,4,18092.4369448049,340
11,4,18503.6710286001,340
12,4,18575.0400708746,340
13,4,18362.97978599,360
14,4,18000.3130205083,320
15,4,17843.7129598567,20
16,4,17452.7081242353,340
17,4,17220.7489230372,20
18,4,17090.7768781399,270
19,4,17930.0329263201,340
20,4,19551.3118953058,50
21,4,20110.3201778997,50
22,4,19970.8538538935,20
23,4,19174.994991513,50
24,4,17936.2390704593,360
1,5,16280.4529442797,20
2,5,15133.1020133332,20
3,5,14368.4138545059,360
4,5,14011.6338317366,360
5,5,13903.7389667211,340
6,5,13989.0471457029,340
7,5,15158.9501705617,360
8,5,16440.7499946225,360
9,5,16850.2420062618,320
10,5,17286.1411127698,320
11,5,17238.7400558367,320
12,5,16915.0550018362,320
13,5,16463.8009107425,360
14,5,15875.7181648165,360
15,5,15353.0949698128,50
16,5,14981.9629122764,360
17,5,14873.0701057855,360
18,5,14856.0469954116,340
19,5,15765.900174479,360
20,5,17197.4969214899,50
21,5,17577.1570382984,360
22,5,17328.2968051275,360
23,5,16625.1948759314,360
24,5,15758.4300888842,360
1,6,14750.4840415036,320
2,6,13594.4069922254,360
3,6,12892.6350043556,320
4,6,12519.541084704,360
5,6,12416.9099574871,320
6,6,12383.7408244945,360
7,6,12614.3089823117,360
8,6,13011.1220485196,320
9,6,13201.1709729526,320
10,6,13940.0699476004,320
11,6,14163.2870476171,320
12,6,14019.6190109071,360
13,6,13785.2541053109,360
14,6,13385.0218542032,360
15,6,13009.0000235271,270
16,6,12714.6969955508,270
17,6,12583.0019019349,320
18,6,12792.9550942043,360
19,6,13847.9360001418,320
20,6,15270.8471815186,320
21,6,15492.4358107597,360
22,6,15169.1230091611,320
23,6,14541.7189413038,360
24,6,13810.649840069,360
1,7,13040.2821078496,360
2,7,12256.3079540702,360
3,7,11635.5770040331,140
4,7,11212.890936208,140
5,7,11002.6939361435,140
6,7,10876.3501224751,140
7,7,10929.2079341058,90
8,7,11041.705966833,90
9,7,10992.1890462026,110
10,7,11744.350134789,110
11,7,12683.2940595821,90
12,7,13319.8500795169,90
13,7,13857.5752503779,90
14,7,14064.2430214859,110
15,7,14089.8660814981,110
16,7,14317.9966776981,110
17,7,14679.2318815026,90
18,7,15426.6820134255,90
19,7,16475.0100543648,160
20,7,17704.0568660786,50
21,7,18362.3890584623,90
22,7,18382.4828607542,90
23,7,17767.4378536278,90
24,7,16754.331906761,180
1,1,15524.5300552454,90
2,1,14284.7450082311,90
3,1,13605.318075262,90
4,1,13339.5989235677,140
5,1,13341.2779160895,90
6,1,13694.3660494627,90
7,1,14943.021026114,90
8,1,16462.4300541412,140
9,1,17408.1020136867,90
10,1,18650.7408515457,140
11,1,19352.1028495729,90
12,1,19868.7976979911,90
13,1,19857.4148770329,90
14,1,19582.5773512218,90
15,1,19252.3198138473,90
16,1,19049.108014876,140
17,1,18919.3228948023,140
18,1,18902.4800555399,140
19,1,19891.9889823552,180
20,1,21429.3071401464,140
21,1,21968.8369181193,140
22,1,21779.4988959329,140
23,1,20905.7347870646,140
24,1,19506.6127818562,140
1,2,17733.0439212155,180
2,2,16168.9719631672,140
3,2,15341.2509223241,110
4,2,14952.405971271,140
5,2,14804.3340093885,160
6,2,15084.1850528102,180
7,2,16269.2351079434,90
8,2,17810.5338787101,180
9,2,18677.391920168,180
10,2,19658.5361517258,180
11,2,20097.1140563972,180
12,2,19970.7539420947,180
13,2,19574.5560594033,180
14,2,19124.218982622,180
15,2,18676.9807672165,140
16,2,18351.6801730804,140
17,2,18133.4260383062,180
18,2,18096.5010826914,140
19,2,19329.4270270718,180
20,2,21402.993753535,140
21,2,22203.7228955922,160
22,2,22135.4101045968,180
23,2,21453.8579073008,180
24,2,20021.3997207782,0
1,3,18023.2540530444,270
2,3,16505.0371079687,270
3,3,15689.3010137631,270
4,3,15276.5951882359,270
5,3,15198.1610504165,270
6,3,15476.6751394328,290
7,3,16631.8268535323,290
8,3,18188.9760389645,270
9,3,18927.8170228312,200
10,3,19861.7109681051,230
11,3,20020.1969149447,270
12,3,19728.0879557149,230
13,3,19074.3699526356,230
14,3,18412.1799076237,230
15,3,17879.5588209182,230
16,3,17435.5590534341,180
17,3,17238.8382131383,230
18,3,17374.5628093099,140
19,3,18668.0920205209,140
20,3,20795.6738991374,140
21,3,21709.4251602141,140
22,3,21768.4442374273,180
23,3,21094.232749518,140
24,3,19836.8677527942,140
1,4,17919.5169811659,90
2,4,16397.7209858168,90
3,4,15476.6038902747,90
4,4,14956.9420751315,90
5,4,14853.1519584507,90
6,4,15208.1289503276,90
7,4,16346.3039328931,90
8,4,17903.3339283783,140
9,4,18627.5941131562,140
10,4,19519.588079039,90
11,4,19685.2955956794,90
12,4,19406.5309041865,90
13,4,18853.9081479367,50
14,4,18313.1461659539,50
15,4,17826.9271647537,90
16,4,17451.7179463301,50
17,4,17233.0979439411,50
18,4,17474.9539527763,360
19,4,18829.8099834444,50
20,4,20992.6338527233,50
21,4,21814.8681331174,50
22,4,21774.748824229,50
23,4,21090.9744133353,50
24,4,19700.9150441021,50
1,5,17983.6641339352,50
2,5,16470.6440281123,50
3,5,15578.5689750109,50
4,5,15123.9879703745,90
5,5,15074.9158479786,50
6,5,15305.7721577249,50
7,5,16527.4630140662,50
8,5,17824.726040611,0
9,5,18557.9698592816,180
10,5,19273.7200833727,0
11,5,19348.1839469185,50
12,5,18996.1619847529,20
13,5,18459.5112017428,50
14,5,17874.5302366435,320
15,5,17519.6278832108,340
16,5,17275.0790175516,360
17,5,17016.1298695859,50
18,5,16941.4300492853,50
19,5,18009.6398564922,90
20,5,20049.7150598648,50
21,5,20706.43081096,90
22,5,20707.6799360773,90
23,5,20122.6210319884,90
24,5,19078.6229518373,90
1,6,17633.9750003293,90
2,6,16232.7240136729,50
3,6,15295.8490494527,50
4,6,14821.1950801034,360
5,6,14630.8058396428,50
6,6,14512.5588300824,50
7,6,14815.7579091806,50
8,6,15278.5099392869,0
9,6,15748.8020885582,0
10,6,16524.4700540267,0
11,6,16536.3401998933,360
12,6,15988.052842889,360
13,6,15316.1529185809,320
14,6,14844.0059331674,50
15,6,14317.5249151327,50
16,6,13955.5659854608,90
17,6,13844.1490713144,320
18,6,14115.7228545956,360
19,6,15492.3060474861,360
20,6,17571.5501104826,50
21,6,18308.4880249184,70
22,6,18307.0081679383,70
23,6,17805.7521119299,90
24,6,17010.0309885573,50
1,7,15986.7589291241,0
2,7,14925.0400452269,50
3,7,14053.5500182491,0
4,7,13542.9128187392,0
5,7,13139.9640145209,0
6,7,13063.8262158986,0
7,7,13114.0918198191,0
8,7,13059.866891264,0
9,7,13162.511047449,0
10,7,14042.9040649394,50
11,7,14504.4000770869,90
12,7,14299.8718416644,50
13,7,13725.391861679,340
14,7,13279.4980005985,320
15,7,12744.1170587661,320
16,7,12516.9280995941,50
17,7,12415.5240030084,360
18,7,12878.1939350478,360
19,7,14354.8179819041,360
20,7,16614.2678939309,50
21,7,17484.3281694083,70
22,7,17604.5370734688,70
23,7,17148.5598334335,20
24,7,16384.9120433629,20
1,1,15308.5149245895,20
2,1,14184.1080124807,50
3,1,13417.91398298,50
4,1,12954.2669279589,20
5,1,12690.676997412,50
6,1,12685.3121006452,50
7,1,12846.0771104619,360
8,1,12974.1600159029,20
9,1,13087.414972268,50
10,1,13903.7031915663,50
11,1,14353.5652111713,360
12,1,14283.9419691693,340
13,1,14029.2490712171,320
14,1,13681.0489417462,360
15,1,13172.6897868374,50
16,1,12889.3861272205,360
17,1,12901.9790338557,360
18,1,13320.4909270909,50
19,1,14522.9220109638,360
20,1,16470.1479766956,50
21,1,17067.9220199212,360
22,1,17085.4551738743,50
23,1,16416.2037917832,360
24,1,15446.9660687745,360
1,2,14102.1118719392,360
2,2,13027.4019276425,360
3,2,12362.0509315599,360
4,2,12104.2318423707,360
5,2,12099.1988777537,360
6,2,12454.5121349208,360
7,2,13669.2701568333,360
8,2,14905.6669291388,360
9,2,15489.4859035974,0
10,2,16126.8328389116,320
11,2,16300.7909662053,320
12,2,16255.227011242,320
13,2,16026.1649458515,360
14,2,15674.6400358677,320
15,2,15333.238916222,360
16,2,15129.5038996747,360
17,2,14800.33795851,360
18,2,14703.0408693971,50
19,2,15536.2100737328,90
20,2,17131.8159990162,90
21,2,17685.3180470224,90
22,2,17526.2779554259,90
23,2,16839.2790258578,90
24,2,15777.7580751916,50
1,3,14426.0361735903,50
2,3,13304.4468501536,90
3,3,12748.2799555194,50
4,3,12432.8850282605,50
5,3,12418.7021079799,360
6,3,12716.0069933217,360
7,3,13716.9950989299,90
8,3,14719.1459940784,90
9,3,15097.3258801941,50
10,3,15763.4797879327,50
11,3,16019.3731918745,90
12,3,16023.6859317664,90
13,3,15937.9950270616,90
14,3,15777.9150892943,50
15,3,15581.9350914042,50
16,3,15395.4699793141,90
17,3,15221.512179384,70
18,3,15199.4630736001,90
19,3,15909.0280556837,90
20,3,17386.8098114142,50
21,3,17775.8748589056,90
22,3,17536.1620471329,90
23,3,16691.9331617225,90
24,3,15755.0980006782,90
1,4,14492.9351296965,50
2,4,13405.6029394707,90
3,4,12757.9990302129,90
4,4,12496.2310651792,90
5,4,12402.1490912037,90
6,4,12585.6048771665,90
7,4,13443.2530457266,90
8,4,14485.4520419016,90
9,4,14911.0810913369,140
10,4,15939.5808002604,140
11,4,16636.7851021551,180
12,4,16963.3210804909,160
13,4,16914.2248818316,140
14,4,16819.6428721081,140
15,4,16489.3252398763,160
16,4,16136.5552190384,140
17,4,15773.1619371613,90
18,4,15613.0469016284,90
19,4,16221.1911755493,90
20,4,17710.8728281772,50
21,4,18136.3561155349,360
22,4,17893.1488207374,50
23,4,17142.4840611015,0
24,4,16196.5490277978,360
1,5,14825.4451087518,360
2,5,13758.8939696884,0
3,5,13145.1720035002,270
4,5,12943.8379023206,180
5,5,12898.6478982065,180
6,5,13027.0269199861,180
7,5,14059.372141744,180
8,5,15030.0791502707,180
9,5,15525.3950743414,180
10,5,16132.2731763497,180
11,5,16367.1218461208,180
12,5,16397.2881336673,180
13,5,16135.0572188261,180
14,5,15798.7840076032,180
15,5,15478.2709213365,160
16,5,15144.6421642946,180
17,5,14959.8039523212,180
18,5,14879.9191136039,180
19,5,15542.3400661126,0
20,5,17226.5218580849,180
21,5,17621.9718049355,230
22,5,17393.3810922075,200
23,5,16753.7078709081,200
24,5,15910.0258826879,180
1,6,14913.745948513,200
2,6,13856.9190569622,180
3,6,13262.1590183589,180
4,6,12866.5161906619,0
5,6,12660.9931070069,180
6,6,12613.802073922,90
7,6,13011.169120796,70
8,6,13325.0459069237,90
9,6,13712.2119816168,90
10,6,14608.2199007198,90
11,6,14954.5830315347,90
12,6,15020.8731185012,50
13,6,14810.26776799,50
14,6,14537.6958875618,360
15,6,14234.5150788461,360
16,6,14092.5190487043,50
17,6,14174.8300061543,50
18,6,14368.8199811643,50
19,6,15219.8390850946,20
20,6,16772.9449665369,20
21,6,17133.0940110805,360
22,6,16873.675912165,50
23,6,16189.3219862571,360
24,6,15334.4829696377,360
1,7,14355.0730171725,320
2,7,13390.9451945238,360
3,7,12598.3890786506,360
4,7,12137.0419354374,90
5,7,11913.6799841607,0
6,7,11768.6700633029,90
7,7,11749.0920666708,0
8,7,11553.460056019,360
9,7,11519.0479037268,180
10,7,12199.9619767303,230
11,7,12632.9560644468,180
12,7,12832.4210103718,180
13,7,12912.5590232136,180
14,7,12683.8319830438,180
15,7,12310.5339560136,230
16,7,12073.3309547091,140
17,7,12062.657912699,180
18,7,12157.5120425075,180
19,7,13168.7030659416,230
20,7,15139.6077999444,230
21,7,15953.2130168778,180
22,7,16034.4447905561,180
23,7,15620.461137776,180
24,7,14738.9889582852,180
1,1,13676.6730081476,180
2,1,12807.9980565868,0
3,1,12320.7491774382,230
4,1,12051.0929741971,0
5,1,11989.1560645411,0
6,1,12361.626929177,230
7,1,13696.3339938256,230
8,1,14915.399006458,230
9,1,15634.1890630983,180
10,1,16552.7920900648,140
11,1,17034.0029222704,140
12,1,17237.9979341868,90
13,1,17148.5269583985,180
14,1,16939.3898761662,180
15,1,16679.4149630088,180
16,1,16200.9300999602,180
17,1,15978.3030796647,180
18,1,15934.7358787917,230
19,1,16662.6929724012,140
20,1,18555.7061138861,180
21,1,19259.128005987,140
22,1,19134.8450009972,140
23,1,18408.6188624818,110
24,1,17290.8970657811,90
1,2,15645.9219811652,140
2,2,14416.4921221565,90
3,2,13765.0018244535,140
4,2,13444.7739543226,90
5,2,13448.0951105077,140
6,2,13689.1811157279,140
7,2,14882.1621040534,140
8,2,16021.6060006972,90
9,2,16692.717920605,90
10,2,17425.5568915317,110
11,2,17615.1211048383,110
12,2,17366.6871443782,340
13,2,16957.7188885938,90
14,2,16504.5678849663,110
15,2,16044.268197367,110
16,2,15733.824019555,90
17,2,15583.3290631509,90
18,2,15712.0148748346,70
19,2,16649.7361404272,70
20,2,18678.1457950547,90
21,2,19414.0960545978,90
22,2,19326.467049649,90
23,2,18537.3300187513,90
24,2,17299.5161088402,90
1,3,15770.6811057588,90
2,3,14558.4239707068,140
3,3,13876.832898479,90
4,3,13486.3140520789,140
5,3,13486.4641644154,140
6,3,13717.9101339132,140
7,3,14799.7840772793,140
8,3,16015.1341284812,90
9,3,16733.0447450466,90
10,3,17461.3129386883,90
11,3,17557.6709108297,90
12,3,17387.6499977,90
13,3,16970.3029727265,90
14,3,16602.6402234733,90
15,3,16193.6880974686,50
16,3,15835.6559265086,90
17,3,15621.1869419338,90
18,3,15628.0810015043,360
19,3,16340.6831108229,360
20,3,18386.1649638591,360
21,3,19237.4209184041,90
22,3,19226.2738711378,50
23,3,18489.0548540368,0
24,3,17300.4129909594,0
1,4,15835.3500150028,360
2,4,14630.4699230175,320
3,4,13885.8758841511,50
4,4,13537.7939019958,320
5,4,13571.0291134843,320
6,4,13805.8881828934,320
7,4,14892.2811810188,270
8,4,16006.6558344094,270
9,4,16715.0750183351,270
10,4,17420.1959900092,270
11,4,17402.9449571031,270
12,4,17107.9830567818,320
13,4,16678.7759103868,320
14,4,16146.4121606518,320
15,4,15628.7869323306,320
16,4,15213.7418661919,320
17,4,15130.6548821349,320
18,4,15115.1579395589,320
19,4,15905.054019587,320
20,4,17792.2169708945,320
21,4,18466.4303067438,320
22,4,18430.6689737681,320
23,4,17732.249962762,320
24,4,16706.7438818757,270
1,5,15301.1910505909,230
2,5,14167.2290375177,230
3,5,13446.629022602,230
4,5,13198.0900853612,180
5,5,13223.4019772112,180
6,5,13465.6868881173,230
7,5,14554.2099472899,230
8,5,15404.3458620515,180
9,5,16184.2769890353,180
10,5,16910.0779561689,90
11,5,17010.9880046165,160
12,5,16856.7921062633,160
13,5,16465.994037753,230
14,5,15940.7021162044,180
15,5,15528.6380088469,360
16,5,15222.0051753111,320
17,5,15071.3640513551,360
18,5,15077.5969935302,50
19,5,16013.8790739235,360
20,5,17891.1702122239,50
21,5,18512.0310200816,50
22,5,18387.091022661,50
23,5,17706.2699349483,50
24,5,16726.2379392218,90
1,6,15554.0168595518,50
2,6,14437.7238274422,50
3,6,13729.788921108,50
4,6,13316.2619329095,360
5,6,13124.8999546748,360
6,6,13089.0399310975,360
7,6,13407.6560949199,360
8,6,13523.6519347872,320
9,6,14006.4209857993,320
10,6,14721.1320519708,320
11,6,14883.3371021635,360
12,6,14699.3291242048,360
13,6,14325.5649221996,360
14,6,13887.6360111432,360
15,6,13449.8481758422,360
16,6,13195.0180363599,360
17,6,13113.5320437344,360
18,6,13179.1711444333,360
19,6,13927.557031488,50
20,6,15775.00794901,360
21,6,16361.0398748126,360
22,6,16192.4139015912,270
23,6,15478.9919025591,360
24,6,14852.8249650616,0
1,7,13941.5607771846,360
2,7,13080.0410013385,360
3,7,12489.6021251975,360
4,7,12083.9399252944,360
5,7,11864.4138828926,0
6,7,11732.5219670404,320
7,7,11799.0500795804,360
8,7,11472.7999539031,0
9,7,11503.5639121989,360
10,7,12184.8290409222,340
11,7,12545.7549385498,340
12,7,12591.5051196367,320
13,7,12522.2438910864,290
14,7,12237.6550519485,20
15,7,11841.6349765379,340
16,7,11613.8709916296,70
17,7,11582.8060006611,50
18,7,11751.0350220799,70
19,7,12536.4980699262,90
20,7,14539.2429585159,20
21,7,15367.1220805282,50
22,7,15402.1521029379,50
23,7,14976.1981542734,50
24,7,14119.7339698654,50
1,1,13113.521003481,50
2,1,12216.6411213372,50
3,1,11723.2050884552,50
4,1,11450.8980551938,50
5,1,11497.4410267863,50
6,1,11910.9980774652,360
7,1,13030.3520714566,360
8,1,13746.4341429221,360
9,1,14410.6841572244,360
10,1,15066.2961408906,360
11,1,15370.9598041595,360
12,1,15526.6409165133,360
13,1,15398.340723455,360
14,1,15239.8029878568,360
15,1,14902.1269381407,360
16,1,14729.2429373274,360
17,1,14567.2348304428,360
18,1,14465.9830318009,360
19,1,14812.6148524778,50
20,1,16358.5998792714,50
21,1,16763.8409934593,70
22,1,16460.226903852,70
23,1,15579.3810738251,50
24,1,14493.5140187442,360
1,2,13346.7981181899,360
2,2,12432.5729358094,340
3,2,11881.6240168801,50
4,2,11701.3941149702,340
5,2,11747.7500636447,20
6,2,11923.4440613231,360
7,2,12880.6968729012,340
8,2,13554.7328943219,320
9,2,14113.5878692195,320
10,2,14782.6370377224,320
11,2,15101.3428805647,340
12,2,15403.3282819241,320
13,2,15465.2008737903,360
14,2,15406.6332479417,360
15,2,15276.0809326684,360
16,2,15013.0650822967,360
17,2,14872.0140878335,360
18,2,14760.7081239196,360
19,2,15082.5148351723,360
20,2,16519.4040712665,360
21,2,16819.3749288451,360
22,2,16393.4060115116,360
23,2,15473.9041595925,320
24,2,14422.9830567938,320
1,3,13345.0689041223,360
2,3,12467.5769185293,360
3,3,11953.7130119139,360
4,3,11714.5379744428,360
5,3,11711.5340502793,50
6,3,11941.0149317961,90
7,3,12739.4149621502,90
8,3,13381.8611503011,50
9,3,13924.2659267234,70
10,3,14682.9589049593,70
11,3,15190.5301083974,110
12,3,15507.814044253,90
13,3,15671.2669818336,70
14,3,15736.4739485718,70
15,3,15688.0400056643,50
16,3,15641.2699205484,90
17,3,15603.1010568887,70
18,3,15627.72294199,110
19,3,16132.7140588788,70
20,3,17131.0539261727,90
21,3,17427.499111969,90
22,3,17044.3958973531,50
23,3,16227.8590040952,50
24,3,15199.1650931416,90
1,4,13935.7890381264,140
2,4,13026.1361340738,90
3,4,12544.8139694268,90
4,4,12297.4129831074,90
5,4,12183.7849931913,90
6,4,12366.1730666533,90
7,4,13193.456981441,90
8,4,14077.9269531718,90
9,4,14596.6559707504,90
10,4,15383.3098676181,90
11,4,15906.4698727895,140
12,4,16296.6369928662,90
13,4,16330.2390062641,140
14,4,16224.6769685708,90
15,4,15975.8571257805,140
16,4,15863.8820484653,140
17,4,15831.36085587,140
18,4,15842.418017461,140
19,4,16409.4770377749,140
20,4,17641.4729346649,140
21,4,18034.1571856788,90
22,4,17636.2691763942,90
23,4,16856.8068549447,90
24,4,15839.648899517,90
1,5,14537.7899247985,90
2,5,13455.338943948,90
3,5,12809.2861424349,90
4,5,12613.836097233,90
5,5,12578.2400966259,90
6,5,12759.9359555878,50
7,5,13641.1160548143,90
8,5,14392.7322157538,90
9,5,14832.9549896438,90
10,5,15592.4579092348,90
11,5,15966.2330038834,50
12,5,16107.8539473955,50
13,5,15999.216035828,70
14,5,15692.8620589348,70
15,5,15372.6721025128,70
16,5,15082.4488123524,50
17,5,14886.0948659657,50
18,5,14847.8031129026,50
19,5,15358.4300777715,50
20,5,16942.3010191326,90
21,5,17449.1372396963,50
22,5,17236.2711469661,90
23,5,16425.915986741,90
24,5,15580.259110867,90
1,6,14479.3780750324,50
2,6,13579.4499130631,90
3,6,12879.4608808542,50
4,6,12516.8580335742,50
5,6,12312.6378665222,50
6,6,12268.5229533762,90
7,6,12467.3701959709,50
8,6,12519.1768956678,50
9,6,13013.4079964436,70
10,6,13862.0220907852,50
11,6,14106.9109913508,20
12,6,14287.3688618988,360
13,6,14315.9529096577,50
14,6,14099.8511845106,90
15,6,13764.5498555142,50
16,6,13619.5619174949,50
17,6,13718.0581181496,90
18,6,14093.8531411658,50
19,6,14764.0380157116,90
20,6,16169.8940385263,50
21,6,16664.8029929698,90
22,6,16360.315938137,50
23,6,15615.0249864315,50
24,6,14851.1281338455,90
1,7,13893.4379938925,90
2,7,12997.5560887203,140
3,7,12360.5229143417,140
4,7,11905.9019699199,140
5,7,11660.7409517737,90
6,7,11496.3879551543,90
7,7,11548.8890456716,140
8,7,11153.2409414211,90
9,7,11264.2660165103,90
10,7,11943.9528508242,110
11,7,12406.5338533078,110
12,7,12667.8330302745,50
13,7,12768.4339120481,70
14,7,12582.7399565252,70
15,7,12242.9479119913,20
16,7,12135.1069476046,70
17,7,12118.3870326895,90
18,7,12279.0591949825,20
19,7,12996.7459158069,90
20,7,14961.9209596217,70
21,7,15840.655983584,90
22,7,15949.0261010444,90
23,7,15427.6870977385,90
24,7,14596.7160006044,90
1,1,13565.1849721605,50
2,1,12547.545883446,50
3,1,11961.4940102692,50
4,1,11740.1530868867,50
5,1,11702.5919427807,50
6,1,12047.7939704917,360
7,1,13119.3139633043,50
8,1,13801.1329086274,360
9,1,14456.0499532456,50
10,1,15207.0710228281,360
11,1,15748.8508841433,360
12,1,16029.0200069537,360
13,1,15972.1829911582,360
14,1,15801.6448532986,50
15,1,15405.4861349631,90
16,1,15257.7610786092,50
17,1,15233.6010334101,90
18,1,15214.1219332898,50
19,1,15807.4311024314,50
20,1,17320.6458936362,50
21,1,17891.7229250213,90
22,1,17669.2491989853,90
23,1,16785.6420303928,50
24,1,15657.4429653594,50
1,2,14337.6859826427,360
2,2,13164.1220829748,50
3,2,12562.5731420533,50
4,2,12214.6218947601,90
5,2,12143.2870008461,50
6,2,12320.9869930651,90
7,2,13209.9799140673,50
8,2,13967.5740681747,50
9,2,14541.2016981086,50
10,2,15376.3527759342,50
11,2,15872.2410233635,50
12,2,16203.5067911316,50
13,2,16368.646069888,50
14,2,16366.1799670467,50
15,2,16297.4060893171,90
16,2,16208.7417539281,50
17,2,16148.2049037442,90
18,2,16207.583040975,90
19,2,16745.3310445751,70
20,2,18019.1208276851,50
21,2,18459.1907155672,70
22,2,18154.1870754408,70
23,2,17208.9690243497,50
24,2,15991.0088537312,70
1,3,14591.1429186501,20
2,3,13466.0410649721,50
3,3,12819.8891165331,50
4,3,12508.0559787117,90
5,3,12429.557032248,20
6,3,12689.5540272982,20
7,3,13586.3059952557,50
8,3,14470.5329568284,50
9,3,15111.5159657048,20
10,3,16000.5749486126,20
11,3,16552.7858715941,50
12,3,16884.0989522748,90
13,3,16911.5010198811,90
14,3,16770.7949349899,90
15,3,16477.3510885686,140
16,3,16321.6630011965,90
17,3,16324.6620895956,320
18,3,16454.315016293,270
19,3,16899.1959282102,230
20,3,18141.6170657636,270
21,3,18652.3207943439,270
22,3,18380.5152702965,270
23,3,17446.2838975387,270
24,3,16206.5580728626,270
1,4,14894.7030147929,270
2,4,13761.5509368628,230
3,4,13052.4748944845,230
4,4,12733.2389816837,230
5,4,12625.2860822324,0
6,4,12847.2670337688,180
7,4,13865.8059311127,180
8,4,14576.0019042639,180
9,4,15387.7378973903,180
10,4,16249.8329354938,180
11,4,16796.0949174715,180
12,4,17002.4490278818,180
13,4,16997.5442423224,180
14,4,16837.1739161368,180
15,4,16676.3410915863,180
16,4,16511.771074797,180
17,4,16422.0928543946,180
18,4,16438.6059416318,180
19,4,16941.9887444777,180
20,4,18592.6409017339,180
21,4,19225.4970796535,180
22,4,18848.1960267611,140
23,4,17995.3971764632,180
24,4,16970.7119465461,180
1,5,15378.1729765114,180
2,5,14139.4860446379,140
3,5,13476.6000221949,140
4,5,13131.0870520389,140
5,5,13032.203158827,140
6,5,13285.1501405416,180
7,5,14250.0609721951,180
8,5,14883.8719509204,180
9,5,15652.6570095643,180
10,5,16382.7589741629,180
11,5,16753.5162006412,180
12,5,16912.987047038,180
13,5,16813.3489525747,140
14,5,16513.753925547,180
15,5,16287.7048785714,160
16,5,15991.4869697136,230
17,5,15871.7391731371,140
18,5,15782.0859032971,160
19,5,16199.1318752589,140
20,5,17733.6951126707,140
21,5,18301.2178419959,110
22,5,17938.5449631801,0
23,5,17181.5998784783,0
24,5,16131.0479786359,0
1,6,14937.18105515,0
2,6,13903.3639167268,0
3,6,13264.5760497674,90
4,6,12871.4409905747,0
5,6,12576.8560714591,0
6,6,12549.8440016024,0
7,6,12805.2080233651,320
8,6,12611.7390075073,290
9,6,13357.6441018367,320
10,6,14104.3039501961,320
11,6,14453.649102099,320
12,6,14398.4479304049,360
13,6,14221.346876936,360
14,6,13857.4388179509,360
15,6,13452.3730977075,360
16,6,13140.3270913631,360
17,6,13052.9120460954,360
18,6,13157.0558550525,360
19,6,13704.3921998274,360
20,6,15525.9019391984,320
21,6,16032.440917403,360
22,6,15754.3289589761,360
23,6,15143.9989404655,360
24,6,14457.7881146409,360
1,7,13557.7939253971,360
2,7,12714.4128849003,360
3,7,12079.2158428021,360
4,7,11557.2779247342,360
5,7,11361.5840707934,360
6,7,11253.8061116075,360
7,7,11278.5669325758,340
8,7,10850.7029118359,360
9,7,11076.0488683012,360
10,7,11747.189962137,360
11,7,12128.2830174668,360
12,7,12299.6281185874,320
13,7,12346.6371050645,320
14,7,12282.5569952438,320
15,7,11951.034985505,320
16,7,11914.7639191672,360
17,7,11812.5960424084,90
18,7,11863.6010202449,180
19,7,12356.8490331341,180
20,7,14213.3579666354,180
21,7,14885.9730787445,140
22,7,14807.9849557756,140
23,7,14289.7000719234,140
24,7,13614.9419873189,140
1,1,12672.5840383349,90
2,1,11872.4959788937,140
3,1,11379.0279876343,140
4,1,11228.9680416351,90
5,1,11218.196951346,140
6,1,11553.3669833113,90
7,1,12531.0430654595,90
8,1,13118.2091660602,90
9,1,14046.2460444141,110
10,1,14982.811029016,110
11,1,15523.5290476326,50
12,1,15985.0791667298,110
13,1,16128.6650127787,140
14,1,16106.0099682081,110
15,1,15993.8371594083,160
16,1,15764.6759438161,160
17,1,15727.7352294056,140
18,1,15673.6007578652,70
19,1,16001.9800822567,90
20,1,17364.6457307395,110
21,1,17987.5129264053,140
22,1,17745.7998824334,140
23,1,16857.5091298129,140
24,1,15783.3081430857,140
1,2,14546.0709309303,140
2,2,13489.1040400295,140
3,2,12890.7530245269,180
4,2,12586.3589114537,180
5,2,12513.5860236706,180
6,2,12789.6310245488,180
7,2,13793.6590775875,180
8,2,14356.7819294184,180
9,2,15091.390961621,180
10,2,15703.0580953331,180
11,2,15967.0440762844,180
12,2,16000.0288538891,180
13,2,15696.7370174206,160
14,2,15368.3687936509,180
15,2,15008.0181595527,180
16,2,14723.9322013295,230
17,2,14629.0270119456,230
18,2,14625.0759750067,230
19,2,15067.6400684365,230
20,2,16934.271919834,180
21,2,17888.3249244429,140
22,2,17734.4209749224,90
23,2,16971.70494394,180
24,2,15910.6238712259,0
1,3,14464.0860986076,0
2,3,13407.2141778348,180
3,3,12866.1751096975,0
4,3,12558.904952107,0
5,3,12558.4439900442,0
6,3,12818.7940069521,0
7,3,13912.7841045624,270
8,3,14601.8737995802,270
9,3,15344.0439681504,270
10,3,15955.528960919,320
11,3,16067.8060423032,270
12,3,16009.7420499285,270
13,3,15728.1088301251,270
14,3,15264.3459722698,270
15,3,14956.8920583762,270
16,3,14603.8460505502,230
17,3,14512.7527769534,270
18,3,14366.7269790852,270
19,3,14761.8830099525,270
20,3,16528.0020643426,270
21,3,17384.9579991959,320
22,3,17251.4332165886,290
23,3,16451.1360068666,290
24,3,15420.5811407166,270
1,4,14135.5540686883,320
2,4,13067.0007687453,290
3,4,12602.2038717587,290
4,4,12392.5571187679,290
5,4,12365.4359713756,270
6,4,12629.6650867602,270
7,4,13598.6699943198,270
8,4,14174.3210493966,250
9,4,14766.1941684459,270
10,4,15167.2408863686,270
11,4,15296.2319684848,270
12,4,15388.6479536067,270
13,4,15294.4659458958,270
14,4,14906.9429842439,270
15,4,14562.9060389707,320
16,4,14367.2050950658,360
17,4,14335.7181295976,360
18,4,14221.5650800642,360
19,4,14459.1558845676,320
20,4,16037.7510789487,320
21,4,16728.0417178505,320
22,4,16581.6370079648,320
23,4,15725.6989868688,320
24,4,14724.2188870367,320
1,5,13611.2319870982,320
2,5,12661.0120377466,320
3,5,12164.3420800436,320
4,5,11837.5929196039,320
5,5,11930.4059736095,320
6,5,12224.2209471315,360
7,5,13059.8019446917,320
8,5,13606.4218901177,320
9,5,14283.967013862,360
10,5,14805.6758432277,320
11,5,14964.5619123597,320
12,5,15201.8919536164,320
13,5,15128.7419564389,320
14,5,14866.8260619659,360
15,5,14623.3937850161,360
16,5,14495.324207954,360
17,5,14375.5429255823,50
18,5,14256.7160008112,50
19,5,14409.1960111363,360
20,5,15922.6160060084,360
21,5,16433.7977665225,50
22,5,16091.9237875498,360
23,5,15245.7338952622,360
24,5,14486.2150158454,360
1,6,13478.7280702293,50
2,6,12593.0499197859,360
3,6,12088.5750148129,360
4,6,11708.965077701,360
5,6,11589.6480592908,320
6,6,11620.1799818054,320
7,6,11786.1050375579,320
8,6,11729.1330646714,360
9,6,12446.0999944452,360
10,6,13222.9430622272,50
11,6,13541.4710649493,320
12,6,13633.1100435127,360
13,6,13638.5581666045,360
14,6,13471.1439886596,50
15,6,13159.8640419859,360
16,6,12894.1761138095,50
17,6,12944.7240161514,50
18,6,12951.7979799118,90
19,6,13228.6409336431,50
20,6,14766.7690274837,50
21,6,15290.3991397144,50
22,6,14896.1381158493,50
23,6,14140.9471224914,50
24,6,13451.47903057,50
1,7,12654.8629862675,50
2,7,11840.5638762778,50
3,7,11316.0029743193,50
4,7,11020.4890384469,50
5,7,10798.827080328,50
6,7,10662.1800108652,50
7,7,10571.1440594438,360
8,7,10085.0220080893,360
9,7,10471.6829096784,50
10,7,11188.0630619535,50
11,7,11807.5051412842,50
12,7,12244.3860409394,50
13,7,12606.1691328082,360
14,7,12687.8348889849,70
15,7,12524.3751139222,50
16,7,12460.5629643612,360
17,7,12456.0111115957,90
18,7,12513.8439625918,50
19,7,13011.325973372,90
20,7,14517.2990125166,20
21,7,15261.7218936615,50
22,7,15273.2659320356,70
23,7,14818.4791539572,110
24,7,14024.1048917309,110
1,1,13072.1430682455,110
2,1,12224.5779641261,110
3,1,11820.1490566144,90
4,1,11615.3000407433,110
5,1,11621.3669808893,140
6,1,11900.5399738289,180
7,1,12835.1519704331,160
8,1,13378.8171013796,110
9,1,14192.8009698833,140
10,1,14970.938984016,140
11,1,15463.8859317657,140
12,1,15800.1740778345,140
13,1,15888.9149296703,140
14,1,15819.7122165216,140
15,1,15497.1898982264,140
16,1,15187.096109055,140
17,1,14931.4700365961,140
18,1,14704.1750583788,110
19,1,14904.3308743937,110
20,1,16401.2001503035,110
21,1,17153.3208490815,140
22,1,16983.4848271953,140
23,1,16111.429053924,90
24,1,15191.5470300353,140
1,2,13985.9861128889,140
2,2,13096.3480326044,140
3,2,12465.1309693586,140
4,2,12227.0819931682,140
5,2,12225.6240790524,140
6,2,12418.0489205075,140
7,2,13137.9289985625,180
8,2,13846.1559541021,140
9,2,14676.1288542748,110
10,2,15466.5138648651,110
11,2,15674.9100208972,140
12,2,15681.7419750551,70
13,2,15665.083147211,90
14,2,15209.1170323323,90
15,2,14858.4538135417,20
16,2,14597.861024145,20
17,2,14496.3490485586,360
18,2,14344.8578312872,20
19,2,14682.4169950178,50
20,2,16637.7039729664,20
21,2,17501.2352413917,90
22,2,17366.1049831165,50
23,2,16537.0498868506,90
24,2,15545.4261799818,20
1,3,14219.4968940867,20
2,3,13162.1660904621,20
3,3,12564.1829961073,20
4,3,12401.8438032912,50
5,3,12452.7029417697,50
6,3,12690.6021208856,50
7,3,13558.7239733124,90
8,3,14119.2621056708,360
9,3,14900.6629943493,50
10,3,15572.0499364045,20
11,3,15914.0880349352,360
12,3,16296.1810647827,20
13,3,16254.1969458666,360
14,3,16068.673020687,70
15,3,15874.4456558125,70
16,3,15746.6068230979,70
17,3,15771.1741755409,90
18,3,15704.4459472885,0
19,3,16036.5130740879,70
20,3,17602.7132467479,90
21,3,18286.1437966144,90
22,3,18023.3900224324,90
23,3,17103.7220991654,50
24,3,16020.9828561209,90
1,4,14604.5539309829,50
2,4,13472.2180989087,50
3,4,12866.0810604859,50
4,4,12645.0669373217,90
5,4,12628.0098675834,50
6,4,12854.7470107693,50
7,4,13707.9128703205,50
8,4,14128.6149191894,50
9,4,14906.1519880886,50
10,4,15510.6830058615,50
11,4,15675.3400246183,50
12,4,15744.987964686,50
13,4,15568.3719624579,360
14,4,15259.5728679923,50
15,4,14953.8827297613,90
16,4,14722.7809172794,90
17,4,14686.5850805305,50
18,4,14529.3031563312,50
19,4,14713.5800072635,90
20,4,16305.6499301968,90
21,4,17125.7718706678,50
22,4,16901.9562152615,50
23,4,16158.0579955801,50
24,4,15227.6380989598,50
1,5,14019.8590105688,50
2,5,12988.7209467459,90
3,5,12384.8629105585,90
4,5,12132.5889115548,90
5,5,12136.524951132,90
6,5,12437.9380465141,90
7,5,13160.3051757058,90
8,5,13781.3898925083,140
9,5,14456.6870733425,90
10,5,15054.7410056321,50
11,5,15174.4580935948,50
12,5,15328.8377705384,50
13,5,15174.9990007556,90
14,5,14927.7309367554,50
15,5,14616.0770663647,50
16,5,14414.9600242478,360
17,5,14319.4969381653,360
18,5,14287.3751389603,50
19,5,14370.4110240638,50
20,5,16022.4761042735,360
21,5,16725.6961579183,50
22,5,16406.187836458,90
23,5,15536.9829309918,50
24,5,14816.555989447,50
1,6,13744.2380960332,50
2,6,12937.1619547902,360
3,6,12237.645861431,50
4,6,11873.9919622223,50
5,6,11740.999916927,50
6,6,11721.0579023389,90
7,6,11765.6750027286,50
8,6,11725.4829316316,360
9,6,12521.7440899014,360
10,6,13205.418813156,50
11,6,13549.8730677823,360
12,6,13585.0741086248,360
13,6,13550.7421676181,360
14,6,13250.967825749,360
15,6,12924.8470831718,50
16,6,12698.4620426018,360
17,6,12740.2790548559,50
18,6,12854.8941627778,20
19,6,13110.6360169454,360
20,6,14619.5169987855,50
21,6,15303.3252498265,50
22,6,14888.6481430559,20
23,6,14100.3840999086,360
24,6,13365.3590886109,340
1,7,12534.2531108735,340
2,7,11753.852117351,320
3,7,11198.2590594697,340
4,7,10865.6929523507,340
5,7,10674.5049956152,360
6,7,10591.0149904899,320
7,7,10358.4060511738,320
8,7,9781.40703998599,340
9,7,10224.4139897504,360
10,7,10942.5990020325,320
11,7,11506.9080115238,320
12,7,11895.1450545023,360
13,7,12140.6650824901,360
14,7,12082.9359667236,360
15,7,11838.1200425625,320
16,7,11803.0960387569,360
17,7,11787.1041307021,360
18,7,11893.3260396831,360
19,7,12201.4639950225,50
20,7,13819.9348741956,50
21,7,14705.4819904574,90
22,7,14566.9150253916,90
23,7,14006.1830609422,50
24,7,13169.9021095019,50
1,1,12258.5829451405,90
2,1,11494.3310266417,90
3,1,11080.0629289616,90
4,1,10840.3360060938,90
5,1,10951.1899708668,50
6,1,11246.4509667456,90
7,1,12134.6110099433,50
8,1,12667.307938973,50
9,1,13586.4839812089,70
10,1,14380.0830764174,140
11,1,14973.5559121296,110
12,1,15404.0090212799,110
13,1,15630.5660342043,50
14,1,15709.554084383,110
15,1,15549.4298226526,90
16,1,15568.6167314742,110
17,1,15419.4370771451,90
18,1,15325.8028722657,140
19,1,15603.5521160048,110
20,1,16954.6370648658,160
21,1,17758.7548148823,90
22,1,17581.2279853867,140
23,1,16674.278069254,90
24,1,15775.9901967047,90
1,2,14466.8600913361,140
2,2,13563.1318439702,90
3,2,12957.6009933231,140
4,2,12714.0798954526,140
5,2,12643.6530576954,140
6,2,12883.469992714,140
7,2,13667.7820944469,140
8,2,14053.7591906535,90
9,2,14919.9550037435,90
10,2,15767.8929964229,90
11,2,16166.3108495343,90
12,2,16404.4911404103,90
13,2,16414.2128912266,90
14,2,16052.3909919577,90
15,2,15800.8039383367,90
16,2,15578.6452242509,90
17,2,15497.2708764654,90
18,2,15292.5781836836,90
19,2,15415.6671115598,90
20,2,16857.7229935646,50
21,2,17702.6150903171,90
22,2,17457.2000305122,90
23,2,16580.6362431771,50
24,2,15471.1781056414,90
1,3,14243.7651079362,90
2,3,13254.9269398572,50
3,3,12741.2499252046,50
4,3,12420.9989938466,50
5,3,12432.4318938246,50
6,3,12646.7351101767,360
7,3,13388.5581275455,360
8,3,13985.9360238677,360
9,3,14722.856864823,50
10,3,15316.3188945837,50
11,3,15531.9759039934,360
12,3,15628.392999839,360
13,3,15506.1359460065,50
14,3,15287.4801231325,360
15,3,14983.64108924,50
16,3,14737.6290390361,360
17,3,14620.9707916081,50
18,3,14536.6601517499,50
19,3,14645.361850445,50
20,3,16135.0119722132,50
21,3,16840.0718678134,50
22,3,16618.669965446,50
23,3,15817.4800669122,360
24,3,14747.984051303,360
1,4,13685.3218510225,360
2,4,12725.8610784076,360
3,4,12205.1089431716,360
4,4,11990.0140008582,360
5,4,11989.9740076326,360
6,4,12270.948988542,360
7,4,12974.8242020484,360
8,4,13454.5560052607,20
9,4,14275.9708885825,360
10,4,14999.2990425467,340
11,4,15491.9468303276,340
12,4,15945.2470065244,270
13,4,16202.4001306295,70
14,4,16315.1242410913,340
15,4,16180.1408865266,340
16,4,16002.3898815811,110
17,4,16019.4879425205,160
18,4,15814.3290578043,70
19,4,15808.0590017578,50
20,4,17063.3300093291,20
21,4,17888.3351782112,230
22,4,17628.1799279358,180
23,4,16739.8999091852,180
24,4,15741.1300300043,140
1,5,14475.7530639544,180
2,5,13487.0608998649,180
3,5,12887.9131524758,140
4,5,12547.0520544478,140
5,5,12483.8719262742,230
6,5,12735.4870892777,180
7,5,13407.2761190012,230
8,5,13915.0259648534,180
9,5,14592.5661479738,180
10,5,14985.7679895796,180
11,5,15030.9270070456,180
12,5,15182.5189758874,180
13,5,15069.4108093046,180
14,5,14785.4749690546,200
15,5,14478.2350343149,230
16,5,14346.5199085696,140
17,5,14246.9890346658,140
18,5,14053.7050094241,180
19,5,14140.5549572315,180
20,5,15519.4910365846,140
21,5,16206.0171643458,140
22,5,15899.7769120876,0
23,5,15079.3508643918,90
24,5,14323.6050367057,0
1,6,13434.2628205791,0
2,6,12584.7398685236,140
3,6,11969.2609917074,0
4,6,11679.175924832,360
5,6,11563.2120796982,360
6,6,11485.9818946961,0
7,6,11418.0639223177,360
8,6,11493.2479355037,320
9,6,12341.9610615121,360
10,6,13074.012942099,360
11,6,13490.1689610499,320
12,6,13692.4410415953,320
13,6,13908.6089048535,320
14,6,13902.9261026615,320
15,6,13623.9810798904,360
16,6,13459.4051226957,50
17,6,13439.3979886421,360
18,6,13382.0400010166,360
19,6,13650.2909212592,360
20,6,15001.9030766671,270
21,6,15702.2239743425,270
22,6,15413.2619085573,270
23,6,14696.5089867287,180
24,6,14020.3068093089,180
1,7,13174.615942399,180
2,7,12343.8920364762,200
3,7,11802.9889550302,180
4,7,11385.7310058568,180
5,7,11192.1560104182,180
6,7,11050.828953662,140
7,7,10716.0160437925,180
8,7,10354.6720288037,180
9,7,10854.6629782506,200
10,7,11530.4120759335,160
11,7,12076.309896908,160
12,7,12350.8619235748,160
13,7,12435.5339839482,140
14,7,12243.4050324173,230
15,7,11822.8519542408,200
16,7,11600.8859106791,200
17,7,11563.6131472611,200
18,7,11711.5599560444,140
19,7,12126.8151062275,200
20,7,13986.0960603599,160
21,7,15202.3150386103,180
22,7,15269.8569886182,180
23,7,14710.0130365649,180
24,7,13795.5580530157,230
1,1,12739.5899552396,180
2,1,11899.1960262847,0
3,1,11455.5220127096,0
4,1,11224.0909920232,0
5,1,11360.0789731727,0
6,1,11719.7911364334,180
7,1,12535.2880942402,270
8,1,13347.6260928279,270
9,1,14340.2418986708,270
10,1,14846.4527439475,270
11,1,15062.4781266972,230
12,1,15157.0148837678,230
13,1,15052.5789420968,230
14,1,14707.6358935256,0
15,1,14316.1239639744,230
16,1,14005.7239582744,270
17,1,13960.005075492,230
18,1,13899.5141085126,230
19,1,13934.6420500586,270
20,1,15477.6230620267,230
21,1,16463.5370961614,320
22,1,16370.6979441894,320
23,1,15625.8778864462,320
24,1,14607.1730622434,320
1,2,13333.2260499382,320
2,2,12357.2700191429,320
3,2,11920.1110494686,320
4,2,11741.7599251056,270
5,2,11756.9659930961,320
6,2,12022.5190266492,270
7,2,12673.9700759016,270
8,2,13354.2110521821,270
9,2,14156.6301128194,290
10,2,14653.6779333092,290
11,2,14845.2119465861,290
12,2,15040.3940224889,270
13,2,14984.0720110722,290
14,2,14704.0629867632,320
15,2,14408.7269115318,320
16,2,14195.6979681179,340
17,2,14179.4580550361,360
18,2,14086.5760155153,360
19,2,14156.4550637556,340
20,2,15580.0311203292,320
21,2,16386.5239202101,320
22,2,16235.4049545955,360
23,2,15291.7287653573,360
24,2,14372.7470302517,360
1,3,13083.4109984939,320
2,3,12201.2300274456,320
3,3,11781.6069593159,320
4,3,11550.3570006592,320
5,3,11542.965092144,270
6,3,11876.1809727848,180
7,3,12488.7180088582,140
8,3,13331.2240724666,140
9,3,14120.3659847183,140
10,3,14766.8521909239,140
11,3,15194.7348673473,140
12,3,15337.8130995966,140
13,3,15261.6389841894,140
14,3,15015.5870790852,140
15,3,14718.132902164,140
16,3,14513.103933651,140
17,3,14415.4690138455,140
18,3,14306.4850806985,140
19,3,14439.7759333467,140
20,3,15999.9189605005,140
21,3,17066.5948995631,90
22,3,16914.5500930231,90
23,3,16186.8131282581,90
24,3,15163.2880796827,90
1,4,13912.6091278857,90
2,4,12960.2361009324,90
3,4,12414.0328719756,90
4,4,12160.3119612448,90
5,4,12168.5509316558,90
6,4,12460.7220579269,140
7,4,12905.4400524157,90
8,4,13746.7989591553,90
9,4,14636.6371658812,90
10,4,15219.2999606074,90
11,4,15398.0869629662,140
12,4,15458.39107244,230
13,4,15340.0459616063,180
14,4,15072.8650982874,140
15,4,14712.066017366,320
16,4,14360.0909665218,360
17,4,14264.1700584758,320
18,4,14175.6988094822,360
19,4,14274.6749416236,360
20,4,15868.8281481434,50
21,4,16801.8910642284,90
22,4,16586.8747380413,90
23,4,15966.5608404167,50
24,4,15044.4617946269,50
1,5,13917.8909567352,50
2,5,12872.2030904172,50
3,5,12253.7250798047,50
4,5,11843.8159472859,50
5,5,11707.3549493523,50
6,5,11648.4349293206,50
7,5,11532.5719752712,50
8,5,11650.3169912257,50
9,5,12375.5328588048,50
10,5,13031.6440390497,50
11,5,13358.9730057353,360
12,5,13520.2379497727,50
13,5,13698.4149202714,360
14,5,13501.9800937455,360
15,5,13142.7149419942,50
16,5,12966.1930945771,50
17,5,13100.8350760276,50
18,5,13363.5200642101,50
19,5,13728.9199845004,50
20,5,15206.1469958038,50
21,5,16060.4009545948,50
22,5,15909.1611592778,50
23,5,15207.2708690399,90
24,5,14394.8359876396,90
1,6,13373.0729807308,90
2,6,12494.7410189742,50
3,6,11859.654023689,50
4,6,11461.0920593767,90
5,6,11235.9599299664,140
6,6,11361.7900579451,70
7,6,11107.691981663,90
8,6,11191.2059043006,70
9,6,11843.7030720424,20
10,6,12494.0619787625,70
11,6,12808.2221275968,20
12,6,12884.6949254307,140
13,6,12902.9230881962,70
14,6,12728.0081699053,70
15,6,12384.4920094963,360
16,6,12169.1960582969,110
17,6,12165.1249511144,110
18,6,12303.7291050968,70
19,6,12707.8080929009,70
20,6,14144.8558017449,90
21,6,14917.0110402517,90
22,6,14652.0110792639,90
23,6,13984.7441123021,90
24,6,13289.0740587031,50
1,7,12411.4290051786,90
2,7,11655.1490246309,50
3,7,11058.6330799079,50
4,7,10727.0730603542,360
5,7,10552.7329160031,50
6,7,10476.9500320731,50
7,7,10075.3080673153,50
8,7,9824.48201573873,50
9,7,10289.7720038755,50
10,7,10942.7540640319,90
11,7,11483.7580239467,50
12,7,11803.2129591511,90
13,7,11988.148144164,50
14,7,11818.2351110568,70
15,7,11614.2840021248,90
16,7,11480.1799906264,50
17,7,11507.2519142772,50
18,7,11584.2129662842,50
19,7,12010.6540204091,50
20,7,13507.7351034274,90
21,7,14406.0059048207,90
22,7,14260.5631314823,90
23,7,13738.6559051042,90
24,7,13091.6020432301,90
1,1,12180.0849113828,50
2,1,11414.468924473,50
3,1,10884.723973223,90
4,1,10567.282996194,50
5,1,10370.9761530994,90
6,1,10370.0108969407,90
7,1,10152.1959318696,90
8,1,9913.68393396121,90
9,1,10575.4970743982,50
10,1,11363.0709911375,90
11,1,12055.6559424116,140
12,1,12508.4759059264,140
13,1,12855.2479597628,90
14,1,12886.4131035795,140
15,1,12599.4409560137,180
16,1,12451.0010100021,90
17,1,12432.1389302281,140
18,1,12497.2979781437,90
19,1,12745.4400301143,140
20,1,14067.4680886576,90
21,1,15183.6537955618,140
22,1,15138.5749509828,90
23,1,14501.5970368013,140
24,1,13611.2648473372,90
1,2,12503.58500503,90
2,2,11601.65095382,140
3,2,11158.3119894858,180
4,2,10928.1379714003,180
5,2,10927.3679400999,180
6,2,11389.3319324066,140
7,2,11881.1230326723,140
8,2,12647.0699603575,180
9,2,13573.8510750216,140
10,2,14363.6140161287,140
11,2,14791.4019187633,180
12,2,15167.2907678667,180
13,2,15270.8530525044,90
14,2,15321.9919130076,140
15,2,15209.3121025246,360
16,2,15084.353990715,360
17,2,15062.3088447731,360
18,2,14841.1430764329,360
19,2,14739.5168992281,360
20,2,15926.8271377534,360
21,2,16747.5838396214,50
22,2,16506.1040449215,360
23,2,15747.8647906408,50
24,2,14688.6241367059,50
1,3,13592.5268900646,50
2,3,12700.7820234085,90
3,3,12064.0099208942,90
4,3,11831.931042728,360
5,3,11855.042039712,360
6,3,12021.0000095423,360
7,3,12509.1400396284,360
8,3,13052.3459781446,90
9,3,13829.0438509025,90
10,3,14565.6610564683,0
11,3,15161.1860939431,270
12,3,15537.7789128926,230
13,3,15823.9200480161,230
14,3,15811.3130697401,230
15,3,15532.7749427706,180
16,3,15143.1939316797,140
17,3,15013.2600856712,180
18,3,14881.5599817755,180
19,3,14927.6417662462,200
20,3,15852.9289389905,180
21,3,16720.4619910641,70
22,3,16525.8440127261,160
23,3,15633.423008936,110
24,3,14772.3341997871,0
1,4,13616.0978271109,0
2,4,12691.4661344127,160
3,4,12156.1010205433,0
4,4,11958.8550243629,0
5,4,11903.5460818801,0
6,4,12161.2970347675,0
7,4,12511.7410545871,0
8,4,13288.4589888451,0
9,4,14119.421982096,0
10,4,14759.8140424301,270
11,4,15107.1282215416,320
12,4,15326.1982006934,320
13,4,15391.0530879926,320
14,4,15300.0349586261,270
15,4,15095.8427928071,270
16,4,14883.9811003143,180
17,4,14772.4220419312,180
18,4,14647.0911068954,230
19,4,14692.2620283375,160
20,4,15896.8350478746,160
21,4,16806.869251998,180
22,4,16645.7309588073,180
23,4,15852.5020894893,140
24,4,14819.5118412999,180
1,5,13578.5231319489,140
2,5,12665.7519624494,140
3,5,12094.7408970688,140
4,5,11778.0630830685,140
5,5,11689.5400383472,160
6,5,11957.6141215712,140
7,5,12414.4750204978,140
8,5,13185.3911406938,140
9,5,14058.2708963379,90
10,5,14584.4132285733,140
11,5,14833.0181729794,140
12,5,14906.8539492209,90
13,5,14735.0059205592,180
14,5,14518.5050226348,180
15,5,14234.1910472391,140
16,5,14021.7490020747,140
17,5,13893.3559690965,140
18,5,13841.0818093326,180
19,5,13891.6260892246,180
20,5,15148.9768313859,90
21,5,16208.4151690211,50
22,5,16085.6740357392,50
23,5,15352.3790098224,50
24,5,14498.7970676934,50
1,6,13450.2478557485,360
2,6,12597.5661320584,320
3,6,12022.2110953899,320
4,6,11631.7460324923,360
5,6,11522.628977404,270
6,6,11504.3560916164,270
7,6,11216.0239380496,270
8,6,11515.7760134367,360
9,6,12330.363125775,320
10,6,13050.3759401683,270
11,6,13300.6870661797,360
12,6,13284.5079353154,290
13,6,13239.6580192111,340
14,6,12995.7309450246,360
15,6,12651.1460301578,340
16,6,12431.7081035478,340
17,6,12419.1660825806,20
18,6,12523.1510383924,340
19,6,12752.6149691856,340
20,6,13990.242947557,360
21,6,15078.1690930193,340
22,6,14903.6879685773,340
23,6,14243.4780381392,360
24,6,13535.1881054211,340
1,7,12592.3938412676,360
2,7,11797.3770692693,320
3,7,11187.8210841734,320
4,7,10820.7219849247,290
5,7,10600.9889014093,320
6,7,10487.1578259775,320
7,7,9836.64806303848,290
8,7,9811.05993993674,320
9,7,10454.2468896665,320
10,7,11164.2530274921,320
11,7,11628.5189610383,320
12,7,11703.7529864156,320
13,7,11618.8009941494,230
14,7,11136.1040634587,320
15,7,10723.858962873,320
16,7,10646.6010661367,360
17,7,10757.0319537134,320
18,7,10869.026991684,360
19,7,11203.1051351475,360
20,7,12518.4249658464,320
21,7,13750.8429858722,360
22,7,13806.7079683151,340
23,7,13431.0530969203,320
24,7,12705.8330842108,340
1,1,11786.3711288776,320
2,1,11107.4300947022,270
3,1,10697.3460420147,250
4,1,10494.220949987,200
5,1,10573.7199159577,180
6,1,10979.7469876744,140
7,1,11449.3979936596,160
8,1,12420.940939175,110
9,1,13419.3569118213,140
10,1,14111.1761527917,90
11,1,14549.0979718417,140
12,1,14864.4640433751,110
13,1,14941.7281444138,140
14,1,14778.7029463751,90
15,1,14553.9950885139,90
16,1,14390.7450953946,50
17,1,14261.2262102412,50
18,1,14221.4648408229,360
19,1,14108.0870459443,50
20,1,15211.8219059934,90
21,1,16374.4178871838,90
22,1,16219.2900182838,90
23,1,15339.005145154,90
24,1,14136.4390262653,50
1,2,13016.5228843754,90
2,2,12142.6141051957,90
3,2,11620.7840217771,90
4,2,11377.1450340645,90
5,2,11458.9389320305,50
6,2,11759.4069811607,0
7,2,12075.3379931534,50
8,2,12955.1239429386,360
9,2,13792.0899451198,50
10,2,14445.8900845489,320
11,2,14826.1156973094,50
12,2,15172.8760838285,360
13,2,15232.1429003989,50
14,2,14995.0020808829,360
15,2,14909.1881545549,360
16,2,14778.6730117658,320
17,2,14729.611062848,50
18,2,14626.3201608444,50
19,2,14492.1179924933,360
20,2,15411.7362192422,360
21,2,16586.3737958102,90
22,2,16348.0398789728,50
23,2,15496.0718040792,90
24,2,14431.3878307352,90
1,3,13172.7688240306,90
2,3,12270.4620152442,360
3,3,11771.2939673457,50
4,3,11562.5549255991,90
5,3,11531.3369503608,50
6,3,11812.8359920336,50
7,3,12004.1239718003,50
8,3,12932.5528393174,360
9,3,13740.1168647092,360
10,3,14468.0009168005,360
11,3,14938.0399389676,360
12,3,15282.2921085926,360
13,3,15332.9580982085,50
14,3,15311.7849668954,360
15,3,15231.5560233602,360
16,3,15216.6660401197,360
17,3,15167.4599196864,50
18,3,15052.7509759469,50
19,3,14785.0720537649,50
20,3,15771.0498237265,50
21,3,16800.9361255001,20
22,3,16428.1600413248,20
23,3,15484.9829255808,20
24,3,14510.7679103185,70
1,4,13295.2111129137,50
2,4,12458.7339565651,20
3,4,11852.3139841659,360
4,4,11625.9460139382,360
5,4,11619.0789324073,340
6,4,11879.3989031138,320
7,4,12039.2270539282,320
8,4,12892.8910140774,290
9,4,13860.5129738436,320
10,4,14498.0280431069,90
11,4,14973.5898853792,50
12,4,15404.098923889,360
13,4,15667.6428181333,320
14,4,15786.1130742021,270
15,4,15770.1241019713,320
16,4,15766.5580065548,320
17,4,15628.3918427434,360
18,4,15556.2128041731,360
19,4,15200.9307624027,340
20,4,16038.9529701294,360
21,4,16917.5790715189,360
22,4,16486.5699734921,360
23,4,15614.8020395478,360
24,4,14722.8862221604,340
1,5,13661.073097297,320
2,5,12785.507983637,320
3,5,12201.0638814634,320
4,5,11965.1038682321,320
5,5,11847.3839658247,320
6,5,12022.5960541414,270
7,5,12233.255961678,270
8,5,13016.6409409316,270
9,5,13905.9410905009,270
10,5,14571.9160469193,270
11,5,15071.3440641882,270
12,5,15520.5909804823,270
13,5,15792.2000281075,360
14,5,15930.5710381968,360
15,5,15868.1720469836,320
16,5,15758.2599450712,50
17,5,15617.4018428242,90
18,5,15386.421960772,140
19,5,15286.4719977439,140
20,5,15892.8192700623,140
21,5,16541.5979857054,140
22,5,16124.6100369915,140
23,5,15294.4779340848,90
24,5,14444.1068791449,90
1,6,13522.9548944347,90
2,6,12827.7378944717,90
3,6,12254.4420159273,50
4,6,11891.7120383289,140
5,6,11712.9851018926,50
6,6,11590.6980073201,140
7,6,11307.1870547133,140
8,6,11376.8940641331,0
9,6,12105.8459937098,0
10,6,12866.2078781864,0
11,6,13262.7189824375,140
12,6,13490.024975621,140
13,6,13511.9810390662,180
14,6,13359.3400373487,180
15,6,13040.3520994382,140
16,6,12767.009047363,180
17,6,12684.0708667634,180
18,6,12761.2078992054,140
19,6,12892.6611176617,230
20,6,13845.6259171832,180
21,6,14904.2729194285,180
22,6,14635.6748853372,180
23,6,13863.0449783844,140
24,6,13102.899018419,140
1,7,12346.4230329422,140
2,7,11585.5919313105,140
3,7,11048.1980070164,180
4,7,10733.7709967622,140
5,7,10547.3990152702,0
6,7,10355.7450784929,0
7,7,9722.96900366992,0
8,7,9668.27495709527,270
9,7,10175.4349852485,270
10,7,10867.0450450047,270
11,7,11414.2789146806,270
12,7,11793.7210375982,180
13,7,12071.9029690363,230
14,7,11997.8710177299,230
15,7,11694.555058185,230
16,7,11653.5230828701,230
17,7,11749.100020336,230
18,7,11686.1351117808,180
19,7,11931.1670454843,230
20,7,12939.6218787003,270
21,7,14253.5148902303,0
22,7,14278.1861956222,0
23,7,13762.1330542173,270
24,7,13003.4340952211,270
1,1,12052.6470259279,270
2,1,11313.6849363074,270
3,1,10907.223992384,270
4,1,10673.5129975816,270
5,1,10783.5739893424,270
6,1,11033.5160194309,270
7,1,11343.8889609007,270
8,1,12359.2810027348,270
9,1,13308.7239138475,270
10,1,14163.2849285183,270
11,1,14715.6991525488,270
12,1,15302.8139837887,230
13,1,15582.1591003528,230
14,1,15878.5019917572,180
15,1,15911.254953763,230
16,1,16004.9439498661,230
17,1,16020.9980049357,230
18,1,15786.9741008831,180
19,1,15440.213066793,180
20,1,16022.2913060384,180
21,1,17074.0520880828,180
22,1,16803.6991976677,140
23,1,15887.0189239513,0
24,1,14946.2981346984,50
1,2,13834.7878383948,50
2,2,12861.6969365915,360
3,2,12346.4071249841,360
4,2,12099.1300086798,320
5,2,12032.2030170178,360
6,2,12060.8180367919,320
7,2,12268.7529959641,320
8,2,13223.6360371755,320
9,2,14237.7090090518,320
10,2,15175.4220744744,230
11,2,15923.6910170559,180
12,2,16614.070995573,230
13,2,17208.4597711079,230
14,2,17675.6208364302,180
15,2,18080.3032644577,270
16,2,18276.9049227675,270
17,2,18312.5389160551,270
18,2,17943.669881776,320
19,2,17452.9711914817,320
20,2,17812.9079417512,20
21,2,18840.1909582,360
22,2,18694.3558846414,340
23,2,17860.4410001654,320
24,2,16844.0709609911,320
1,3,15620.6660024391,290
2,3,14535.3180846628,270
3,3,13892.7290590387,270
4,3,13399.892088538,270
5,3,13224.1089872047,250
6,3,13230.0979796574,270
7,3,13204.6751227025,250
8,3,14130.1901160684,250
9,3,15224.5009234082,270
10,3,16253.0859092874,270
11,3,17184.2349076717,270
12,3,18063.2901550073,270
13,3,18796.9981938228,270
14,3,19449.7449894268,290
15,3,19905.4682652019,360
16,3,20109.116088599,360
17,3,19912.0589586915,360
18,3,19287.4489181601,360
19,3,18531.7310352398,360
20,3,18855.9870050009,50
21,3,19780.7749153581,20
22,3,19580.2309044898,20
23,3,18719.519938455,50
24,3,17798.4039741633,50
1,4,16600.3160687834,70
2,4,15556.49399722,20
3,4,14785.4020075947,360
4,4,14331.817007089,20
5,4,14027.946984943,20
6,4,13933.4130730832,360
7,4,13898.7958199847,340
8,4,14745.0120537651,320
9,4,16055.2440837282,320
10,4,17309.7182450031,320
11,4,18247.2027950995,340
12,4,19373.581001034,320
13,4,20344.5007877536,320
14,4,21046.8001224231,320
15,4,21519.1172389779,320
16,4,21529.1118617672,50
17,4,21209.6798581984,50
18,4,20526.0561374892,50
19,4,19582.8341006544,50
20,4,19558.8041853849,50
21,4,20343.5811167004,50
22,4,20178.8659353368,50
23,4,19381.138081776,360
24,4,18481.1278268397,50
1,5,17241.5419885479,50
2,5,16171.768067237,360
3,5,15304.6350928899,360
4,5,14795.2098756917,50
5,5,14469.6030605715,360
6,5,14219.0460783746,360
7,5,14010.4120958652,360
8,5,14605.1349725346,50
9,5,15776.9691051906,360
10,5,16893.940163102,360
11,5,17710.723022419,50
12,5,18629.4829908367,360
13,5,19459.1449445877,50
14,5,20174.8099616664,50
15,5,20445.9669806678,50
16,5,20586.4559467806,360
17,5,20301.8538236655,50
18,5,19552.3360864688,50
19,5,18606.7550786715,50
20,5,18627.8608972393,50
21,5,19362.3119391259,90
22,5,19088.852125261,90
23,5,18384.8242594022,50
24,5,17652.4581700172,360
1,6,16665.1490522921,50
2,6,15655.8560514879,360
3,6,15006.8840021472,360
4,6,14507.2229340812,360
5,6,14143.9571289597,360
6,6,13874.0588933639,360
7,6,13163.8211086169,360
8,6,13377.2530176807,360
9,6,14264.4861742052,360
10,6,15288.9829309359,360
11,6,16037.7610965631,360
12,6,16796.633960072,360
13,6,17627.6880153622,360
14,6,18234.8671345105,360
15,6,18608.7971216282,360
16,6,18647.9659153866,360
17,6,18438.7101117736,360
18,6,18053.6150513673,50
19,6,17425.7930631256,50
20,6,17566.6018176535,50
21,6,18525.1099663964,50
22,6,18226.7430785941,50
23,6,17388.6848414685,360
24,6,16622.6451590424,90
1,7,15833.3939547958,90
2,7,14994.7979837768,90
3,7,14215.6910290839,90
4,7,13496.8468890116,140
5,7,13081.4919105619,90
6,7,12683.488917104,90
7,7,11668.4210089641,140
8,7,11409.9489868581,90
9,7,11647.4739917394,90
10,7,12097.6909989407,140
11,7,12548.402925463,110
12,7,13083.5049912533,90
13,7,13583.90985267,140
14,7,13736.2459786986,140
15,7,13774.8900561589,140
16,7,13662.1559640181,140
17,7,13513.3070725198,90
18,7,13277.471994095,90
19,7,13097.1741303108,90
20,7,13975.4658850892,90
21,7,15021.0160524813,90
22,7,15159.7310226101,90
23,7,14753.2160755279,90
24,7,13971.5390061585,90
1,1,13140.9130643238,90
2,1,12459.0440413756,140
3,1,11978.971873139,140
4,1,11728.4560747305,140
5,1,11691.5391120343,90
6,1,11896.855014029,90
7,1,12236.0159769356,90
8,1,13034.6470026188,90
9,1,13979.4519205671,90
10,1,14689.9358901521,90
11,1,15208.198965346,90
12,1,15558.4121834817,140
13,1,15761.0991809736,140
14,1,15910.1338250552,90
15,1,15675.9210920213,90
16,1,15401.6970272455,90
17,1,15204.2268756609,90
18,1,15000.0831066929,90
19,1,14950.9189668261,90
20,1,15829.4928287687,140
21,1,16699.9648419302,90
22,1,16572.1058516686,140
23,1,15774.8149993027,90
24,1,14798.0990449004,90
1,2,13618.8851294573,90
2,2,12803.5670063654,180
3,2,12407.1490344303,90
4,2,12110.1659900034,90
5,2,12034.1299107689,140
6,2,12155.9791244632,140
7,2,12340.5800167006,180
8,2,13079.1391344499,140
9,2,13995.1201315499,180
10,2,14736.7629558248,140
11,2,15169.1489536557,140
12,2,15595.1310264803,140
13,2,15879.5460909875,140
14,2,15891.9521106314,140
15,2,15737.0577727109,140
16,2,15567.69085983,90
17,2,15351.8529262785,140
18,2,15145.9707468841,90
19,2,14931.0389216188,360
20,2,15659.5818961766,320
21,2,16720.5090482552,50
22,2,16647.6568930465,50
23,2,15740.7689735126,50
24,2,14762.3109259214,90
1,3,13672.6879715454,90
2,3,12739.7229529154,90
3,3,12236.8349657505,90
4,3,12052.4350086935,140
5,3,12012.3478681073,140
6,3,12171.3459175564,140
7,3,12316.9840520453,140
8,3,13179.8329981714,140
9,3,14140.8919044677,90
10,3,14899.3471943233,90
11,3,15411.3320728727,140
12,3,15865.674085753,140
13,3,16123.8171347901,140
14,3,16190.5159075987,50
15,3,16148.6449148525,50
16,3,16136.349990556,90
17,3,16057.6530551836,90
18,3,15944.2949594855,140
19,3,15578.7699169181,50
20,3,16035.7349166181,50
21,3,17167.892016219,50
22,3,17001.4922108315,50
23,3,16245.2402053494,50
24,3,15307.0698846467,50
1,4,14144.8198955487,360
2,4,13240.4870255459,50
3,4,12676.1329573458,90
4,4,12381.9670629986,50
5,4,12313.9999783849,360
6,4,12326.6981229838,360
7,4,12512.9570689574,360
8,4,13481.9349732045,50
9,4,14595.8850390222,50
10,4,15415.0359239094,360
11,4,16053.6190610584,50
12,4,16671.0738276057,50
13,4,17050.9310643785,360
14,4,17356.7279570801,360
15,4,17402.729961291,360
16,4,17372.8820693437,360
17,4,17271.4898587242,360
18,4,16827.5319492575,50
19,4,16356.7322572914,50
20,4,16788.6169068962,50
21,4,17729.4159779287,50
22,4,17480.8699266016,70
23,4,16700.6567964721,90
24,4,15815.3189217597,90
1,5,14629.0257754056,160
2,5,13490.6050169086,160
3,5,12853.6489187693,180
4,5,12412.882979624,200
5,5,12254.5181230865,230
6,5,12253.5701092761,200
7,5,12312.2551888935,110
8,5,12965.6989534665,160
9,5,13724.1309092138,140
10,5,14265.1482396899,140
11,5,14634.1150398961,140
12,5,14871.52511454,140
13,5,14842.221714925,140
14,5,14631.5319119282,90
15,5,14290.5920614675,140
16,5,14155.7558948062,90
17,5,14003.8349714214,140
18,5,13916.6161570009,90
19,5,13950.4039432071,140
20,5,14766.6279849801,90
21,5,15761.6830629837,90
22,5,15611.6390458699,90
23,5,14803.2241044436,90
24,5,14019.4272036292,90
1,6,13055.2000663411,90
2,6,12242.9318867866,90
3,6,11728.0630573407,90
4,6,11410.6269960003,140
5,6,11257.1209755894,140
6,6,11140.4830083232,90
7,6,10752.7209554762,140
8,6,11166.0039634081,140
9,6,11935.1959368922,90
10,6,12651.6849306095,90
11,6,13048.5910797324,90
12,6,13111.4330604244,90
13,6,13129.8360893168,90
14,6,13071.6909386078,50
15,6,12748.5869580172,50
16,6,12580.7269248394,50
17,6,12527.1519674305,50
18,6,12649.1580615807,50
19,6,12756.383181029,50
20,6,13564.7720423033,50
21,6,14667.5119137662,50
22,6,14546.8779245121,50
23,6,13831.5210367683,50
24,6,13105.0571276592,90
1,7,12346.4350250224,90
2,7,11617.7079267716,50
3,7,11080.4350258904,360
4,7,10751.6920287851,360
5,7,10489.9110857499,50
6,7,10267.40703844,50
7,7,9551.89504150953,50
8,7,9604.37097778637,360
9,7,10118.5710251015,20
10,7,10732.9049498057,320
11,7,11334.2410125554,340
12,7,11856.4909127504,20
13,7,12122.6700661089,20
14,7,12216.1400775695,50
15,7,12016.2370089144,360
16,7,11965.7480349001,360
17,7,12006.3729611456,20
18,7,12048.6210580198,360
19,7,12207.4230795661,20
20,7,12910.0719548557,50
21,7,14346.8080118643,50
22,7,14513.0319633503,50
23,7,14107.8289756924,360
24,7,13343.6199937053,50
1,1,12457.6979928091,360
2,1,11635.7279918473,50
3,1,11207.2580671217,360
4,1,11043.9869817719,360
5,1,11047.7071099561,50
6,1,11211.5079920366,0
7,1,11452.5429940708,320
8,1,12547.965112593,320
9,1,13589.8081316818,320
10,1,14474.4500090163,270
11,1,15078.164154822,270
12,1,15697.0988651067,270
13,1,16053.5951229297,270
14,1,16313.2728495821,230
15,1,16506.1488657704,180
16,1,16578.9190608077,360
17,1,16465.2190636583,360
18,1,16278.865919102,360
19,1,15812.3276785491,360
20,1,16173.0289444365,360
21,1,17192.9029397713,50
22,1,17049.1010443755,360
23,1,16229.5440051444,0
24,1,15243.7688273229,0
1,2,14161.5309240203,0
2,2,13224.885918811,0
3,2,12654.0769863538,360
4,2,12383.5979173686,50
5,2,12249.9269967973,360
6,2,12196.5059283804,50
7,2,12444.5020495243,90
8,2,13312.2819988038,90
9,2,14220.3698097006,90
10,2,14954.3580014408,90
11,2,15484.7999998442,90
12,2,16016.863022143,70
13,2,16302.0960707422,50
14,2,16397.9820749294,50
15,2,16470.1690612901,50
16,2,16312.8050186709,50
17,2,16083.9371461179,50
18,2,15649.2090024147,50
19,2,15234.4910821784,50
20,2,15721.7340476754,90
21,2,16776.9661094584,90
22,2,16631.9558759946,90
23,2,15769.6329949386,90
24,2,14751.7790376432,90
1,3,13639.4960080907,50
2,3,12782.383908039,50
3,3,12217.9660118148,50
4,3,11980.8169799428,50
5,3,11991.3649773281,50
6,3,12089.5351174567,50
7,3,12268.3089772444,50
8,3,13155.2270042896,50
9,3,13934.6520058103,360
10,3,14551.282917399,360
11,3,15019.0750683844,360
12,3,15405.3329882436,50
13,3,15541.4609575309,360
14,3,15665.1889087176,50
15,3,15544.3881099178,90
16,3,15498.1328410114,50
17,3,15415.1051223527,50
18,3,15235.2559538446,50
19,3,14959.8730702363,50
20,3,15437.028924033,360
21,3,16540.724823849,90
22,3,16485.830929311,90
23,3,15690.2457618788,90
24,3,14678.5740001667,50
1,4,13581.40895316,50
2,4,12651.2458961345,360
3,4,12164.8660267647,360
4,4,11898.0480018202,360
5,4,11890.7299838886,360
6,4,11891.1260577124,360
7,4,12096.6349953022,360
8,4,13060.3659824599,360
9,4,13878.2189105824,20
10,4,14683.7610838786,340
11,4,15133.4839966353,340
12,4,15733.5460609607,360
13,4,16017.9440226946,340
14,4,16258.0189429023,340
15,4,16344.9608980659,50
16,4,16365.2167913429,70
17,4,16381.7931389585,70
18,4,16093.7879679203,70
19,4,15627.7589325216,50
20,4,15779.8200882077,50
21,4,16917.1542034857,50
22,4,16697.0772620197,50
23,4,15996.9079693146,50
24,4,15010.7000467815,50
1,5,13954.6579664443,20
2,5,13052.718105232,340
3,5,12474.8690293934,360
4,5,12123.9460365287,360
5,5,12075.0730289924,20
6,5,12001.1290262113,360
7,5,12178.3900307994,360
8,5,13128.1210067682,360
9,5,14031.7929342899,360
10,5,14755.3129782714,360
11,5,15299.0190544836,360
12,5,15790.2250373624,360
13,5,16255.9331625048,360
14,5,16634.1348431241,360
15,5,16785.8339371718,360
16,5,16765.2900921293,360
17,5,16730.1661515641,50
18,5,16454.4311177842,50
19,5,15984.907949917,50
20,5,16193.18105614,50
21,5,17278.4717473295,90
22,5,17042.2930626459,270
23,5,16225.7558188513,360
24,5,15377.8920881869,320
1,6,14587.5548837231,50
2,6,13679.4329942735,50
3,6,13055.9069450432,360
4,6,12673.8819358079,360
5,6,12404.3380036792,360
6,6,12083.2380522657,360
7,6,11603.9389817305,360
8,6,12049.8950380476,360
9,6,12909.6789939981,360
10,6,13782.9319487149,360
11,6,14370.1880227737,360
12,6,14794.1551813446,360
13,6,15228.7081128471,320
14,6,15721.4619970527,320
15,6,15758.0769684026,360
16,6,15904.252958625,360
17,6,15861.3110153838,320
18,6,15613.6050993348,360
19,6,15250.9348237449,360
20,6,15577.0361916283,360
21,6,16235.661172465,360
22,6,15901.6309683964,0
23,6,15132.5309675829,180
24,6,14490.6948138652,180
1,7,13732.0221358864,0
2,7,13024.1849092506,50
3,7,12408.4410937177,320
4,7,11858.1050333986,0
5,7,11461.8400376858,270
6,7,11134.3339283699,270
7,7,10442.3450222923,0
8,7,10420.8208964744,230
9,7,10809.6469602281,230
10,7,11399.267943067,230
11,7,11821.7929335397,230
12,7,12181.0928190267,180
13,7,12520.6340358292,180
14,7,12547.8669958668,230
15,7,12383.7730209369,200
16,7,12438.5509582064,180
17,7,12593.1440361708,140
18,7,12707.3649726496,230
19,7,12798.7789370378,180
20,7,13270.8470839015,0
21,7,14670.8769695414,360
22,7,14888.1067141183,50
23,7,14491.2370078862,360
24,7,13765.8209115081,360
1,1,12870.3139186557,320
2,1,12179.4420781843,360
3,1,11679.3948863382,360
4,1,11474.6150198281,0
5,1,11510.1579891276,360
6,1,11534.8570184037,50
7,1,11817.3890366685,50
8,1,12942.5108533502,360
9,1,14202.503929846,360
10,1,15203.3439880125,360
11,1,16021.3591001574,360
12,1,16724.9228598266,360
13,1,17182.2611252535,360
14,1,17639.1108801998,360
15,1,18014.7430732343,360
16,1,18056.3881783132,360
17,1,18192.2540399376,360
18,1,17933.4812070224,50
19,1,17371.9589400152,360
20,1,17440.52712797,360
21,1,18717.4010534547,360
22,1,18807.9419123493,0
23,1,18097.3611310422,0
24,1,16991.9358739555,320
1,2,15798.0748636872,140
2,2,14712.1180006694,140
3,2,14004.4121107757,140
4,2,13555.9778860714,140
5,2,13174.0750788711,140
6,2,12963.9699739963,140
7,2,12861.3929318376,140
8,2,13583.6969389189,180
9,2,14210.3600726929,200
10,2,14695.1279690899,160
11,2,15041.213837849,160
12,2,15347.1440534536,200
13,2,15336.9041741323,180
14,2,15145.1079697814,110
15,2,14858.4731121762,140
16,2,14471.8739128578,160
17,2,14343.9960030168,140
18,2,14192.7870995644,140
19,2,14034.5979324486,110
20,2,14593.6239518179,90
21,2,15899.6681506047,140
22,2,15800.38494551,140
23,2,15072.6211602129,140
24,2,14154.385909874,140
1,3,12963.3931403831,110
2,3,12200.2350578941,140
3,3,11745.5530076846,140
4,3,11538.4830798432,140
5,3,11576.710916491,140
6,3,11473.9289717767,160
7,3,11841.5299534779,180
8,3,12908.1328851301,140
9,3,13735.3769471794,180
10,3,14231.871956557,180
11,3,14576.2719066516,140
12,3,14804.2589599275,180
13,3,14813.8959234776,230
14,3,14608.8900105543,230
15,3,14445.2419031337,180
16,3,14412.7050999254,50
17,3,14345.777949784,320
18,3,14272.9079994615,230
19,3,14188.3589004334,320
20,3,14631.7670371234,320
21,3,16007.8999423236,320
22,3,16011.7991435472,320
23,3,15143.664862711,320
24,3,14156.3640058246,320
1,4,12993.3480235841,320
2,4,12095.8070579134,270
3,4,11569.127033364,270
4,4,11321.5900578471,270
5,4,11289.0449558441,270
6,4,11399.0800328758,0
7,4,11672.347015515,320
8,4,12774.8580091447,320
9,4,13619.5082051009,360
10,4,14273.4279677272,320
11,4,14660.6120478883,320
12,4,15048.8829045258,320
13,4,15240.9819208607,180
14,4,15257.3441484161,270
15,4,15211.8699145429,200
16,4,15323.1789919025,230
17,4,15441.8039190825,180
18,4,15335.3260540031,270
19,4,15075.1149894129,360
20,4,15258.0568192974,340
21,4,16510.3417944494,320
22,4,16470.6410667691,320
23,4,15684.2889045924,290
24,4,14762.8619617149,320
1,5,13640.2648971211,320
2,5,12755.8670102486,320
3,5,12220.1530220453,290
4,5,11998.4859568927,270
5,5,11976.4521127945,320
6,5,11862.0809040344,290
7,5,12058.9990159031,0
8,5,13164.3659586255,270
9,5,14132.2180649731,270
10,5,14923.6319858525,270
11,5,15604.022888653,160
12,5,16184.7249802237,180
13,5,16567.2830458265,140
14,5,16768.3029372692,230
15,5,17086.6000264697,140
16,5,17271.6800282411,140
17,5,17351.0499549918,50
18,5,17080.3779890407,50
19,5,16565.6678707935,180
20,5,16346.8369578905,140
21,5,17335.9330755472,50
22,5,17207.5178633453,50
23,5,16326.3101172429,50
24,5,15491.1479588952,50
1,6,14505.3699519839,50
2,6,13626.0259912759,90
3,6,12972.6149530755,90
4,6,12506.2819018252,50
5,6,12260.6379642924,50
6,6,11824.6999582397,50
7,6,11247.798892647,50
8,6,11712.0980605613,360
9,6,12569.1499261591,360
10,6,13529.5910772672,360
11,6,14209.915126536,360
12,6,14763.1380296405,50
13,6,15376.2158615636,320
14,6,15885.0631217263,320
15,6,16175.5959523888,360
16,6,16259.7180485958,360
17,6,16397.4758839023,360
18,6,16302.7710004598,360
19,6,16081.6020668796,360
20,6,15990.8850798821,360
21,6,17095.5198613619,360
22,6,17096.1769585004,360
23,6,16393.2941603083,320
24,6,15671.0660599517,320
1,7,14854.7199035902,360
2,7,13997.5189057514,320
3,7,13360.730856047,270
4,7,12785.3472763565,360
5,7,12500.4340018071,270
6,7,11986.2400854658,270
7,7,11202.9670593886,270
8,7,11462.783954964,270
9,7,12144.5528691234,250
10,7,13034.667991342,250
11,7,13868.1280293991,250
12,7,14670.2170741232,270
13,7,15588.4981237939,270
14,7,16345.4059787518,270
15,7,16798.5552759112,270
16,7,17181.8929709651,270
17,7,17280.7201013747,270
18,7,17028.2298172694,250
19,7,16574.4531448083,290
20,7,16344.6618921594,290
21,7,17537.0868921736,290
22,7,17923.0539808041,320
23,7,17554.6918341368,320
24,7,16967.1050943332,270
1,1,16210.4570149528,270
2,1,15347.4309591921,270
3,1,14605.6168782497,270
4,1,14035.8039858649,270
5,1,13669.4938952988,270
6,1,13165.8870077105,270
7,1,12482.4988896088,230
8,1,12808.3169382634,230
9,1,13586.8170546559,230
10,1,14417.4639101536,230
11,1,15222.6340133981,270
12,1,16271.2537838635,320
13,1,17535.4360038158,270
14,1,18616.0209273733,270
15,1,18980.6347450744,230
16,1,19012.9359232029,230
17,1,19111.6150446765,230
18,1,18679.1430583647,180
19,1,17699.3670800875,180
20,1,17097.6051898836,180
21,1,18061.8658536663,140
22,1,18324.374102595,140
23,1,17846.7000509797,110
24,1,17031.9791915054,110
1,2,16005.217866363,90
2,2,15008.8020141795,140
3,2,14231.9191711657,110
4,2,13678.2131064832,90
5,2,13496.1660522539,110
6,2,13254.0960104931,90
7,2,13215.5549838073,90
8,2,13897.8630396863,140
9,2,14734.6362046711,90
10,2,15383.8739686719,50
11,2,15955.1019314192,50
12,2,16309.6988542676,90
13,2,16726.6831292249,50
14,2,17067.9280939735,50
15,2,17182.8891986888,50
16,2,17355.5800368805,360
17,2,17454.4791711522,360
18,2,17207.723916295,50
19,2,16680.5342439394,50
20,2,16550.2940508798,50
21,2,17632.2941145618,360
22,2,17833.6951359976,50
23,2,17239.4220170145,50
24,2,16341.5049032958,360
1,3,15211.7358701788,320
2,3,14278.1449914072,320
3,3,13610.7460960578,320
4,3,13363.1879526374,320
5,3,13209.9660439398,320
6,3,12983.3450916354,320
7,3,13122.3810488898,320
8,3,14161.1299491385,320
9,3,15175.2249896768,320
10,3,16207.352026185,320
11,3,17104.5749999704,340
12,3,18045.9977729246,340
13,3,18806.3732639104,320
14,3,19634.4110391447,320
15,3,20148.5668737142,340
16,3,20373.0189415198,290
17,3,20297.7540426515,320
18,3,19821.374072657,290
19,3,19015.2530074511,320
20,3,18586.0958812013,340
21,3,19751.429117972,50
22,3,20003.0431569423,50
23,3,19382.6058243178,50
24,3,18349.8199300058,50
1,4,17035.7409644276,360
2,4,15959.8470502282,320
3,4,15124.9401010815,320
4,4,14735.4359986205,320
5,4,14437.0441175904,320
6,4,14284.6050284598,270
7,4,14013.1052224612,270
8,4,14677.1210737058,270
9,4,15564.4850065513,360
10,4,16302.1959721148,320
11,4,16695.8751741452,270
12,4,17074.6190719884,160
13,4,17317.769909583,140
14,4,17333.0139685143,90
15,4,17299.0469425144,90
16,4,17189.8791296035,90
17,4,17162.8259447049,90
18,4,16857.1641350369,90
19,4,16471.9007431977,140
20,4,16332.1731760167,90
21,4,17214.6411338951,140
22,4,17371.2858734503,140
23,4,16699.3240097612,180
24,4,15932.6761075873,180
1,5,14969.9089409132,180
2,5,13920.5979879545,180
3,5,13309.7158812201,140
4,5,13008.4839692339,180
5,5,12870.166955811,140
6,5,12585.160930397,140
7,5,12709.9179998422,140
8,5,13620.0970590157,180
9,5,14749.3559750952,90
10,5,15869.6138351597,90
11,5,16631.8310017679,90
12,5,17439.3731001019,90
13,5,18057.1069064615,90
14,5,18639.5651183492,140
15,5,19102.0473223217,360
16,5,19318.0509904949,360
17,5,19343.3622045871,50
18,5,18852.1978672519,50
19,5,18075.2088709939,50
20,5,17521.7229056545,50
21,5,18242.187120894,70
22,5,18182.982931152,70
23,5,17474.0741710085,20
24,5,16861.5491415141,90
1,6,15870.3420319026,70
2,6,15034.1489628395,20
3,6,14339.9959516404,20
4,6,13901.6540225865,50
5,6,13600.215965963,70
6,6,12973.7999599017,20
7,6,12580.7689262182,20
8,6,13000.8339549322,360
9,6,13924.8028387185,50
10,6,14665.0109368274,360
11,6,15236.7529398371,50
12,6,15716.214036176,360
13,6,16198.5459795166,360
14,6,16484.8290735558,360
15,6,16890.4859647155,360
16,6,16987.4078734904,90
17,6,16912.1279930598,90
18,6,16523.9350623591,90
19,6,15963.6651337435,90
20,6,16040.4459808273,50
21,6,16798.7279281048,50
22,6,16633.3990379134,50
23,6,15967.8279736852,90
24,6,15244.4419014277,90
1,7,14507.9591956111,90
2,7,13828.3527928712,50
3,7,13216.3380878111,50
4,7,12740.4760758025,50
5,7,12319.3219189094,360
6,7,11904.8209615452,50
7,7,11082.2890272597,360
8,7,10901.4539046614,50
9,7,11127.2530004838,90
10,7,11530.3429704746,360
11,7,11991.8990019201,360
12,7,12421.2960338602,340
13,7,12847.66794864,320
14,7,12943.9890026054,320
15,7,12775.6510854652,230
16,7,12632.8791492628,230
17,7,12724.8258678624,140
18,7,12765.889207853,160
19,7,12849.312897291,140
20,7,13155.1829489321,180
21,7,14400.2947827582,180
22,7,14848.4090099037,140
23,7,14439.1498772072,140
24,7,13750.2370067844,140
1,1,12849.971005247,140
2,1,12123.2680917019,230
3,1,11674.4010644741,230
4,1,11395.5780207794,230
5,1,11416.6869919933,180
6,1,11500.9450327335,140
7,1,11722.8619068041,140
8,1,12877.7789082301,180
9,1,13904.1959527032,200
10,1,14668.2978693494,180
11,1,15154.1871510437,200
12,1,15730.4809855726,160
13,1,15965.6817200836,160
14,1,16131.6591123417,180
15,1,16353.3011116739,140
16,1,16438.0810624342,160
17,1,16498.4732666565,160
18,1,16381.4890319053,140
19,1,15945.7001772095,180
20,1,15737.0671170652,160
21,1,16789.8289601598,180
22,1,17079.5848790174,140
23,1,16394.9869966814,180
24,1,15475.2751215026,140
1,2,14357.7738369424,140
2,2,13312.4549528649,90
3,2,12763.6170737408,90
4,2,12414.9829778429,180
5,2,12335.7379237143,180
6,2,12219.4441389833,180
7,2,12310.826031412,140
8,2,13389.088036906,180
9,2,14395.8970108144,180
10,2,15182.3980818838,180
11,2,15826.9638818726,180
12,2,16396.573941581,140
13,2,16895.7887744284,140
14,2,17192.9259895921,180
15,2,17461.5671191337,180
16,2,17514.8340927642,140
17,2,17536.1289796839,230
18,2,17124.2512700192,140
19,2,16404.8001002478,140
20,2,16247.4342218018,160
21,2,17286.1740082037,90
22,2,17357.7809213772,90
23,2,16578.5488246735,90
24,2,15673.7862022797,90
1,3,14673.7210176252,90
2,3,13682.5060008299,90
3,3,13083.4859542437,90
4,3,12812.4969354626,140
5,3,12703.2439920176,140
6,3,12530.8951090705,90
7,3,12653.8609689325,90
8,3,13574.6531520195,0
9,3,14544.1311065732,360
10,3,15227.2569220997,360
11,3,15738.5210674852,360
12,3,16296.8011146514,360
13,3,16649.4659376144,50
14,3,16942.350017719,20
15,3,17173.4408547822,50
16,3,17219.4189980347,50
17,3,17185.9521538708,50
18,3,16903.2970459126,50
19,3,16362.5160599221,50
20,3,16105.8678608853,50
21,3,17157.2829723726,70
22,3,17402.480992469,70
23,3,16589.0810103407,70
24,3,15815.6808849676,340
1,4,14809.503985906,20
2,4,13893.4260461004,20
3,4,13293.2320544124,50
4,4,12886.0809280109,50
5,4,12793.2750892183,20
6,4,12588.914016977,320
7,4,12742.3490685057,360
8,4,13583.3648727704,360
9,4,14686.4489784082,360
10,4,15495.1260812264,50
11,4,16132.4689041618,360
12,4,16794.598091539,360
13,4,17367.8330158731,360
14,4,17799.2611213662,360
15,4,18199.8299821727,360
16,4,18334.7701394819,50
17,4,18226.0209811069,50
18,4,17823.6512346566,50
19,4,17060.3908387963,50
20,4,16606.1590745337,50
21,4,17706.6931723692,50
22,4,17895.63801351,50
23,4,17216.7938958704,90
24,4,16416.862815965,50
1,5,15422.528007444,50
2,5,14541.34383782,50
3,5,13822.5101237446,360
4,5,13416.596002901,360
5,5,13238.8099451214,360
6,5,13017.1791113056,320
7,5,13067.2339352034,320
8,5,13889.3669644482,360
9,5,14848.1768644042,360
10,5,15710.5219836645,320
11,5,16224.4570986964,360
12,5,16779.7951781591,340
13,5,17264.4198003151,360
14,5,17699.0179453753,360
15,5,17775.3967946582,360
16,5,17571.0219671465,140
17,5,17219.7600637991,50
18,5,16906.8662236128,90
19,5,16361.8138584476,90
20,5,16122.355788568,50
21,5,17249.9600121882,50
22,5,17231.5097905304,90
23,5,16540.4948421847,90
24,5,15776.5171373598,90
1,6,15030.1448598518,50
2,6,14227.6849283539,50
3,6,13562.3631484732,50
4,6,13205.4079132788,50
5,6,12997.8909595516,90
6,6,12671.7169474103,90
7,6,12120.8799756821,140
8,6,12263.9720305677,90
9,6,12902.8510783126,140
10,6,13614.2348318249,140
11,6,14075.6277825581,90
12,6,14476.1139757372,90
13,6,14762.8062430564,90
14,6,14912.9999188446,320
15,6,14914.3479836322,50
16,6,14806.5138362134,50
17,6,14670.4130097525,90
18,6,14562.5870268168,50
19,6,14365.6368016629,70
20,6,14476.3220194271,90
21,6,15642.6237820601,110
22,6,15658.7401436903,70
23,6,15066.0790977385,20
24,6,14396.8350362601,70
1,7,13631.9559713937,50
2,7,13026.4870192781,20
3,7,12475.3810709694,50
4,7,12011.3399451766,20
5,7,11773.0838992279,70
6,7,11348.9250706956,50
7,7,10631.5539493011,90
8,7,10578.9700483875,90
9,7,10992.0249135243,20
10,7,11601.7759550633,50
11,7,12258.6030174075,20
12,7,12738.6629691301,90
13,7,13425.6080930289,90
14,7,13706.617941252,90
15,7,13816.8351013111,50
16,7,13849.952074497,50
17,7,13806.5061224084,50
18,7,13683.8420062801,360
19,7,13504.4299139371,50
20,7,13607.3769481489,50
21,7,14914.794046686,50
22,7,15568.5498780124,50
23,7,15369.5171540864,50
24,7,14874.4359847642,70
1,1,14076.8370580021,90
2,1,13192.5738763083,50
3,1,12744.2791065648,90
4,1,12397.7319147587,90
5,1,12299.0940453988,140
6,1,12178.885005597,140
7,1,12485.9970078524,90
8,1,13573.7151332032,140
9,1,14652.6210196838,90
10,1,15644.4848856516,90
11,1,16330.0457606837,90
12,1,16968.9613020848,50
13,1,17497.5088589769,50
14,1,18000.4051957799,90
15,1,18280.3369567784,50
16,1,18300.7640961297,50
17,1,18107.6340057701,50
18,1,17591.3359091468,50
19,1,17064.3619966581,50
20,1,16694.2769714184,50
21,1,17704.6700127255,50
22,1,18079.9810291128,90
23,1,17504.3351018913,90
24,1,16677.9500179756,50
1,2,15600.707882911,50
2,2,14512.9209987947,50
3,2,13976.0288504176,50
4,2,13589.4439725364,50
5,2,13476.661008914,50
6,2,13183.1709456928,50
7,2,13296.2489764728,360
8,2,14289.0299940966,360
9,2,15335.3990267012,360
10,2,16227.3442325536,360
11,2,16969.3158663157,360
12,2,17631.1660854947,360
13,2,18284.0788209215,320
14,2,19000.1290645283,360
15,2,19433.853032412,360
16,2,19508.5030012056,50
17,2,19385.9229605831,90
18,2,18894.0370673276,50
19,2,18042.9708965961,50
20,2,17502.9179595057,90
21,2,18316.548141012,90
22,2,18334.977100024,50
23,2,17679.6399313957,50
24,2,16814.1938816644,360
1,3,15829.5031707585,360
2,3,15019.2589729149,50
3,3,14209.1950736474,360
4,3,13599.9930666666,360
5,3,13243.0949827265,360
6,3,12645.2550735455,360
7,3,11981.5109781525,360
8,3,12228.7881220896,360
9,3,12960.5978307426,320
10,3,13738.18187798,360
11,3,14336.6199968606,360
12,3,15012.1660118755,360
13,3,15773.917030415,320
14,3,16316.1269662287,360
15,3,16594.0371411238,360
16,3,16720.3329825159,360
17,3,16632.6482077334,50
18,3,16276.6800438603,50
19,3,15732.4511129325,50
20,3,15535.5180266239,70
21,3,16781.4869135078,70
22,3,17376.3278113175,90
23,3,17035.2200748026,110
24,3,16416.4360805657,90
1,4,15667.2100680079,70
2,4,14608.3928249311,20
3,4,13940.8571011517,20
4,4,13510.0820617266,360
5,4,13321.4748652503,360
6,4,13116.1869351678,360
7,4,13220.9739868827,20
8,4,14098.2109276243,20
9,4,15066.7820619643,360
10,4,15848.8559307028,360
11,4,16474.8008884974,360
12,4,16965.8130619349,360
13,4,17462.5928977653,360
14,4,17911.097877482,360
15,4,18082.3687844146,50
16,4,18011.644144156,360
17,4,17775.9828999359,50
18,4,17390.2541622033,90
19,4,16771.4889740124,90
20,4,16675.6159980111,90
21,4,17686.5008939374,90
22,4,17898.4182567559,50
23,4,17345.6070208233,90
24,4,16608.2849627584,50
1,5,15696.7811952494,50
2,5,14650.6710470822,360
3,5,14003.1089555193,360
4,5,13593.1070049498,360
5,5,13394.1509234458,50
6,5,13135.1987936888,360
7,5,13219.0079420805,360
8,5,13916.2300311793,360
9,5,14741.045034803,340
10,5,15432.3749807291,340
11,5,15927.7370331995,360
12,5,16384.6901579564,360
13,5,16722.9898869349,340
14,5,16947.4439948741,20
15,5,17254.1078607459,360
16,5,17320.6379917185,20
17,5,17260.2880298956,50
18,5,16936.5428479901,340
19,5,16396.9629024551,50
20,5,16231.928175047,50
21,5,17073.9671099987,50
22,5,17302.8060007468,50
23,5,16622.8459902918,50
24,5,15889.953020175,50
1,6,15110.7959383689,50
2,6,14366.5129162967,50
3,6,13745.3699966697,0
4,6,13286.8849543277,50
5,6,13050.0151623171,50
6,6,12653.8329802519,360
7,6,12259.7649809066,360
8,6,12590.7639647764,320
9,6,13385.4839674989,270
10,6,14260.1638321928,360
11,6,14928.0831946856,360
12,6,15460.915986564,360
13,6,16034.997097326,50
14,6,16433.3770339317,360
15,6,16848.5981316371,360
16,6,16998.8952442366,320
17,6,17043.3797626421,360
18,6,17011.568166438,340
19,6,16641.1550818007,50
20,6,16337.3519458873,50
21,6,17147.3750179196,50
22,6,17280.6332027474,50
23,6,16690.5750272954,50
24,6,16019.0452491781,50
1,7,15334.4860508153,360
2,7,14630.7058519432,360
3,7,13979.5910525853,360
4,7,13522.8768600663,50
5,7,13113.3910202067,360
6,7,12603.2729354696,360
7,7,11834.4049396883,360
8,7,11939.343996766,320
9,7,12395.302966435,320
10,7,13017.533784735,320
11,7,13642.6239384464,270
12,7,14180.3199154073,230
13,7,14618.2162365946,230
14,7,14729.9438312436,180
15,7,14850.984883023,140
16,7,15144.8200560873,140
17,7,15364.0570626813,90
18,7,15327.6569549618,90
19,7,15046.5720924428,320
20,7,14921.6758985044,360
21,7,15913.4489516644,320
22,7,16639.274049772,0
23,7,16508.1438484285,0
24,7,15885.4642349891,320
1,1,15129.4881328233,50
2,1,14321.5221399274,230
3,1,13667.2181160916,230
4,1,13322.080838168,230
5,1,13123.9139048848,90
6,1,12948.3379981779,90
7,1,13054.4940667115,180
8,1,13797.871876508,180
9,1,14765.6250070427,140
10,1,15395.6458086483,180
11,1,15924.2430418506,140
12,1,16303.3689465874,140
13,1,16712.4029440014,90
14,1,17029.5470915586,50
15,1,17084.5339944586,50
16,1,17184.1969713881,360
17,1,16908.5640550199,340
18,1,16588.3351819701,50
19,1,16182.702742435,50
20,1,15962.1010692324,50
21,1,16919.9380265176,50
22,1,17415.3141016662,90
23,1,16831.4763350654,20
24,1,15973.8338819295,50
1,2,14948.0070347451,20
2,2,14026.1960203517,360
3,2,13411.0369506553,20
4,2,13158.0030685645,360
5,2,12984.9050267227,20
6,2,12779.9260856882,70
7,2,12935.8200508356,90
8,2,13908.8421001155,20
9,2,15066.7010918576,90
10,2,15994.3438794985,90
11,2,16592.3360673836,50
12,2,17077.0939269904,90
13,2,17548.1298361793,50
14,2,17913.0691602267,50
15,2,18074.9921335895,50
16,2,18117.5947960019,90
17,2,17926.9670300595,50
18,2,17216.907978354,90
19,2,16478.0138553903,70
20,2,16255.5800702367,90
21,2,17003.8380804583,70
22,2,17218.86610917,140
23,2,16570.927940676,50
24,2,15909.3958889078,50
1,3,14932.9520360194,90
2,3,14081.5660524722,50
3,3,13512.1289282702,360
4,3,13169.0891874777,50
5,3,13077.8680117577,320
6,3,12875.4389611296,320
7,3,12948.9810195602,270
8,3,13827.4369560606,230
9,3,14844.5738582164,0
10,3,15569.9787896946,0
11,3,16058.8399466891,180
12,3,16558.7670052443,180
13,3,17113.551008217,0
14,3,17606.1778708743,180
15,3,17969.3802267667,140
16,3,18144.2787888441,140
17,3,18139.8771148641,360
18,3,17820.6159855388,140
19,3,17196.481981365,90
20,3,16755.5518368613,140
21,3,17454.6387991812,140
22,3,17751.2729136534,140
23,3,17165.4329639785,90
24,3,16284.1121400157,140
1,4,15327.0450372882,140
2,4,14295.0940385871,140
3,4,13643.4042054284,140
4,4,13238.4168610498,50
5,4,13109.6828969577,140
6,4,12858.3750345907,140
7,4,12929.2910849433,90
8,4,13840.6968283644,90
9,4,15073.9500521789,90
10,4,15979.1748258676,90
11,4,16666.0688165352,50
12,4,17381.1771053858,140
13,4,18132.0939866295,50
14,4,18741.5571803451,50
15,4,19024.8849227428,50
16,4,19009.55694554,90
17,4,18898.0110036973,90
18,4,18389.8567258641,50
19,4,17570.913910348,50
20,4,17015.5519825798,50
21,4,17622.7290812768,20
22,4,18006.995893917,70
23,4,17456.9699663483,70
24,4,16757.1910035498,70
1,5,15828.5000260305,50
2,5,14941.6449893285,70
3,5,14255.5298619326,360
4,5,13848.1079465374,20
5,5,13546.5120418556,360
6,5,13281.0179165192,360
7,5,13233.7238384141,360
8,5,14185.4920460284,50
9,5,15252.5289876852,50
10,5,16149.1957950033,360
11,5,16798.4180501234,20
12,5,17528.7550877426,360
13,5,18229.4350373708,50
14,5,18845.945062222,90
15,5,19303.3700848669,50
16,5,19573.3928635661,140
17,5,19534.2221198566,50
18,5,19133.9150464181,50
19,5,18341.8848860003,20
20,5,17594.0682312269,90
21,5,18012.5068846028,50
22,5,18494.3139450867,90
23,5,17778.2139650974,50
24,5,16956.2530513285,50
1,6,16279.3358470695,360
2,6,15520.9498323454,50
3,6,14796.8080076156,320
4,6,14247.9718676126,50
5,6,13923.5898509687,360
6,6,13286.9900925579,50
7,6,12774.2711068001,360
8,6,13124.3581070127,360
9,6,14011.4050207157,50
10,6,14981.7539423592,360
11,6,15594.4139300899,50
12,6,16144.7152109742,360
13,6,16999.9359947201,360
14,6,17707.8479501922,50
15,6,18195.6260929843,20
16,6,18358.3178457464,20
17,6,18328.3942072722,50
18,6,18058.3710764847,50
19,6,17395.7279120008,50
20,6,16894.6210432458,90
21,6,17529.4790571025,90
22,6,17898.8560264241,90
23,6,17402.4661710123,50
24,6,16896.0939659765,50
1,7,16206.9479032056,90
2,7,15386.9978965903,50
3,7,14718.6321742805,360
4,7,14279.4769247985,360
5,7,13807.3210936794,50
6,7,13152.5059920521,360
7,7,12346.028976005,360
8,7,12443.59700394,360
9,7,13009.8880003341,340
10,7,13800.1639325027,20
11,7,14627.4310144107,320
12,7,15614.9900493021,360
13,7,16708.5938963718,340
14,7,17626.7169741704,360
15,7,18123.2780349492,70
16,7,18273.9789680508,340
17,7,18194.2728700121,360
18,7,17925.6288856748,360
19,7,17327.7700908645,340
20,7,16726.8379269759,50
21,7,17564.6629660255,50
22,7,18610.9460905595,90
23,7,18834.6151605276,50
24,7,18621.680001094,50
1,1,18037.637217504,50
2,1,17129.8050736887,50
3,1,16288.0210940363,50
4,1,15757.2549615065,50
5,1,15428.4401008254,50
6,1,15015.7301475732,90
7,1,14756.4900068156,90
8,1,15732.7989877816,90
9,1,17046.3779795868,90
10,1,18326.115913393,90
11,1,19375.5078708753,90
12,1,20304.1980207711,50
13,1,21240.7600769233,50
14,1,22194.5604412984,50
15,1,22562.5887604812,50
16,1,22468.2608697747,50
17,1,22095.0990482741,50
18,1,21288.6170167881,50
19,1,20178.7797962329,50
20,1,19121.1360725777,50
21,1,19583.0270594964,50
22,1,20160.3260654537,50
23,1,19710.9971285202,50
24,1,19076.5527968593,90
1,2,18194.0629128795,50
2,2,17138.220893587,90
3,2,16345.6040081669,50
4,2,15778.3681090232,50
5,2,15492.3470798964,50
6,2,15096.6569981352,50
7,2,14872.4610056188,360
8,2,15597.7340706848,360
9,2,16774.8351743091,50
10,2,17786.9588711886,50
11,2,18650.1919409577,50
12,2,19621.538933916,360
13,2,20697.1559340097,50
14,2,21728.007913176,90
15,2,22275.8479347876,50
16,2,22193.6879189478,50
17,2,21806.0949062011,50
18,2,21053.329036515,50
19,2,19839.8740151408,90
20,2,19015.9679669584,90
21,2,19470.1018763441,50
22,2,20238.0210051266,90
23,2,19977.4440470533,90
24,2,19443.8379760152,90
1,3,18510.3320627613,50
2,3,17500.528060277,90
3,3,16701.9099500952,50
4,3,16074.3860824192,90
5,3,15638.9358835211,90
6,3,15118.2560861912,90
7,3,14792.173956681,90
8,3,15500.1641962938,90
9,3,16617.8449995723,50
10,3,17742.263885641,50
11,3,18532.0061387438,360
12,3,19360.6100457403,90
13,3,20171.2009160425,140
14,3,20940.2542714644,360
15,3,21393.4350546519,360
16,3,21447.646069854,50
17,3,21098.7548346294,360
18,3,20347.1171196918,50
19,3,19304.0832168474,50
20,3,18558.2671579176,50
21,3,18966.5228227559,50
22,3,19723.3690779796,50
23,3,19357.2511531664,50
24,3,18682.751079875,50
1,4,17787.9148486247,360
2,4,16774.5978393005,50
3,4,15999.6900688028,50
4,4,15435.1770400191,50
5,4,15090.8491148325,360
6,4,14589.7948698439,50
7,4,14349.3378952099,50
8,4,15285.6949827541,50
9,4,16531.6790280323,20
10,4,17724.1939542014,360
11,4,18607.1497858949,360
12,4,19408.6209980417,340
13,4,20283.0789990202,20
14,4,21159.4080496505,340
15,4,21774.5560668106,360
16,4,21931.2259014097,360
17,4,21668.2477903753,50
18,4,20890.8649615569,20
19,4,19744.1701351642,90
20,4,18872.970004139,50
21,4,19166.9461493338,50
22,4,19818.3259189157,90
23,4,19529.3690423304,50
24,4,18958.8440448185,90
1,5,18159.3217613501,50
2,5,17358.9277668977,50
3,5,16405.4228275856,50
4,5,15671.9219367737,50
5,5,15167.7828703159,360
6,5,14600.6430517798,360
7,5,14000.904932111,360
8,5,14495.1532319773,320
9,5,15481.9910928118,360
10,5,16477.1600371746,360
11,5,17068.7971416633,270
12,5,17687.9292396957,270
13,5,18632.6899226659,50
14,5,19698.3278136509,320
15,5,20370.4599602695,360
16,5,20689.115938595,360
17,5,20528.2237344894,360
18,5,19877.5211442378,360
19,5,18920.031044547,360
20,5,18216.275864691,360
21,5,18489.769955684,320
22,5,18045.6659569256,320
23,5,16571.3510052674,320
24,5,15461.086218683,140
1,6,14749.9100263398,90
2,6,14665.1561256927,90
3,6,14773.7739760969,90
4,6,14693.7439758666,0
5,6,14421.31701307,0
6,6,13769.7438056413,0
7,6,12724.1768794283,140
8,6,12583.4350259607,110
9,6,12949.1941397344,140
10,6,13595.4249466029,110
11,6,14311.5089825883,160
12,6,15014.5151884491,90
13,6,15636.6839823041,90
14,6,16170.9139864845,110
15,6,16470.648162252,140
16,6,16895.3529663524,160
17,6,17072.5751163033,110
18,6,16841.2170818325,110
19,6,16261.4139240934,20
20,6,15540.342042512,50
21,6,16079.4247850967,50
22,6,16983.8777609095,90
23,6,16987.5439787209,50
24,6,16724.7860356793,360
1,7,16224.5108800996,50
2,7,15655.5848993342,50
3,7,14987.8821121454,0
4,7,14396.8070978206,0
5,7,13937.9749943409,0
6,7,13339.8632228784,0
7,7,12554.1049267803,0
8,7,12732.3001978374,180
9,7,13371.9448829782,0
10,7,14233.6939389544,180
11,7,15048.3482184079,140
12,7,15923.6920068532,90
13,7,17123.3888600455,180
14,7,18140.273121041,320
15,7,18792.7480176468,360
16,7,19176.5619568308,360
17,7,19059.4969943617,360
18,7,18558.4601584231,360
19,7,17894.4811475822,360
20,7,17068.944888066,360
21,7,17637.6831052969,50
22,7,18769.5269868234,50
23,7,18949.3457271559,50
24,7,18672.8389344504,90
1,1,18009.6832652548,90
2,1,17091.018362117,90
3,1,16347.8799403189,90
4,1,15763.8039747896,50
5,1,15344.1551421257,90
6,1,14878.5400460707,50
7,1,14584.0269816755,50
8,1,15285.7620856813,90
9,1,16761.4039740616,90
10,1,18086.7460537904,50
11,1,19034.6921600825,20
12,1,20022.3581872487,90
13,1,21156.1119985222,20
14,1,22263.1389945946,50
15,1,22937.6337121648,90
16,1,23020.966084914,360
17,1,22710.0607591807,360
18,1,21833.4781285112,50
19,1,20538.1868522945,50
20,1,19421.8789998326,360
21,1,19730.19570434,50
22,1,20489.2240581652,50
23,1,20283.0349680474,360
24,1,19681.0510375006,50
1,2,18727.2460584948,50
2,2,17815.8700083205,360
3,2,16920.2928756764,360
4,2,16256.8869094616,340
5,2,15770.0758918179,320
6,2,15290.9580714433,320
7,2,14847.8140325206,360
8,2,15474.0588681974,360
9,2,16570.6348815491,320
10,2,17721.5700114411,200
11,2,18557.7859056764,140
12,2,19567.0821434758,0
13,2,20785.5293386613,360
14,2,21904.2067518474,20
15,2,22771.4543963836,20
16,2,23104.7242938071,360
17,2,22943.6551686653,360
18,2,22105.0771758237,360
19,2,21046.8008891507,340
20,2,20193.8281697659,340
21,2,20693.6310249725,50
22,2,21576.5110115418,50
23,2,21439.5578587195,360
24,2,20927.6649512341,360
1,3,19987.0250900062,360
2,3,18845.6070452454,360
3,3,17894.8020098684,360
4,3,17202.6799710477,320
5,3,16665.8579221005,320
6,3,16118.5358090149,360
7,3,15531.7868790454,320
8,3,16156.0109303755,320
9,3,17250.6419455404,320
10,3,18622.3719181509,320
11,3,19630.4871452185,320
12,3,20857.8260924537,320
13,3,22366.840894544,320
14,3,23739.6139915371,320
15,3,24425.398155838,360
16,3,24509.988124476,360
17,3,24144.749766232,320
18,3,23310.5766344031,320
19,3,22330.5685768961,320
20,3,21339.9512537976,360
21,3,21696.7290606326,320
22,3,22391.89513255,360
23,3,22268.9958133446,360
24,3,21823.8723065229,360
1,4,20932.6690690732,360
2,4,19835.8791633202,360
3,4,19003.9779538522,320
4,4,18372.4579721158,360
5,4,17807.411080935,320
6,4,17035.2832478201,320
7,4,16367.7910888898,320
8,4,16788.4997574294,320
9,4,17928.9810866318,340
10,4,19024.5229564437,320
11,4,19931.3451079517,320
12,4,20920.2130433018,270
13,4,22083.1251856049,340
14,4,23140.0899572014,230
15,4,23546.9468078667,140
16,4,23426.0888507208,140
17,4,22831.2579621128,160
18,4,21889.5477098168,140
19,4,20897.3748134112,140
20,4,19926.0441772616,140
21,4,20218.4289500447,140
22,4,20774.0022878638,90
23,4,20659.0276376838,180
24,4,20284.1259623552,90
1,5,19660.4249025406,90
2,5,18781.3680133913,90
3,5,17895.3149753371,90
4,5,17240.3018184761,140
5,5,16648.6270142226,90
6,5,15893.6309582302,140
7,5,14989.7910932633,90
8,5,15145.9309779373,90
9,5,15982.216216546,70
10,5,17004.0929476389,50
11,5,17842.1579432553,90
12,5,18683.3089807713,20
13,5,19676.3460024833,50
14,5,20694.2768420053,70
15,5,21333.7670217943,360
16,5,21495.7399186385,20
17,5,21257.0218035006,20
18,5,20540.0721198625,20
19,5,19493.5689639491,50
20,5,18590.7231653337,50
21,5,18906.4190612142,50
22,5,18698.1980984081,50
23,5,17262.0691135526,50
24,5,16384.1790428888,50
1,6,15882.9329235852,50
2,6,15955.8997412343,50
3,6,16235.2371096592,360
4,6,16305.1199366208,320
5,6,16095.6408402547,320
6,6,15666.1058535427,320
7,6,14507.27310404,320
8,6,14008.4079827364,320
9,6,14039.7341110355,270
10,6,14147.5339335692,230
11,6,14296.3881807891,230
12,6,14355.3108868157,230
13,6,14331.7400469002,230
14,6,14287.1920921314,230
15,6,14328.1180691901,320
16,6,14482.6048924967,320
17,6,14370.9748639909,320
18,6,14274.9939796673,360
19,6,14168.4649756434,320
20,6,13943.2640831701,360
21,6,14645.7019187235,360
22,6,15549.4531138167,320
23,6,15398.757030718,320
24,6,15255.2950130645,270
1,7,14860.0720452219,0
2,7,14304.9912611078,320
3,7,13790.9610194322,320
4,7,13343.0230455343,270
5,7,13048.1110341046,270
6,7,12657.2990935883,230
7,7,11850.3859049364,270
8,7,11843.5841180594,270
9,7,12378.4240269118,200
10,7,13249.2450767658,180
11,7,14137.2048923671,230
12,7,15087.4057367877,360
13,7,16213.8577192877,340
14,7,17191.9779527269,320
15,7,17888.4371657358,360
16,7,18257.7969459784,360
17,7,18167.5748909735,20
18,7,17626.1250192993,360
19,7,17158.0959930201,270
20,7,16611.7579642064,340
21,7,17355.9201508714,360
22,7,18561.4849176751,50
23,7,18758.3090359019,360
24,7,18635.3770020595,50
1,1,18127.2588454401,50
2,1,17267.5579809146,50
3,1,16498.5392690757,90
4,1,15877.0951405233,0
5,1,15526.8551702211,140
6,1,15176.8661083942,90
7,1,14821.9237671248,50
8,1,15576.5920474841,360
9,1,17045.2291345445,50
10,1,18488.4281223468,360
11,1,19683.9521700828,360
12,1,20807.7091167006,360
13,1,22045.3721190838,50
14,1,23167.5079704109,50
15,1,23865.7491012362,360
16,1,23913.7949047382,360
17,1,23608.4469775013,360
18,1,22865.9371907876,360
19,1,21731.3887566007,360
20,1,20654.7401106148,20
21,1,20864.039753403,360
22,1,21767.703176883,20
23,1,21805.017309959,20
24,1,21448.1334419111,360
1,2,20552.7661118815,70
2,2,19433.9350567656,340
3,2,18443.8401341559,320
4,2,17663.3590328721,360
5,2,17170.3399759373,320
6,2,16602.4872384025,340
7,2,15985.0402112561,270
8,2,16327.6199113498,270
9,2,17289.3449333904,270
10,2,17968.507050199,270
11,2,18447.7889986071,230
12,2,19206.8271378963,230
13,2,19985.8650591313,180
14,2,20644.37198412,180
15,2,20909.1529504391,180
16,2,20805.5542214322,180
17,2,20550.2097611125,140
18,2,19839.8221947099,180
19,2,18798.282887043,140
20,2,17882.4549838263,140
21,2,18087.5740235965,90
22,2,18696.7220430216,90
23,2,18271.5000922019,140
24,2,17650.4991311198,140
1,3,16667.2650233554,90
2,3,15706.8989559989,140
3,3,14942.8940146221,90
4,3,14400.4288520524,140
5,3,14043.5749650141,140
6,3,13733.5089749005,90
7,3,13277.7540632556,90
8,3,13728.7318654316,90
9,3,14684.1840869559,90
10,3,15491.8119741092,110
11,3,16106.2168913628,50
12,3,16678.2209518175,50
13,3,17420.4132565621,50
14,3,18165.8523532224,360
15,3,18609.2149489704,360
16,3,18823.3938498104,360
17,3,18664.8580222165,360
18,3,18226.0058770323,50
19,3,17345.2739862797,50
20,3,16697.1068452424,50
21,3,16986.0548645714,20
22,3,17600.3039507167,50
23,3,17122.5289064562,70
24,3,16410.6449259638,360
1,4,15574.4589676475,50
2,4,14742.7819735976,20
3,4,14136.6239325786,50
4,4,13720.7349759494,20
5,4,13422.6700594565,360
6,4,13149.617020919,360
7,4,12717.4880694146,70
8,4,13284.8339598922,20
9,4,14320.5819490419,360
10,4,15277.5769618875,360
11,4,16024.0429109647,340
12,4,16653.6849958224,360
13,4,17363.2419936317,340
14,4,18054.5340720337,360
15,4,18610.9888965038,320
16,4,18871.0879324058,360
17,4,18895.60485639,50
18,4,18558.2299726845,50
19,4,17782.926241444,50
20,4,16987.3750826789,50
21,4,17361.7146902471,50
22,4,18117.4598627454,50
23,4,17678.5330629079,50
24,4,17093.0567814531,50
1,5,16260.4280005479,50
2,5,15356.8640595032,50
3,5,14633.0921518467,50
4,5,14137.8541746782,50
5,5,13784.6850163871,50
6,5,13519.6259161579,50
7,5,13195.7030399661,360
8,5,13759.0759678665,320
9,5,14840.4678957199,320
10,5,15862.0889664586,360
11,5,16702.224122006,320
12,5,17478.5430477569,360
13,5,18466.6350964601,360
14,5,19369.6851362302,360
15,5,20027.6489242127,50
16,5,20268.8147888535,360
17,5,20078.228008352,50
18,5,19510.8189060106,50
19,5,18590.1837697043,90
20,5,17814.8060787516,90
21,5,18198.4368324298,50
22,5,18804.4721226404,50
23,5,18403.6302518817,110
24,5,17802.0359830642,70
1,6,17157.9309632303,70
2,6,16340.4870011965,50
3,6,15600.7089428371,20
4,6,15017.7380012078,360
5,6,14644.9258435788,360
6,6,14076.6909497855,360
7,6,13284.2689235336,340
8,6,13328.3701404459,20
9,6,14028.6910806405,340
10,6,14951.6091351172,360
11,6,15743.2281546465,360
12,6,16436.8100081773,360
13,6,17335.3829213581,340
14,6,18079.2340627366,360
15,6,18705.1749907783,360
16,6,19016.5380708647,360
17,6,18914.4809596562,50
18,6,18545.6471233042,50
19,6,17830.3667983559,50
20,6,17188.1519743367,50
21,6,17601.1458004112,90
22,6,18282.08803955,90
23,6,17872.135919896,90
24,6,17469.9798905896,50
1,7,16829.3979468225,50
2,7,16003.520972399,360
3,7,15334.224957577,360
4,7,14727.3169315411,360
5,7,14246.3400548482,360
6,7,13682.3730656384,50
7,7,12720.2789307362,20
8,7,12567.1849660182,360
9,7,13072.6418876308,360
10,7,13731.6109177363,340
11,7,14455.0241715412,290
12,7,15314.4711031248,320
13,7,16548.8931020447,20
14,7,17652.7089962331,250
15,7,18423.084826187,320
16,7,18886.9899493493,360
17,7,18936.7851268775,360
18,7,18528.0039854501,360
19,7,17781.8482536641,20
20,7,17179.1098620328,50
21,7,17773.3640069714,50
22,7,18941.4640058829,50
23,7,19231.946420311,50
24,7,18954.676848908,50
1,1,18375.6251291735,90
2,1,17515.84106855,0
3,1,16715.022829826,360
4,1,16094.554978474,360
5,1,15703.1768792355,320
6,1,15351.4010369834,320
7,1,14872.4009018634,360
8,1,15557.768858701,270
9,1,16945.7170840744,360
10,1,18381.4431020245,360
11,1,19492.6470607333,320
12,1,20846.4890508186,340
13,1,22363.4581130259,320
14,1,23712.3770916183,360
15,1,24516.9422322148,360
16,1,24631.1691446709,50
17,1,24293.7730806039,360
18,1,23634.4369981992,360
19,1,22458.6819532807,360
20,1,21293.4487960418,360
21,1,21514.2278636317,320
22,1,22579.8589094859,360
23,1,22693.027693918,50
24,1,22371.0080708386,0
1,2,21350.3941420699,50
2,2,20158.5739786727,360
3,2,19183.8699181387,360
4,2,18493.4858998014,360
5,2,17948.3969403887,320
6,2,17394.8239137521,320
7,2,16622.9309115801,270
8,2,17090.4422625676,270
9,2,18550.6111529022,270
10,2,20018.9189542942,270
11,2,21301.7479345016,320
12,2,22698.1102713919,270
13,2,24283.2382147191,320
14,2,24342.6829712363,290
15,2,24119.3968305427,270
16,2,24356.2981377072,320
17,2,24202.5381924452,250
18,2,23661.0480792145,250
19,2,22883.6051175201,320
20,2,22147.5688718162,360
21,2,22481.8521927069,360
22,2,23226.7331518745,340
23,2,22791.8542205514,90
24,2,22271.6226769974,110
1,3,21338.9201442422,110
2,3,20363.2740254262,110
3,3,19481.9338257713,90
4,3,18736.9890918555,90
5,3,18175.7862915313,90
6,3,17563.4129902897,70
7,3,16702.6642029472,90
8,3,16983.4529807456,70
9,3,18149.2219548132,50
10,3,19521.1099652946,50
11,3,20659.7831907384,50
12,3,21817.3110167459,50
13,3,23094.7440456636,50
14,3,24145.7049375474,50
15,3,24496.1233905898,360
16,3,24651.4039097852,360
17,3,24230.9091229939,50
18,3,23576.5192872393,50
19,3,22493.9549871362,50
20,3,21272.6148252483,70
21,3,21237.189023783,50
22,3,22061.5519886715,50
23,3,22182.3680800395,90
24,3,21979.6780867921,50
1,4,21285.9922235375,50
2,4,20263.4330626922,50
3,4,19377.6239656368,50
4,4,18673.6291915728,50
5,4,18026.249911719,360
6,4,17480.5990275238,360
7,4,16655.4469597545,360
8,4,17086.3390320372,360
9,4,18436.0398224643,360
10,4,19873.8888094323,320
11,4,21099.6298481859,320
12,4,22523.6150557417,360
13,4,23876.5140564162,320
14,4,24609.8971205372,360
15,4,25319.3209775556,320
16,4,25300.5998408988,360
17,4,24725.5850213128,360
18,4,24268.312697209,50
19,4,23345.3982391336,50
20,4,22065.0686295941,50
21,4,22186.9661096535,50
22,4,22949.4641474213,90
23,4,23116.3039853657,50
24,4,23081.583035673,50
1,5,22367.7771932175,360
2,5,21449.7892269483,360
3,5,20415.1219055422,360
4,5,19706.8981006444,360
5,5,19237.5169630367,360
6,5,18612.6768884193,360
7,5,17805.1458817413,360
8,5,18156.7758914512,340
9,5,19078.3897505552,320
10,5,20757.2669590227,320
11,5,22146.2529729621,340
12,5,23509.9552701544,290
13,5,24845.8348394092,320
14,5,25889.6341422573,270
15,5,25493.5216258094,290
16,5,25596.0258992349,290
17,5,25713.6738396974,290
18,5,25113.1598246596,340
19,5,23899.7789983449,360
20,5,22781.674646301,360
21,5,22896.3323071781,320
22,5,23554.0776620014,320
23,5,23577.2229679385,0
24,5,23470.3399749119,0
1,6,23116.6289449772,50
2,6,22390.8447654592,360
3,6,21568.0771715854,270
4,6,20959.8740302743,270
5,6,20410.5399610652,270
6,6,19703.5261178361,270
7,6,18559.7187730419,320
8,6,18392.6850156635,320
9,6,19111.9771006983,320
10,6,20317.5670987591,270
11,6,21358.2790495101,270
12,6,22491.4527197164,270
13,6,23631.8487478346,320
14,6,24365.355019182,360
15,6,24217.4356418243,360
16,6,23577.8133278615,360
17,6,23593.5937194487,360
18,6,22962.8141781755,320
19,6,22112.4033137462,320
20,6,21374.0651187352,320
21,6,21672.7162598944,50
22,6,22210.3181191655,50
23,6,21282.5509988507,360
24,6,20594.6779247792,230
1,7,20315.0910375165,360
2,7,19744.8348535961,90
3,7,19095.7499403721,230
4,7,18342.5869979896,230
5,7,17768.1920430334,230
6,7,17234.9519871185,360
7,7,16197.5477101253,360
8,7,15520.3679777326,320
9,7,15491.993071455,360
10,7,15718.7298998476,320
11,7,16198.0498977075,0
12,7,17126.7819233215,230
13,7,18300.6399773317,270
14,7,19382.3640208205,270
15,7,20063.009065693,320
16,7,20193.7749736025,270
17,7,20145.2141387218,230
18,7,20140.6459831554,230
19,7,19510.7678476246,230
20,7,18627.7360390788,230
21,7,19008.7961835461,230
22,7,19749.8902532859,230
23,7,19643.6640976565,50
24,7,19332.7219306182,90
1,1,18663.7009338457,90
2,1,17863.5170526532,140
3,1,17129.2261078609,140
4,1,16331.579108729,140
5,1,15803.4340701448,90
6,1,15727.3710585972,320
7,1,15360.3079091497,140
8,1,15428.7598314378,140
9,1,16250.4219517307,90
10,1,16974.3970252284,90
11,1,17631.4839434568,50
12,1,18149.786849929,50
13,1,18542.6898641093,50
14,1,19180.1148672029,360
15,1,19685.5959802195,50
16,1,19776.4020749964,50
17,1,19513.1218994092,50
18,1,18748.057185024,90
19,1,17745.61991484,140
20,1,17129.3759649675,90
21,1,17635.2009495217,90
22,1,18256.3852104992,90
23,1,17910.4298919514,90
24,1,17292.3960653665,90
1,2,16572.5559815476,90
2,2,15784.339239188,140
3,2,15210.0428980785,90
4,2,14835.459123035,140
5,2,14652.6619584849,90
6,2,14533.9288882306,90
7,2,14367.6559892278,50
8,2,14499.9399593994,50
9,2,15341.5689619482,50
10,2,16015.7099034656,50
11,2,16365.806917712,50
12,2,16647.5729688015,50
13,2,16841.7549901679,50
14,2,16910.5689281728,50
15,2,16683.7749724686,50
16,2,16532.4439611584,50
17,2,16321.1452035513,50
18,2,16039.0798934083,50
19,2,15628.8201652523,50
20,2,15626.0398012307,90
21,2,16591.8249580972,50
22,2,17079.1840744242,90
23,2,16630.3871853277,50
24,2,15930.9549033688,50
1,3,15057.0400135488,50
2,3,14243.5897706589,90
3,3,13722.928922412,90
4,3,13453.2429780969,50
5,3,13286.8701014956,90
6,3,13241.569988668,90
7,3,13132.2088461309,90
8,3,13500.6819332331,140
9,3,14518.8851090185,90
10,3,15529.4439964835,90
11,3,16158.2048925571,90
12,3,16821.1928473134,50
13,3,17427.6720410585,360
14,3,17672.105068922,50
15,3,17366.18807666,360
16,3,17620.5549395285,50
17,3,17561.2708915044,50
18,3,17283.9698734749,180
19,3,16789.2942172699,50
20,3,16562.8789242916,90
21,3,17443.4060668703,90
22,3,18224.6998982672,90
23,3,17831.0429008156,90
24,3,17165.46905246,90
1,4,16260.3438031562,90
2,4,15445.7540336009,90
3,4,14888.963097088,90
4,4,14506.5550840404,50
5,4,14302.0470886845,50
6,4,14185.8981347885,90
7,4,13968.9919001646,140
8,4,14400.6660357751,140
9,4,15561.4450488631,140
10,4,16678.3527465323,50
11,4,17592.5819100044,50
12,4,18539.1489811838,50
13,4,19541.3902106155,360
14,4,19928.6470176205,360
15,4,19729.4011899047,90
16,4,19972.7391164131,90
17,4,19942.2247973429,90
18,4,19278.4480208131,90
19,4,18697.2440024754,90
20,4,18357.5501203425,50
21,4,19085.284821244,50
22,4,19856.4930391321,50
23,4,19662.132884548,50
24,4,19225.8379592132,50
1,5,18390.8168145334,360
2,5,17467.4640899189,320
3,5,16627.7792034824,360
4,5,16037.3060535751,320
5,5,15703.9520286499,50
6,5,15515.6159822205,360
7,5,15241.009113193,50
8,5,15571.0710481796,50
9,5,16725.5261530709,140
10,5,17850.3771839347,140
11,5,18829.3290943746,50
12,5,19997.1747845989,140
13,5,21156.3048691042,110
14,5,22193.4208646752,90
15,5,22794.0788523266,50
16,5,22631.4789758977,50
17,5,22388.290062828,50
18,5,21452.0741289128,90
19,5,20134.3249202762,110
20,5,19274.3381042257,110
21,5,19520.4369901065,90
22,5,19879.0706733614,50
23,5,19591.4398774095,50
24,5,19277.824982103,50
1,6,18751.5649916343,180
2,6,18050.6018205034,360
3,6,17332.8020900888,90
4,6,16797.9688938782,50
5,6,16390.821982543,0
6,6,16061.1661281548,90
7,6,15238.2508516032,140
8,6,14879.6711055506,90
9,6,15329.6340236031,90
10,6,16186.533881693,90
11,6,16881.5220049545,50
12,6,17512.6789492574,140
13,6,18241.7090511005,230
14,6,18940.4990996402,50
15,6,18411.5281228535,180
16,6,18404.2697548567,140
17,6,17724.1759739071,140
18,6,17416.5779106021,140
19,6,16727.0840605198,230
20,6,16452.8849862157,140
21,6,16978.8329197904,90
22,6,17371.3568991544,50
23,6,17069.1168579767,50
24,6,16710.3259118227,230
1,7,16114.2050100109,230
2,7,15474.7550152917,140
3,7,14923.2199366009,180
4,7,14479.5050171083,140
5,7,14119.7340312982,140
6,7,13687.3021215303,140
7,7,12887.8989684084,140
8,7,12333.3900929983,230
9,7,12512.3560049678,110
10,7,12984.8749831298,230
11,7,13566.926994815,180
12,7,14054.2211643024,250
13,7,14610.3769447259,180
14,7,14968.7601073231,180
15,7,15065.628909959,180
16,7,15107.1340300799,180
17,7,15135.1510010145,180
18,7,15094.8399012336,180
19,7,14912.0870062378,180
20,7,14734.8449863712,180
21,7,15757.282973682,140
22,7,16837.6910770368,0
23,7,16815.8440116271,0
24,7,16434.8112201616,0
1,1,15874.420083642,0
2,1,15133.6088696364,0
3,1,14576.8771465439,0
4,1,14170.2869126871,0
5,1,13982.0628709923,0
6,1,13919.6338098496,0
7,1,13800.6761561092,140
8,1,14377.7890181802,90
9,1,15722.8798296731,140
10,1,16875.5088932291,140
11,1,17755.2142707687,90
12,1,18508.774989523,320
13,1,19348.8427738193,360
14,1,20117.438710358,340
15,1,20608.0389565285,360
16,1,20275.8520277217,320
17,1,20283.489941448,320
18,1,19979.0940946704,340
19,1,19292.0013307147,0
20,1,18858.7539692335,90
21,1,19681.5409711413,90
22,1,20600.5538749527,50
23,1,20268.0638677254,50
24,1,19755.0439822786,50
1,2,18701.9160060324,50
2,2,17629.5129290894,50
3,2,16852.7079311032,50
4,2,16338.6209728587,50
5,2,15964.6710658427,90
6,2,15767.0961850788,0
7,2,15491.5158944447,90
8,2,15936.0551710594,0
9,2,17202.2000054158,50
10,2,18393.8130252473,360
11,2,19491.1469839811,360
12,2,20634.9898306299,50
13,2,21462.5128044225,50
14,2,21736.6769591533,320
15,2,21282.1591217602,20
16,2,21410.9198113065,230
17,2,21274.0469629727,140
18,2,20755.5210078303,230
19,2,19738.2129561136,340
20,2,19174.4108689316,50
21,2,19894.5351720043,0
22,2,20734.434082415,90
23,2,20452.4149652682,360
24,2,19833.1709647607,320
1,3,18780.8428317551,320
2,3,17647.9479807969,360
3,3,16845.7791381907,320
4,3,16207.1417969149,270
5,3,15848.5160234086,320
6,3,15650.2690182254,0
7,3,15362.3658756483,180
8,3,15588.5630152151,180
9,3,16618.3651993722,140
10,3,17692.4109322578,90
11,3,18339.4802066181,90
12,3,18966.3949303534,140
13,3,19623.1659786608,140
14,3,19971.4231046289,140
15,3,19812.3870210294,140
16,3,19370.9260636941,140
17,3,18777.0980598796,140
18,3,17842.3540022238,90
19,3,16934.677915033,90
20,3,16393.0620261095,90
21,3,16976.5359865334,140
22,3,17386.2181311194,140
23,3,16768.1110851709,140
24,3,16088.1450215597,140
1,4,15160.3820361514,140
2,4,14294.7641075291,140
3,4,13694.7930201404,140
4,4,13275.581102429,140
5,4,13088.228102278,180
6,4,13008.6549765803,140
7,4,12780.5049289577,140
8,4,13078.7010794841,140
9,4,13783.3240435459,90
10,4,14349.7100735958,140
11,4,14711.5861385707,140
12,4,14971.5371752121,90
13,4,15176.0750152431,140
14,4,15333.1580626433,140
15,4,15327.188011406,140
16,4,15344.4131080285,90
17,4,15304.7292150725,140
18,4,15230.3419886022,110
19,4,14927.1199250217,50
20,4,14860.0948866862,50
21,4,15841.1681138515,50
22,4,16286.3329705037,50
23,4,15595.4050114937,50
24,4,14800.6899561211,50
1,5,13979.6559934691,90
2,5,13184.3469390683,90
3,5,12586.5031577274,90
4,5,12266.296054218,90
5,5,12131.1910530627,140
6,5,12128.6511228307,90
7,5,12010.9819747005,90
8,5,12398.209997043,0
9,5,13398.8538777679,140
10,5,14219.4880959429,320
11,5,14816.3638900016,270
12,5,15319.3330199439,320
13,5,15770.7190242494,50
14,5,16113.3299191799,320
15,5,16247.4958841652,360
16,5,16420.1198871862,360
17,5,16455.7449474558,50
18,5,16316.8767948095,50
19,5,15913.7539114766,50
20,5,15630.0100451205,360
21,5,16372.2390083242,50
22,5,16784.3008707184,0
23,5,16149.6849952359,50
24,5,15385.6879773662,50
1,6,14687.4949991703,50
2,6,13854.1469185222,360
3,6,13257.6238598023,360
4,6,12833.7339769022,50
5,6,12558.4649828393,50
6,6,12392.0440549846,360
7,6,11778.426018591,360
8,6,11896.5809566099,320
9,6,12612.6659890939,320
10,6,13539.3078671927,320
11,6,14197.1150033991,360
12,6,14801.7690728772,320
13,6,15276.9439885709,360
14,6,15687.9240308683,360
15,6,16160.9458996579,320
16,6,16413.1819705078,320
17,6,16500.0879955692,360
18,6,16466.3759115813,320
19,6,16129.429000129,360
20,6,15784.3259701105,50
21,6,16572.236100913,360
22,6,17026.8220475884,50
23,6,16453.9530668482,360
24,6,15842.224905692,360
1,7,15115.2259771093,320
2,7,14380.7790197562,360
3,7,13685.3240866633,320
4,7,13179.4210001789,320
5,7,12771.2859548386,320
6,7,12430.4819977246,320
7,7,11641.3739283243,360
8,7,11281.011004108,360
9,7,11730.1379829133,320
10,7,12430.9070328707,360
11,7,13188.3261176245,360
12,7,13892.9540776266,360
13,7,14733.4829369811,360
14,7,15396.2391490648,360
15,7,16012.7870047232,320
16,7,16401.4898453401,360
17,7,16589.0730205206,340
18,7,16473.2288839901,320
19,7,16069.547221656,360
20,7,15614.0510741239,320
21,7,16422.2140155816,320
22,7,17470.5498780087,360
23,7,17473.6109958866,320
24,7,17239.3768704254,320
1,1,16591.9577683881,320
2,1,15743.6948958002,320
3,1,14942.4079267625,320
4,1,14329.3321077358,140
5,1,13935.2009494752,140
6,1,13715.1081984378,140
7,1,13495.9160040058,140
8,1,13748.6070378348,140
9,1,14690.0119417561,140
10,1,15594.2149583092,90
11,1,16202.1311296392,140
12,1,16729.4231815133,140
13,1,17337.9882114884,140
14,1,17931.0739156781,90
15,1,18429.297177121,90
16,1,18557.5629366077,90
17,1,18484.8110140152,140
18,1,18095.1689575557,90
19,1,17284.2849762905,140
20,1,16647.41309141,90
21,1,17344.0869199894,50
22,1,18037.7489575725,140
23,1,17595.0821316838,90
24,1,16953.4538751878,90
1,2,16012.2080126163,50
2,2,15146.9778757915,360
3,2,14462.4181597754,360
4,2,14051.1270603556,360
5,2,13770.7570631839,360
6,2,13665.4279515203,360
7,2,13431.4040328413,360
8,2,13778.9121142989,320
9,2,14761.8849866726,320
10,2,15757.011816049,320
11,2,16525.130010996,360
12,2,17345.3348162789,320
13,2,18308.6932417499,340
14,2,19269.4507858455,360
15,2,19782.3741199113,340
16,2,20348.1189878546,360
17,2,20338.0709318742,360
18,2,19965.2301896773,360
19,2,19131.4738394022,320
20,2,18444.1241087113,360
21,2,19282.3639652282,320
22,2,19949.4692684244,360
23,2,19360.9259662703,50
24,2,18841.7938410025,360
1,3,17989.8778796066,320
2,3,16923.8990529049,360
3,3,16090.0631209668,360
4,3,15575.0678212103,360
5,3,15243.1710403934,360
6,3,15014.7419917975,360
7,3,14699.6470869435,360
8,3,15020.829989817,360
9,3,16199.6261138301,320
10,3,17422.6861818712,320
11,3,18459.4939874746,320
12,3,19515.2558185533,360
13,3,20683.3379102387,360
14,3,21722.6649514064,320
15,3,22391.7390041854,320
16,3,22598.866871791,360
17,3,22369.755170336,360
18,3,21523.3728654254,320
19,3,20301.6350936741,360
20,3,19579.5840394329,50
21,3,20372.8640669845,50
22,3,20981.717936866,320
23,3,20567.9309901521,360
24,3,19996.8060300499,360
1,4,18960.6420944408,320
2,4,17663.564889278,180
3,4,16818.2129357616,90
4,4,16292.5121070873,90
5,4,15914.4109459035,140
6,4,15487.663137096,270
7,4,15357.8210651148,230
8,4,15254.3039252125,50
9,4,16001.0040785186,0
10,4,16766.7860260679,0
11,4,17272.2171041188,20
12,4,17868.4618408848,90
13,4,18434.7860452738,90
14,4,18996.4538666289,90
15,4,19374.4168169107,90
16,4,19488.2099080943,140
17,4,19349.8221021723,360
18,4,18847.2448114846,50
19,4,18108.2849655915,360
20,4,17551.8541887682,360
21,4,18416.9031120073,50
22,4,18871.6418591719,50
23,4,18238.9949123394,50
24,4,17573.272921484,90
1,5,16641.7400504472,90
2,5,15758.914999635,90
3,5,15005.5800093114,0
4,5,14578.0990952142,0
5,5,14323.0261429586,90
6,5,14178.5900071021,90
7,5,14143.1049478948,90
8,5,14350.6671168357,90
9,5,15311.0069628451,90
10,5,16317.7999457661,140
11,5,16946.6771570817,140
12,5,17481.3591137473,140
13,5,18036.7269937242,140
14,5,18570.4820544906,90
15,5,18826.5609746184,90
16,5,18872.6601578165,270
17,5,18598.0201347098,320
18,5,18023.8190849479,320
19,5,17283.4960115887,50
20,5,17032.6319160033,50
21,5,17958.0570406429,340
22,5,18082.2607766595,360
23,5,17421.0479915906,0
24,5,16614.1000089082,230
1,6,15720.50707357,0
2,6,14955.5869826376,180
3,6,14264.7548625832,0
4,6,13790.4709020499,230
5,6,13336.4969934355,230
6,6,13098.7799098231,180
7,6,12595.7928992584,180
8,6,12326.3881134009,180
9,6,12834.1431032792,230
10,6,13462.3441015081,230
11,6,13827.0769119579,230
12,6,13931.2838786654,180
13,6,14079.0620292113,180
14,6,14109.7149817841,140
15,6,14086.8699592175,180
16,6,14009.0459872512,230
17,6,13884.144013091,230
18,6,13841.8880289849,230
19,6,13685.3560440368,140
20,6,13746.5539394961,230
21,6,14865.2060243683,180
22,6,15031.6910318164,140
23,6,14431.5769893145,140
24,6,13706.3369612852,140
1,7,13023.009000157,140
2,7,12318.3329806542,180
3,7,11713.1960110189,140
4,7,11313.2569277892,180
5,7,11060.3761333516,140
6,7,10856.0029402003,180
7,7,10249.6879117079,230
8,7,9824.06296707224,140
9,7,10135.2470683802,180
10,7,10762.745891789,230
11,7,11299.9509849334,180
12,7,11713.2539116344,180
13,7,12071.3180442355,230
14,7,12236.5830656309,230
15,7,12189.6289245822,230
16,7,12228.4170259233,230
17,7,12302.5650193072,230
18,7,12353.8459963845,180
19,7,12363.4190258957,180
20,7,12547.0759138847,230
21,7,13844.2540973676,230
22,7,14405.4430008456,180
23,7,14096.5689963549,140
24,7,13438.0139681734,180
1,1,12731.5620860476,180
2,1,12013.5080885887,140
3,1,11488.3120880742,140
4,1,11226.3730028206,140
5,1,11153.4140275512,140
6,1,11378.6010247208,140
7,1,11602.6190702152,180
8,1,12040.8060139129,90
9,1,13136.1220279438,140
10,1,14027.9570276923,140
11,1,14595.1109422538,180
12,1,15010.6340063028,140
13,1,15386.6181411557,140
14,1,15670.9668462817,140
15,1,15860.9910494853,180
16,1,15949.660969086,180
17,1,16004.0649633426,140
18,1,15906.4998756554,180
19,1,15461.0348795839,110
20,1,15336.8629021319,140
21,1,16461.1731471047,180
22,1,16829.096013844,90
23,1,16045.8979907483,90
24,1,15183.2698718943,90
1,2,14268.7330104336,90
2,2,13388.9970045295,90
3,2,12797.3190727066,90
4,2,12441.964018086,90
5,2,12301.7029947378,90
6,2,12367.1838591248,90
7,2,12470.7239815015,90
8,2,12892.2030788176,140
9,2,13835.7520622052,90
10,2,14765.5190168004,140
11,2,15332.5877732392,140
12,2,15840.2230818812,90
13,2,16394.1240196209,320
14,2,16906.2069299445,340
15,2,17238.5580618232,320
16,2,17362.6868887879,50
17,2,17414.8672618624,50
18,2,17149.1019781195,50
19,2,16584.1068257801,50
20,2,16277.9188914187,20
21,2,17283.8040283974,20
22,2,17526.8418360632,50
23,2,16819.6639166977,50
24,2,15998.339927163,50
1,3,15174.5229479652,50
2,3,14298.671031585,360
3,3,13647.0009618942,340
4,3,13246.2539512534,360
5,3,13052.6120084412,340
6,3,13072.1510067824,50
7,3,13040.9590557273,360
8,3,13394.3018125203,20
9,3,14478.5911859982,360
10,3,15419.0150129553,360
11,3,16142.6098521408,90
12,3,16748.2400970988,320
13,3,17432.5069223791,360
14,3,18097.6809505019,320
15,3,18646.8328232095,320
16,3,18897.8730596154,320
17,3,18945.9932801891,320
18,3,18653.1360563338,320
19,3,17956.2739849091,360
20,3,17441.7171121631,50
21,3,18321.0300421957,360
22,3,18621.1750341151,50
23,3,17846.3777809348,50
24,3,17240.4853048343,50
1,4,16267.6159601584,50
2,4,15340.1719785333,50
3,4,14627.3678991105,50
4,4,14168.7759712692,360
5,4,13884.4851202592,360
6,4,13851.2509045489,360
7,4,13787.7292004954,360
8,4,13990.0030955561,320
9,4,15060.8520055525,360
10,4,16142.5319605954,360
11,4,16848.5440705959,340
12,4,17597.0520647168,320
13,4,18523.3120368738,360
14,4,19467.474745892,360
15,4,20169.633960139,340
16,4,20429.0780055039,320
17,4,20378.2280062959,320
18,4,19855.5220597424,50
19,4,18921.5591338817,20
20,4,18188.2831761949,90
21,4,19090.9950412884,20
22,4,19429.8361540306,20
23,4,18927.9149806779,70
24,4,18248.2300677095,90
1,5,17347.7959421556,90
2,5,16390.4469947517,50
3,5,15623.628017962,20
4,5,14994.3200430609,20
5,5,14664.9020811636,340
6,5,14525.1518953368,340
7,5,14412.4539061859,340
8,5,14745.8598368987,70
9,5,15633.6160607524,50
10,5,16561.2040434889,320
11,5,17387.7798866816,140
12,5,17928.8699976988,180
13,5,18459.7318883743,140
14,5,18734.6920229588,90
15,5,18422.2250538766,50
16,5,17533.449099334,140
17,5,16850.9297676962,140
18,5,16151.8201010898,140
19,5,15545.1208913326,140
20,5,15484.002074698,140
21,5,16292.9819946643,140
22,5,16263.2590369973,140
23,5,15524.4360539336,140
24,5,14806.0939315148,140
1,6,14035.1561080944,140
2,6,13362.1519723833,140
3,6,12809.1189859137,140
4,6,12397.2780456003,140
5,6,12155.9730144627,160
6,6,12017.5349611081,140
7,6,11790.9480638895,140
8,6,11550.2250034958,140
9,6,12035.8581005819,140
10,6,12722.9360597637,90
11,6,13059.0219371244,140
12,6,13314.7831221297,110
13,6,13408.6530190073,140
14,6,13344.6708600912,110
15,6,13146.1289668549,110
16,6,13010.9880548613,140
17,6,13006.6540695643,140
18,6,13143.0859468514,110
19,6,13141.1739009516,160
20,6,13392.5198985292,140
21,6,14533.6238961341,140
22,6,14702.69394409,140
23,6,14063.0588931087,90
24,6,13336.7690281714,90
1,7,12601.1859873757,140
2,7,11911.1020857412,140
3,7,11349.4559786953,0
4,7,10959.489966426,0
5,7,10748.1050732471,0
6,7,10587.5399443433,0
7,7,10097.1340800161,0
8,7,9663.37510592956,0
9,7,10076.8289348269,180
10,7,10733.7299613459,180
11,7,11395.5871670125,180
12,7,11896.6450036699,140
13,7,12297.1970358556,180
14,7,12475.3731089188,180
15,7,12436.9760476565,230
16,7,12537.6969766831,180
17,7,12701.7119881157,180
18,7,12808.1221252969,230
19,7,12863.5410600379,230
20,7,12951.9360896898,230
21,7,14379.9809748726,230
22,7,14875.9310161602,230
23,7,14513.2921851669,230
24,7,14013.833975127,230
1,1,13213.5449924665,230
2,1,12387.252993986,230
3,1,11852.3169446327,230
4,1,11557.4130885024,180
5,1,11513.8110061884,230
6,1,11704.0059085672,230
7,1,12055.7909566863,230
8,1,12482.0320318919,230
9,1,13598.3187597003,0
10,1,14582.3669682546,0
11,1,15261.2588162421,270
12,1,15896.590052993,230
13,1,16554.936898591,270
14,1,17159.6130444668,270
15,1,17653.7039626651,270
16,1,18040.6209204439,270
17,1,18214.9659013338,270
18,1,18013.4229832068,360
19,1,17458.7250279561,320
20,1,17095.8720415887,320
21,1,18153.3740864154,270
22,1,18390.6998705957,270
23,1,17587.1298594549,320
24,1,16716.9159220792,270
1,2,15791.9607595671,270
2,2,14858.3970721327,270
3,2,14143.8740989603,320
4,2,13727.3590096124,360
5,2,13538.9651166983,320
6,2,13539.9600765631,270
7,2,13605.2349745892,270
8,2,13856.2100026011,320
9,2,14972.2879823297,320
10,2,15986.3630874828,320
11,2,16971.015001867,290
12,2,17919.7590577453,320
13,2,18966.4579559956,320
14,2,20045.9089384042,320
15,2,20841.6188928988,360
16,2,21208.1571571021,360
17,2,21252.6347340625,360
18,2,20879.0289424043,360
19,2,20030.041934168,320
20,2,19354.803983435,360
21,2,20277.204010522,320
22,2,20580.3909905981,360
23,2,20032.4830522109,50
24,2,19280.4212134201,50
1,3,18148.9649619386,360
2,3,17029.3302238341,320
3,3,16243.9831319898,360
4,3,15713.8899097973,320
5,3,15356.799100453,320
6,3,15120.5740872081,320
7,3,15113.5029434243,320
8,3,15172.2301397305,360
9,3,16298.3398971111,320
10,3,17403.7919124849,320
11,3,18410.6919434536,230
12,3,19610.6751393154,320
13,3,21060.2009117044,320
14,3,22312.2202364504,320
15,3,23042.9207711853,320
16,3,23222.3609474576,320
17,3,23145.1899731196,320
18,3,22479.9022208303,320
19,3,21415.5907121561,360
20,3,20742.0680873469,360
21,3,21533.0397775322,50
22,3,21752.4048844534,0
23,3,21016.7352805743,180
24,3,19954.701224355,140
1,4,18537.8588532796,140
2,4,17194.1739635314,90
3,4,16354.0380105991,140
4,4,15731.291003231,140
5,4,15273.367059147,140
6,4,14932.2151237619,140
7,4,14866.0291161314,140
8,4,14749.4110954888,140
9,4,15446.9831853788,90
10,4,16057.1739165941,90
11,4,16472.3471515588,140
12,4,17045.0969982463,90
13,4,17609.2867701892,50
14,4,18277.8350993078,50
15,4,18752.2360176425,50
16,4,18913.0728419507,50
17,4,18872.0931546167,50
18,4,18428.1289277114,50
19,4,17650.0388846025,50
20,4,17230.3769166023,90
21,4,18226.647987606,90
22,4,18147.8920753989,50
23,4,17446.6119651161,90
24,4,16803.5079059564,50
1,5,15917.3241834138,90
2,5,14987.1412718166,90
3,5,14393.9239794649,50
4,5,13977.9200550746,90
5,5,13728.5099541191,90
6,5,13670.2858976945,90
7,5,13779.4950074404,90
8,5,13927.6820958145,90
9,5,14862.3219928965,90
10,5,15709.3401591405,90
11,5,16431.7970397845,20
12,5,17105.5390938902,20
13,5,17785.7629725523,20
14,5,18582.8599755578,50
15,5,19187.5311503988,50
16,5,19295.7208165266,50
17,5,19388.7292008167,50
18,5,19063.9650733788,50
19,5,18317.5739361532,70
20,5,17794.9089942873,50
21,5,18613.628940139,90
22,5,18574.4630711786,90
23,5,17918.9978339709,50
24,5,17251.337916173,90
1,6,16489.4358888427,50
2,6,15745.4651664104,50
3,6,15037.8659596173,360
4,6,14543.7137259562,50
5,6,14198.9430626202,50
6,6,13936.3659825204,50
7,6,13558.774035329,360
8,6,13210.4790190905,320
9,6,13937.6242047846,50
10,6,14860.8641198631,360
11,6,15591.7061040849,360
12,6,16175.9180211164,360
13,6,16793.7019530246,320
14,6,17090.7449638527,20
15,6,17703.8880496137,340
16,6,17875.6280007428,50
17,6,17793.1092352415,360
18,6,17448.7349597616,50
19,6,16913.7251963103,90
20,6,16678.6290087216,360
21,6,17530.5637930939,50
22,6,17413.5679124193,50
23,6,16658.043030913,50
24,6,16127.4060193254,50
1,7,15445.8500947212,50
2,7,14786.170154077,90
3,7,14196.9949043402,70
4,7,13737.0759240249,90
5,7,13329.5368307596,90
6,7,13049.7759769773,20
7,7,12616.4199382802,90
8,7,11813.0640072096,140
9,7,11877.4810162808,50
10,7,12322.7339875856,140
11,7,12786.3821056071,140
12,7,13241.6910404535,140
13,7,13696.5039941417,140
14,7,13985.3170918836,140
15,7,14070.6830015229,140
16,7,14231.065872177,140
17,7,14165.0239635678,140
18,7,14110.1259650746,140
19,7,13884.1858897675,140
20,7,14054.4670652272,140
21,7,15281.9370040605,140
22,7,15650.121082399,180
23,7,15352.9438692722,180
24,7,14807.213913111,180
1,1,14138.0261170622,180
2,1,13406.2680290267,180
3,1,12931.0009467634,140
4,1,12526.8629539181,140
5,1,12444.2219837466,140
6,1,12593.6180477254,140
7,1,12987.8100187499,140
8,1,13446.9860134907,140
9,1,14383.8730306942,140
10,1,15197.3011200801,110
11,1,15709.2048433495,140
12,1,16080.6317595392,140
13,1,16439.8457780089,160
14,1,16687.4238015803,140
15,1,16785.7749168146,160
16,1,16635.7158884834,140
17,1,16560.3989802375,140
18,1,16209.7870767266,140
19,1,15718.8681639638,140
20,1,15901.8102721609,140
21,1,17215.9379062094,180
22,1,17408.4340541009,140
23,1,16731.7262445986,180
24,1,15867.5950939339,140
1,2,14949.4079584293,50
2,2,13953.143125236,90
3,2,13395.9759437488,90
4,2,13094.7340866681,90
5,2,12929.6839368008,90
6,2,13002.0658590645,140
7,2,13234.3148907274,90
8,2,13470.7500334615,140
9,2,14254.9600821212,90
10,2,15064.7179375859,140
11,2,15639.3700561775,140
12,2,16164.5742331622,230
13,2,16616.6889078636,180
14,2,16998.5028920192,110
15,2,17225.4938905127,180
16,2,17328.9760268237,360
17,2,17220.3049727283,50
18,2,16963.8098851331,360
19,2,16443.804737933,360
20,2,16386.3959669285,360
21,2,17816.3287921026,0
22,2,17914.3361336701,0
23,2,17198.4040977769,0
24,2,16394.235018149,0
1,3,15384.4809227437,0
2,3,14542.2409589216,0
3,3,13802.0270958338,140
4,3,13379.9670258891,50
5,3,13247.1109295356,50
6,3,13272.9639926162,140
7,3,13569.8948805761,90
8,3,13872.4598716386,0
9,3,14720.265045747,50
10,3,15520.8309551338,360
11,3,16204.8710134602,90
12,3,16887.8298779782,50
13,3,17543.7228788771,50
14,3,18081.2091563046,360
15,3,18354.5339251384,50
16,3,18387.9598187058,360
17,3,18301.522162292,50
18,3,17877.128999142,50
19,3,17267.028040124,50
20,3,17133.592010267,50
21,3,18338.057147773,90
22,3,18329.4519658834,90
23,3,17696.5010657562,90
24,3,17047.1530588325,90
1,4,16107.5729553625,50
2,4,15222.6699193884,50
3,4,14576.2740708031,50
4,4,14135.3081157301,50
5,4,13895.2579395436,360
6,4,13847.7030224632,360
7,4,14116.9770031436,360
8,4,14258.134129283,360
9,4,14818.5989791891,270
10,4,15492.2830611058,0
11,4,15970.7241768623,20
12,4,16484.9010653552,20
13,4,16845.395841131,360
14,4,16918.9348604195,340
15,4,16776.1461217999,340
16,4,16841.3429640606,320
17,4,16760.9758935682,320
18,4,16635.607862928,250
19,4,16238.8339507226,230
20,4,16252.9539830256,230
21,4,17418.9639577996,230
22,4,17460.8237800542,270
23,4,16848.2587911133,0
24,4,16064.3629414719,0
1,5,15089.61685545,270
2,5,14190.3199084643,320
3,5,13573.1418932267,270
4,5,13271.0130079165,230
5,5,13076.6529990188,230
6,5,13171.564043561,230
7,5,13422.7418887988,270
8,5,13640.5441307379,0
9,5,14593.3719937,0
10,5,15473.4820738407,0
11,5,16028.3549460527,140
12,5,16558.1729224818,90
13,5,17140.4939942434,140
14,5,17681.3899676129,360
15,5,17878.704982575,360
16,5,17918.8132161833,320
17,5,17940.24397365,320
18,5,17667.6487548631,360
19,5,17134.6018768363,360
20,5,17129.4060590919,360
21,5,18202.6480593253,0
22,5,18131.5150453374,360
23,5,17518.2380085588,0
24,5,16846.7831589095,360
1,6,16101.0910860039,360
2,6,15271.3838113062,360
3,6,14568.3740253374,50
4,6,14161.878083244,360
5,6,13796.5219099373,360
6,6,13580.194097029,360
7,6,13513.5960298833,360
8,6,13137.9480016585,360
9,6,13792.2889870815,340
10,6,14671.6027980102,340
11,6,15328.7190232184,320
12,6,16076.1481029764,320
13,6,16865.9929705635,320
14,6,17271.8339270474,320
15,6,17581.7901080493,320
16,6,17424.7549851899,290
17,6,17574.1139366999,320
18,6,17622.6229913179,270
19,6,17319.7841801206,320
20,6,16901.8690170823,320
21,6,18180.8208773062,320
22,6,18288.1072441395,360
23,6,17893.9632637668,320
24,6,17010.4348539161,320
1,7,16309.4548170827,90
2,7,15703.6650432142,50
3,7,15069.0380670112,320
4,7,14549.4299336243,320
5,7,14129.6731008978,20
6,7,13927.8630242301,20
7,7,13576.4899760825,20
8,7,12847.7159547722,360
9,7,12882.1339614927,270
10,7,13453.6940983827,320
11,7,14011.7989014625,360
12,7,14626.0709667285,180
13,7,15454.5281099505,320
14,7,15958.1210196255,320
15,7,16262.0821370869,320
16,7,16234.5529122548,270
17,7,16218.5640315725,320
18,7,15941.4938478055,270
19,7,15495.5368216862,270
20,7,15376.026035232,230
21,7,16597.0430705752,270
22,7,16891.3349852962,0
23,7,16564.2141445922,270
24,7,16130.2099639094,230
1,1,15517.3800846961,0
2,1,14873.5539275529,230
3,1,14291.7539956747,230
4,1,13740.348053976,0
5,1,13454.3810708886,0
6,1,13199.9700101716,0
7,1,12946.6221094867,0
8,1,12409.0869913735,0
9,1,12559.6930003003,230
10,1,13049.1221710048,230
11,1,13651.1818568143,200
12,1,14143.919049622,180
13,1,14549.5360967801,230
14,1,14830.9120183694,180
15,1,14572.5997912786,180
16,1,14232.738011233,200
17,1,14112.3689725599,270
18,1,13900.1318718431,180
19,1,13636.711922762,180
20,1,13872.5941184307,180
21,1,14924.3640127851,140
22,1,15111.2948235096,180
23,1,14639.0461280532,140
24,1,14001.1319464827,140
1,2,13340.7270316565,90
2,2,12629.0828956133,140
3,2,12117.6851236774,140
4,2,11782.8078145394,90
5,2,11511.1009662608,140
6,2,11444.081958564,50
7,2,11288.8039907143,360
8,2,10913.6890206435,360
9,2,11408.7900342545,320
10,2,12082.1600562339,360
11,2,12607.892980292,320
12,2,13053.3380381688,320
13,2,13473.157858341,320
14,2,13778.2698569084,320
15,2,13888.8859041473,320
16,2,13935.5100262919,320
17,2,14105.7099624551,320
18,2,14201.7568644001,320
19,2,14156.2930580955,320
20,2,14495.4882031172,320
21,2,15836.7799312277,320
22,2,15996.9571383605,320
23,2,15434.129008904,320
24,2,14726.1129595712,270
1,3,13847.0020100065,320
2,3,13107.7749660779,320
3,3,12541.2050067149,320
4,3,12270.859957682,270
5,3,12183.8239657935,270
6,3,12411.4020196646,320
7,3,12997.2400352303,320
8,3,13281.3771187766,320
9,3,14078.9369259803,270
10,3,15035.2419576701,230
11,3,15813.6161377635,230
12,3,16520.3599331621,230
13,3,17201.8101697906,320
14,3,17859.6041090339,270
15,3,18335.9789802711,320
16,3,18625.0379363559,320
17,3,18605.1100999471,320
18,3,18341.5270292908,320
19,3,17729.2371050864,320
20,3,17624.4629531931,180
21,3,18740.9610410631,140
22,3,18751.9129119646,140
23,3,18066.7900451664,140
24,3,17175.5231343303,90
1,4,16089.3389019668,140
2,4,14997.5037444439,90
3,4,14317.0650438778,90
4,4,13917.4169178195,50
5,4,13748.3841034472,50
6,4,13736.9490208402,50
7,4,14150.4091684707,90
8,4,14312.1909275251,90
9,4,15113.6270543914,50
10,4,15986.1380528146,360
11,4,16677.9089357182,360
12,4,17441.6091244668,20
13,4,18172.3208689541,20
14,4,18962.9801690877,50
15,4,19670.4872019961,360
16,4,19922.7700592559,20
17,4,19891.4311700035,50
18,4,19431.8780392334,50
19,4,18744.8830884155,50
20,4,18583.3580312319,50
21,4,19609.0399396103,50
22,4,19697.5328788981,50
23,4,19256.9710337669,50
24,4,18301.3998964652,50
1,5,17330.5220889803,50
2,5,16358.9640680887,50
3,5,15607.6241090426,50
4,5,15166.4828683939,360
5,5,14913.9381796867,360
6,5,14746.0559319202,360
7,5,15133.8769641723,0
8,5,15267.2959720045,320
9,5,15884.0751291169,320
10,5,16778.0149704237,270
11,5,17329.869188413,0
12,5,18019.940995194,270
13,5,18527.3390102927,290
14,5,19179.9978001993,0
15,5,19497.8401003815,320
16,5,19660.4949719887,320
17,5,19640.5149984478,50
18,5,19317.1568678112,360
19,5,18645.0761700068,50
20,5,18654.7658035234,50
21,5,19538.4389623478,50
22,5,19443.5630488265,90
23,5,18734.7898740452,50
24,5,18102.1960653942,50
1,6,17314.2418160494,320
2,6,16419.3687578849,320
3,6,15717.5499372166,320
4,6,15254.3499062955,320
5,6,14929.3219938967,0
6,6,14623.5590839647,230
7,6,14508.5619609524,0
8,6,14069.4069880936,230
9,6,14495.5570728444,140
10,6,15328.1309044248,50
11,6,15776.7498806126,50
12,6,16087.878105795,50
13,6,16523.8437465616,50
14,6,16906.6820349153,50
15,6,16836.090980175,50
16,6,16753.8689696128,50
17,6,16654.9720162395,50
18,6,16490.6251263085,50
19,6,16055.6920869718,360
20,6,16429.6977747352,50
21,6,17470.4211641056,0
22,6,17254.7220729413,90
23,6,16464.5980863338,90
24,6,15652.0960845284,90
1,7,14942.661990148,90
2,7,14210.5220112512,90
3,7,13661.7940318016,50
4,7,13181.9660314349,50
5,7,12896.9790085806,90
6,7,12613.8730123462,90
7,7,12350.4950240077,90
8,7,11667.0380812221,140
9,7,11737.312934137,90
10,7,12330.1799649233,90
11,7,12990.5870281877,90
12,7,13604.2519378634,90
13,7,14261.0600307309,50
14,7,14631.0659453142,360
15,7,14779.921038324,50
16,7,14796.9028705228,50
17,7,14889.8739899569,360
18,7,14828.9421053035,50
19,7,14683.0600279997,50
20,7,15322.9260127572,70
21,7,16657.5860387413,50
22,7,17002.4431856293,50
23,7,16734.8010089509,50
24,7,16079.2128704712,20
1,1,15306.0869035665,90
2,1,14412.1999247279,20
3,1,13751.7530413959,360
4,1,13336.1961572673,320
5,1,12744.8180204788,320
6,1,12674.4870033953,180
7,1,13328.7338774409,200
8,1,13510.3678556178,180
9,1,14234.271017733,140
10,1,15143.4310874874,180
11,1,15742.8929498736,270
12,1,16316.9199553365,180
13,1,16775.5741617298,180
14,1,17116.1329797963,230
15,1,17147.0680479854,360
16,1,17154.5548641998,180
17,1,16952.5058574341,230
18,1,16494.8138873819,230
19,1,15891.6739748232,230
20,1,16064.3521106672,230
21,1,17217.2909837198,270
22,1,17074.1099497564,230
23,1,16296.5269392859,230
24,1,15359.2450227514,270
1,2,14353.4920990542,230
2,2,13463.3540521711,230
3,2,12928.7930385806,230
4,2,12690.3331030272,230
5,2,12521.486951042,0
6,2,12692.5689988863,0
7,2,13236.0990435574,180
8,2,13459.8299812544,180
9,2,14199.6390548181,180
10,2,14952.8280586265,230
11,2,15580.3938379474,230
12,2,16111.5739159118,200
13,2,16352.3448512126,50
14,2,16599.1290275324,360
15,2,16653.8058374636,320
16,2,16629.2500056354,320
17,2,16634.26392054,360
18,2,16473.7199800294,320
19,2,16111.5158331767,360
20,2,16527.3619779926,50
21,2,17668.9060025737,360
22,2,17377.5959108528,50
23,2,16561.9191423338,50
24,2,15739.8661267827,360
1,3,14661.6828142144,360
2,3,13832.8879565503,360
3,3,13263.09691702,360
4,3,12957.7209851518,360
5,3,12824.4099084307,270
6,3,12940.0060754516,270
7,3,13639.8320422857,90
8,3,13907.004917413,180
9,3,14502.5428398233,320
10,3,15131.959089485,270
11,3,15611.7739781709,270
12,3,16010.7939895306,270
13,3,16230.1851244485,320
14,3,16376.8251065277,320
15,3,16297.3719114028,320
16,3,16243.7340472154,270
17,3,16055.6719104927,180
18,3,15831.4042954016,180
19,3,15626.9850231484,90
20,3,16219.5649871174,90
21,3,17219.7860369459,0
22,3,17072.102854196,0
23,3,16270.1791379154,90
24,3,15438.3970453516,140
1,4,14272.3909896509,50
2,4,13497.124915475,180
3,4,12919.2720059268,140
4,4,12684.6840136293,90
5,4,12537.857996216,140
6,4,12662.7169839349,140
7,4,13429.5208309796,140
8,4,13730.9219379294,140
9,4,14284.444806492,140
10,4,14916.4639511686,110
11,4,15270.1959672421,90
12,4,15576.9480120502,90
13,4,15705.4119669311,90
14,4,15641.3802643549,110
15,4,15576.3009054083,110
16,4,15484.9379512145,90
17,4,15378.1171539612,50
18,4,15271.7191509567,90
19,4,15037.7060225867,70
20,4,15543.2521604523,50
21,4,16705.3828668632,50
22,4,16457.3309834413,50
23,4,15574.9489308167,50
24,4,14717.8680351637,110
1,5,13751.6880921461,90
2,5,12911.5569887571,90
3,5,12308.3759629428,0
4,5,12122.5109882969,0
5,5,12022.7679740209,0
6,5,12261.4069352541,320
7,5,13062.0040382091,270
8,5,13402.7110602912,270
9,5,14040.527043411,270
10,5,14378.6000468023,230
11,5,15008.1399857942,230
12,5,15367.4732756298,230
13,5,15464.1008622795,230
14,5,15425.2170088533,230
15,5,15357.6389063578,230
16,5,15231.9740518052,180
17,5,15151.8579452001,180
18,5,15087.8889899943,180
19,5,14794.4060752708,230
20,5,15400.3150984403,180
21,5,16415.2540913238,140
22,5,16038.1652280893,140
23,5,15178.3800124954,140
24,5,14310.3558722045,180
1,6,13456.7268473934,140
2,6,12644.7620405573,0
3,6,12073.3410045728,0
4,6,11662.3930508513,140
5,6,11547.3640583623,140
6,6,11522.7819844028,140
7,6,11602.2709332537,90
8,6,11363.6519129667,0
9,6,12028.4039343242,0
10,6,12799.3930690675,180
11,6,13296.915924605,270
12,6,13575.2709401548,50
13,6,13741.8190388773,320
14,6,13675.2579246964,50
15,6,13555.0719646569,360
16,6,13514.6499245695,360
17,6,13528.8149204357,50
18,6,13538.7420361161,360
19,6,13536.6131032603,360
20,6,14227.5330438158,360
21,6,15220.7588323541,320
22,6,14875.4091148106,50
23,6,14096.0150601007,50
24,6,13325.7220986802,20
1,7,12649.0540828491,0
2,7,11887.9929884672,360
3,7,11374.4690821804,320
4,7,11023.9708995502,50
5,7,10803.593980832,50
6,7,10580.1000861563,50
7,7,10482.3600594364,50
8,7,9891.53694057558,0
9,7,10214.9719150857,0
10,7,10995.2220069254,320
11,7,11646.1449856488,90
12,7,12161.2389443396,320
13,7,12499.945090937,50
14,7,12600.0091191055,360
15,7,12565.5749803595,0
16,7,12563.4689127058,360
17,7,12639.9819146711,360
18,7,12708.6369124856,360
19,7,12702.3700691201,360
20,7,13636.9719707118,360
21,7,14850.2901973948,50
22,7,14793.1949339062,50
23,7,14197.5060214642,0
24,7,13445.3502443414,50
1,1,12544.4720175043,0
2,1,11795.5640109908,270
3,1,11366.9310555421,270
4,1,11197.1689820383,270
5,1,11198.3729550131,270
6,1,11541.8619417492,320
7,1,12494.0339810047,270
8,1,12827.8918870892,270
9,1,13620.2451564427,270
10,1,14449.7419771757,270
11,1,14950.580002686,230
12,1,15520.335147839,320
13,1,15871.6990097332,320
14,1,16178.3678606004,230
15,1,16299.1639916506,320
16,1,16407.4158961605,320
17,1,16463.6749113407,360
18,1,16308.0489922576,360
19,1,15986.7790204082,360
20,1,16500.831843527,360
21,1,17549.430055609,360
22,1,17182.7179202605,270
23,1,16227.6229344849,320
24,1,15374.3891178779,270
1,2,14154.8089332357,270
2,2,13237.0868340768,320
3,2,12663.9310186598,270
4,2,12389.919883607,270
5,2,12381.4531053714,270
6,2,12549.5579370633,320
7,2,13264.8050465491,270
8,2,13592.0080991676,270
9,2,14361.4869922027,270
10,2,15195.0608584397,320
11,2,15762.7838972211,270
12,2,16527.3180112205,230
13,2,17049.3989539891,270
14,2,17468.3141764682,320
15,2,17760.6270050947,270
16,2,17988.3059281632,270
17,2,17933.8869922962,320
18,2,17857.1607914213,360
19,2,17348.6199646164,320
20,2,17837.754793657,320
21,2,18747.1141155418,320
22,2,18372.1359919235,320
23,2,17332.9450229034,320
24,2,16416.6140793171,360
1,3,15301.5959522557,320
2,3,14181.3989381567,320
3,3,13517.0659026261,320
4,3,13274.8909210041,320
5,3,13096.7169199139,320
6,3,13217.9580285009,320
7,3,13871.7670688704,270
8,3,14065.6078999136,320
9,3,14867.4369293768,360
10,3,15696.9328510202,360
11,3,16634.9928558357,360
12,3,17326.171867447,360
13,3,17830.1719722152,360
14,3,18217.8450390957,320
15,3,18578.3199457824,360
16,3,18686.848026393,360
17,3,18817.7909776308,360
18,3,18472.6839308906,320
19,3,17788.9769373145,360
20,3,18166.9719944047,360
21,3,19067.6769843996,320
22,3,18713.2909874655,360
23,3,17918.1628839262,360
24,3,16891.9270370305,360
1,4,15766.0920556337,360
2,4,14684.9440553356,360
3,4,14097.0598493423,360
4,4,13708.7951055635,320
5,4,13566.8840753883,320
6,4,13647.5220873039,320
7,4,14283.652224388,320
8,4,14475.9859175161,320
9,4,15326.5889632162,320
10,4,16303.012902908,320
11,4,17027.0299351439,320
12,4,17908.8037556559,320
13,4,18575.0478734672,320
14,4,19090.7960465383,320
15,4,19441.4048670568,320
16,4,19583.2308045551,320
17,4,19332.0650465917,340
18,4,18827.1829986274,320
19,4,18268.6829643194,320
20,4,18929.4209430534,0
21,4,19743.7389408369,320
22,4,19285.3679089695,320
23,4,18524.2280588113,0
24,4,17335.6160328416,0
1,5,15965.8758713314,140
2,5,14750.0871241605,140
3,5,13958.7048897333,140
4,5,13567.2468867451,140
5,5,13387.7990224715,140
6,5,13335.2108756751,140
7,5,13897.8899417538,140
8,5,14134.1218752265,140
9,5,14473.6269195471,140
10,5,15018.879173452,140
11,5,15331.0969027746,140
12,5,15687.6469270811,140
13,5,15704.8512438405,140
14,5,15668.5189428255,140
15,5,15415.5339345019,140
16,5,15058.0389146563,140
17,5,14964.8779418543,140
18,5,14729.0679901093,140
19,5,14555.390098854,180
20,5,15399.1049361471,180
21,5,16268.2479028851,140
22,5,15937.4839777686,90
23,5,15104.6888811272,90
24,5,14316.5928372564,140
1,6,13404.2460072413,140
2,6,12662.2660049777,90
3,6,12154.7948759794,140
4,6,11774.3370177513,140
5,6,11631.4869280402,140
6,6,11562.6099641062,140
7,6,11705.0839279108,180
8,6,11504.3409032952,140
9,6,12109.3298861962,140
10,6,12914.8009608462,180
11,6,13258.7178967521,140
12,6,13357.0899837893,140
13,6,13344.446088084,140
14,6,13180.7108024657,140
15,6,12798.2689861786,90
16,6,12767.3921244955,90
17,6,12777.9430993791,320
18,6,12902.4209773736,320
19,6,13017.6468853746,50
20,6,14221.0600254117,50
21,6,14966.5579432705,50
22,6,14673.7118729344,0
23,6,13889.9089027075,50
24,6,13202.7939909203,0
1,7,12392.1220855145,0
2,7,11710.9049363704,90
3,7,11191.0150022218,0
4,7,10869.413870546,0
5,7,10613.7889375417,90
6,7,10509.0890488047,140
7,7,10334.254046089,90
8,7,9850.83195153344,140
9,7,10102.996043684,140
10,7,10810.2040894725,50
11,7,11361.2368336786,360
12,7,11810.1169871348,50
13,7,12054.4710704992,360
14,7,12057.0658250479,50
15,7,11793.8160310048,50
16,7,11746.3150985306,360
17,7,11764.306904492,90
18,7,11920.4050233266,50
19,7,12317.998871929,50
20,7,13592.8629558897,90
21,7,14373.9660157049,90
22,7,14419.1830450725,90
23,7,13911.7411067169,50
24,7,13159.6389442477,50
1,1,12131.9431187091,20
2,1,11453.4290209506,360
3,1,10987.7780617774,360
4,1,10854.5101463664,320
5,1,10954.6419815086,360
6,1,11276.3100210652,320
7,1,12358.5989407077,320
8,1,13001.1929468494,360
9,1,13603.0019778106,360
10,1,14284.3349070326,360
11,1,14671.8001901782,360
12,1,15028.5420224052,360
13,1,15188.6659736922,360
14,1,15133.0130132856,360
15,1,15172.512062043,360
16,1,15023.7318683602,360
17,1,15030.2139347978,360
18,1,15066.9920322429,360
19,1,15046.8050039373,360
20,1,16103.6850293232,50
21,1,17062.9491091725,50
22,1,16746.1719614733,50
23,1,15959.6759879142,50
24,1,15012.9208177971,90
1,2,13816.2808667496,50
2,2,13027.3279655892,50
3,2,12512.4899443965,50
4,2,12296.43407103,360
5,2,12291.4080537632,360
6,2,12549.2829314675,360
7,2,13500.1959774848,360
8,2,13921.7798384335,360
9,2,14366.3842391204,360
10,2,15020.4789747223,360
11,2,15405.7829502355,360
12,2,15776.0239808913,340
13,2,15652.9210218806,360
14,2,15525.7898981646,50
15,2,15539.4551262371,320
16,2,15497.6328929272,270
17,2,15489.2280655298,320
18,2,15476.00885332,360
19,2,15465.0180281587,360
20,2,16507.7350140559,0
21,2,17347.3669712134,320
22,2,16954.6559828036,360
23,2,16036.6711093709,360
24,2,15040.031893,320
1,3,13932.5309235267,320
2,3,13064.5459400686,320
3,3,12602.2179712178,320
4,3,12423.2440332267,360
5,3,12416.8249061527,360
6,3,12653.7349705566,360
7,3,13592.8910153285,320
8,3,14003.4349898016,320
9,3,14666.3111584261,360
10,3,15402.3359718863,50
11,3,15915.9399402877,360
12,3,16392.5762848277,340
13,3,16505.6350311963,360
14,3,16534.3659285679,990
15,3,16463.5611243267,360
16,3,16408.8120213766,360
17,3,16410.6140556075,360
18,3,16240.5879579568,20
19,3,16032.7260822728,20
20,3,16855.0369180124,50
21,3,17086.2841367321,50
22,3,16415.1720020426,50
23,3,15417.4941262398,50
24,3,14362.2770550287,360
1,4,13248.0171543555,320
2,4,12364.1140410807,320
3,4,11866.8220579643,230
4,4,11601.2461036851,180
5,4,11441.0909521906,140
6,4,11332.7649765518,270
7,4,11508.9259540187,270
8,4,11296.9270550692,270
9,4,11680.0050566625,270
10,4,12454.5560798617,270
11,4,13001.6110328799,270
12,4,13404.7160096876,270
13,4,13680.0590528399,290
14,4,13573.0240674997,320
15,4,13260.3918139623,270
16,4,12985.1341289692,270
17,4,12917.0249455422,290
18,4,13164.1459182277,320
19,4,13610.050917184,270
20,4,14847.2750374749,320
21,4,15676.3838776741,320
22,4,15498.3541752715,320
23,4,14837.7410164122,50
24,4,13879.9470929876,50
1,5,12956.6629484501,140
2,5,12093.826014813,140
3,5,11607.5889772046,140
4,5,11350.9228800698,180
5,5,11347.5349661149,180
6,5,11722.212929232,230
7,5,12667.4491099026,270
8,5,13145.0609433725,230
9,5,13813.0819024872,230
10,5,14523.7958816867,230
11,5,14979.541787345,320
12,5,15254.2769751176,320
13,5,15237.1981308125,200
14,5,15158.629057141,250
15,5,14866.9140590634,230
16,5,14705.594258097,230
17,5,14687.8630543565,230
18,5,14614.7959233252,230
19,5,14766.9360584123,200
20,5,15952.624132934,180
21,5,16605.7531700488,140
22,5,16106.4690401582,0
23,5,15344.8821539832,180
24,5,14507.8800600851,180
1,6,13527.005994359,180
2,6,12608.5879220068,180
3,6,12048.0289234575,180
4,6,11708.1279987385,180
5,6,11558.5470352657,180
6,6,11566.4220608212,180
7,6,11861.621964084,180
8,6,11716.4419969626,180
9,6,12268.9790077107,180
10,6,13094.0709787468,230
11,6,13560.459018481,230
12,6,13756.1791048357,230
13,6,13958.8320065951,180
14,6,13747.026949144,180
15,6,13424.4720006259,230
16,6,13279.965996162,230
17,6,13372.5489484509,230
18,6,13519.5509391697,230
19,6,13594.4199942434,180
20,6,14840.0579256453,180
21,6,15553.6621745946,230
22,6,15100.8521025982,230
23,6,14327.5068640038,230
24,6,13574.987056273,230
1,7,12778.5250951909,270
2,7,12085.2670036703,0
3,7,11525.553010677,0
4,7,11167.9109000899,0
5,7,10986.2978411643,270
6,7,10885.5850504637,270
7,7,10878.7119920915,270
8,7,10338.9059713567,270
9,7,10616.6320448564,270
10,7,11272.2589427019,270
11,7,11950.2920696,270
12,7,12422.6349308053,270
13,7,12817.9351329645,270
14,7,12832.8490680251,230
15,7,12744.479974289,180
16,7,12674.7291315859,230
17,7,12816.9260193305,180
18,7,12936.6350637274,180
19,7,13143.4040606888,270
20,7,14452.7919691755,270
21,7,15299.3820210286,0
22,7,15123.247137933,320
23,7,14494.7349218242,270
24,7,13628.2109862641,320
1,1,12787.4459456569,320
2,1,11982.3900789646,0
3,1,11533.9669832513,0
4,1,11340.0238929354,0
5,1,11343.5308935978,320
6,1,11669.4839571826,320
7,1,12748.3179511838,320
8,1,13251.8380539166,320
9,1,13950.1819215361,320
10,1,14679.9980873931,320
11,1,15238.2479370274,360
12,1,15767.899944894,320
13,1,16017.9530762015,360
14,1,16114.4888352975,360
15,1,16208.80113074,320
16,1,16265.5558623234,320
17,1,16286.5319618303,320
18,1,16120.7309664954,360
19,1,15830.8961930797,320
20,1,16963.0259158146,320
21,1,17677.0048201643,360
22,1,17258.4669978656,360
23,1,16229.6609124634,320
24,1,15189.3049135022,320
1,2,14000.0300488471,320
2,2,13131.2609414011,320
3,2,12639.5310091674,320
4,2,12462.9640143085,320
5,2,12413.5199926365,320
6,2,12641.854078047,320
7,2,13478.7739826385,320
8,2,13816.0707953852,320
9,2,14481.687005274,270
10,2,15327.9120078236,320
11,2,15919.9831602518,290
12,2,16719.3789473139,270
13,2,17204.7070039026,290
14,2,17497.3908366039,290
15,2,17567.29193289,320
16,2,17340.2439960744,270
17,2,16974.8658422399,180
18,2,16651.0969782155,140
19,2,16359.937114629,140
20,2,17374.6190714184,140
21,2,17904.3420002386,140
22,2,17418.8778408542,180
23,2,16510.7710798383,180
24,2,15635.2999562193,140
1,3,14344.1999824364,230
2,3,13350.6600628532,180
3,3,12561.5390058886,180
4,3,12330.8319535088,180
5,3,12173.3349365611,180
6,3,12259.8650801685,180
7,3,13112.5132064596,180
8,3,13527.765951002,180
9,3,14046.1780509762,230
10,3,14679.9769712836,230
11,3,15008.2199288066,180
12,3,15277.5739381816,180
13,3,15245.6832477655,230
14,3,14981.7529215608,180
15,3,14819.8930693977,180
16,3,14566.0559491683,180
17,3,14532.8918116819,180
18,3,14578.6438797906,180
19,3,14818.7067883797,180
20,3,16286.462919605,180
21,3,17134.9048895501,230
22,3,16948.5409380826,180
23,3,16143.4250605907,230
24,3,15062.5150696319,180
1,4,13780.1800145954,230
2,4,12763.4272107277,230
3,4,12232.3500201851,180
4,4,12044.6000180785,180
5,4,12016.0720122494,230
6,4,12267.7110178936,0
7,4,13417.5809577014,180
8,4,14029.0239607077,0
9,4,14623.6899521332,180
10,4,15190.2501055002,230
11,4,15420.2040323066,230
12,4,15535.7308900328,230
13,4,15332.6578140073,180
14,4,15024.2568783686,230
15,4,14708.0809732284,180
16,4,14465.3540415168,230
17,4,14424.8911452405,320
18,4,14425.336196865,160
19,4,14678.8909766097,180
20,4,16285.2549607006,90
21,4,17193.2398668332,90
22,4,17062.264099665,0
23,4,16264.4860161003,0
24,4,15145.6848755833,0
1,5,13930.7330185883,0
2,5,13010.3298708629,0
3,5,12433.2678477336,0
4,5,12171.2390236426,270
5,5,12148.1940423101,0
6,5,12494.7448804136,320
7,5,13574.6379359011,0
8,5,14167.3209821694,0
9,5,14750.1671503894,270
10,5,15252.2308890857,50
11,5,15333.250868646,320
12,5,15428.6571769379,320
13,5,15228.5229229238,50
14,5,14953.4670023974,360
15,5,14621.4451063611,360
16,5,14431.7019456755,320
17,5,14329.0220006183,360
18,5,14340.5508934259,360
19,5,14538.1850064788,320
20,5,15951.9690656569,320
21,5,16635.0421147421,50
22,5,16298.5858804714,50
23,5,15508.4649730586,360
24,5,14621.3231480056,360
1,6,13612.0490474561,50
2,6,12758.9369443031,320
3,6,12107.3139869897,50
4,6,11720.0330639118,360
5,6,11477.499089499,360
6,6,11431.3610580498,50
7,6,11469.6560676293,360
8,6,11254.9030349972,360
9,6,11713.7251084456,320
10,6,12452.8560612286,320
11,6,12776.8771154163,320
12,6,12955.3259180351,320
13,6,13058.6479796292,320
14,6,12949.9280932071,360
15,6,12676.7551600649,360
16,6,12456.1919691702,320
17,6,12459.543981011,360
18,6,12642.3919366333,320
19,6,13047.9681517715,320
20,6,14516.6630487284,360
21,6,15028.1261051809,320
22,6,14734.0789321,320
23,6,14041.2690059366,360
24,6,13350.9168710401,360
1,7,12547.6629254753,360
2,7,11788.081876413,360
3,7,11271.3559345221,360
4,7,10891.4400490848,360
5,7,10699.1190444706,360
6,7,10609.6789982514,360
7,7,10631.3740184242,320
8,7,10163.0940481471,360
9,7,10273.279030283,320
10,7,11002.8620292516,320
11,7,11571.9108932624,320
12,7,12001.5790291643,320
13,7,12259.0148730236,320
14,7,12208.1430508057,270
15,7,12027.316004253,270
16,7,11844.893067691,320
17,7,11927.6360237664,320
18,7,12244.0390171325,320
19,7,12795.5791033162,270
20,7,14136.394990162,0
21,7,14808.2359024715,180
22,7,14730.8711225614,0
23,7,14141.271163974,230
24,7,13327.6759309676,180
1,1,12323.0239631347,180
2,1,11535.2209796794,230
3,1,11115.9479747806,140
4,1,10998.1659562103,180
5,1,11028.7320434582,140
6,1,11468.5600027069,140
7,1,12761.8889581393,0
8,1,13431.7819250636,0
9,1,14082.6730985399,0
10,1,14721.6209671423,0
11,1,15060.9300642014,180
12,1,15234.0008266158,180
13,1,15111.0567763932,180
14,1,14897.9578079227,180
15,1,14655.9619600587,140
16,1,14360.017037889,320
17,1,14220.8559659086,360
18,1,14253.3678819928,360
19,1,14584.9901169781,360
20,1,16135.6270901915,320
21,1,16845.3971067742,320
22,1,16598.4330458995,320
23,1,15766.3827915415,320
24,1,14684.1980518643,320
1,2,13499.0020958278,270
2,2,12592.0970502608,0
3,2,12090.1680849399,0
4,2,11917.380901495,270
5,2,11945.7989832759,0
6,2,12273.9230488166,0
7,2,13379.9199772701,0
8,2,14007.8949117027,0
9,2,14462.5308594052,270
10,2,14938.0231490377,360
11,2,15246.1177697442,320
12,2,15405.5220846552,360
13,2,15337.5650384501,340
14,2,15108.1397892609,360
15,2,14866.4192015715,360
16,2,14746.2319643348,360
17,2,14709.3049499951,360
18,2,14699.4190158211,360
19,2,14857.5409692004,320
20,2,16317.4510673117,320
21,2,16911.4688486652,320
22,2,16525.2579594087,320
23,2,15685.4291488305,320
24,2,14623.9588854257,320
1,3,13498.5800814126,320
2,3,12589.2489442378,320
3,3,12097.421967661,320
4,3,11928.1849720944,320
5,3,11923.9219692256,320
6,3,12232.6920778379,270
7,3,13304.5102224366,320
8,3,13852.8621016685,270
9,3,14312.7050460055,270
10,3,14869.4321045652,320
11,3,15222.3591212444,320
12,3,15652.4300959297,320
13,3,15759.8601326309,320
14,3,15670.9378153784,360
15,3,15551.0680195689,360
16,3,15496.808045404,320
17,3,15436.4989877185,360
18,3,15346.9309707764,360
19,3,15387.5081140753,360
20,3,16765.0452627912,360
21,3,17158.4808842689,360
22,3,16776.9509165604,0
23,3,15770.6970441192,50
24,3,14802.1128782965,0
1,4,13721.8200734593,0
2,4,12770.7660861556,0
3,4,12299.6790102907,0
4,4,12103.6389762517,0
5,4,12134.1969457399,0
6,4,12386.8258830262,0
7,4,13254.4060800932,0
8,4,13810.4749617502,0
9,4,14277.4620423019,0
10,4,14914.4048717655,0
11,4,15304.0949606728,50
12,4,15811.5138859162,50
13,4,15831.9859870374,50
14,4,15801.5909381527,50
15,4,15679.9690118618,50
16,4,15550.8989375327,20
17,4,15531.3770071231,360
18,4,15453.5809921566,50
19,4,15458.6290921196,50
20,4,16622.5659805005,50
21,4,17064.301996788,50
22,4,16590.7710427512,50
23,4,15631.3689851183,360
24,4,14605.9429050498,50
1,5,13586.1278963871,90
2,5,12704.2260932978,50
3,5,12175.4529248811,90
4,5,11983.5180754047,90
5,5,12046.3569538686,90
6,5,12276.1960943509,90
7,5,13220.5309237093,90
8,5,13776.6901024301,50
9,5,14187.2939270455,50
10,5,14875.9341313206,90
11,5,15347.3269626405,90
12,5,15787.8830749467,140
13,5,15883.0831440985,50
14,5,15818.0131185325,50
15,5,15768.6859612111,50
16,5,15708.9519268256,360
17,5,15612.22687288,360
18,5,15461.247074388,360
19,5,15499.4899639105,360
20,5,16685.4239718467,360
21,5,16821.4980497453,50
22,5,16288.7488730252,50
23,5,15429.150002243,50
24,5,14629.8631399553,50
1,6,13748.4569810461,50
2,6,12881.1439758558,50
3,6,12373.2970634252,50
4,6,12051.3470547963,50
5,6,11898.569101857,50
6,6,11886.3169164956,50
7,6,12130.9000048805,90
8,6,12017.8039667849,0
9,6,12417.6130167078,50
10,6,13251.5848754328,360
11,6,13727.4770576023,360
12,6,14037.2099670693,360
13,6,14283.5851188675,320
14,6,14248.2900160812,340
15,6,14097.5780040696,50
16,6,13999.7617888236,360
17,6,13987.7091370551,320
18,6,14065.822849066,20
19,6,14262.340141979,50
20,6,15597.6908057714,50
21,6,15795.9029636905,50
22,6,15275.2709587319,50
23,6,14541.8860343061,50
24,6,13762.8819917422,50
1,7,13022.3178975713,50
2,7,12326.6530282786,50
3,7,11804.9270148091,50
4,7,11537.843147032,50
5,7,11301.6719931988,50
6,7,11227.3369089626,50
7,7,11226.9449370028,360
8,7,10799.9120297367,360
9,7,10802.3449452369,360
10,7,11452.4539985163,320
11,7,12036.7970781056,360
12,7,12572.2581902156,360
13,7,12982.3099714937,360
14,7,13078.7760460926,360
15,7,12829.4509147173,360
16,7,12717.6658043256,360
17,7,12737.3320366787,50
18,7,12864.8270039158,50
19,7,13487.8770097885,50
20,7,14738.3979090052,360
21,7,15131.2729352051,360
22,7,15000.4658608697,360
23,7,14441.1649097949,320
24,7,13664.4460079428,50
1,1,12753.5669762418,270
2,1,11905.1049870728,360
3,1,11544.3491102995,360
4,1,11336.7509850981,140
5,1,11318.3870356696,180
6,1,11591.634975329,140
7,1,12659.065070698,0
8,1,13440.2099338267,230
9,1,13858.1821013857,230
10,1,14587.9960430022,200
11,1,14999.424928152,200
12,1,15377.2659033425,230
13,1,15475.1169222519,360
14,1,15372.0170580521,990
15,1,15131.3939618748,200
16,1,14893.4330251627,180
17,1,14762.7549269293,230
18,1,14722.8010451682,230
19,1,14997.3308078496,200
20,1,16276.3280499037,230
21,1,16639.6938912235,230
22,1,16294.5461161919,230
23,1,15407.7960557397,230
24,1,14405.3500495721,0
1,2,13276.9749666248,270
2,2,12497.0290187988,320
3,2,12017.1740372833,270
4,2,11834.9080396723,320
5,2,11866.658070365,270
6,2,12164.3269017059,320
7,2,13139.6951293983,0
8,2,13803.9870106764,0
9,2,14227.2349754907,270
10,2,14821.8551395312,230
11,2,15140.4299008232,230
12,2,15458.2798983213,180
13,2,15376.0412102211,180
14,2,15122.8148727417,180
15,2,14993.0698875897,230
16,2,14771.820100097,180
17,2,14690.4457425154,230
18,2,14729.6170659866,180
19,2,15152.9840487558,200
20,2,16510.8222064301,230
21,2,16859.6399991773,230
22,2,16542.9479030725,0
23,2,15736.9811866935,230
24,2,14726.6559552085,230
1,3,13524.6649860274,180
2,3,12565.6740081329,180
3,3,12123.1290121246,180
4,3,11927.5629715491,180
5,3,11917.887924483,180
6,3,12238.1680485345,180
7,3,13261.6180743929,180
8,3,13993.9819428083,180
9,3,14459.1100393888,180
10,3,14966.6668193694,180
11,3,15221.2669918295,180
12,3,15361.0768298022,200
13,3,15235.1821524967,140
14,3,15013.8959456924,180
15,3,14722.0418823846,180
16,3,14552.1882181857,230
17,3,14480.153113896,180
18,3,14358.9840968642,230
19,3,14764.6477964614,230
20,3,16209.8558476586,230
21,3,16621.8529164661,0
22,3,16389.9869933464,0
23,3,15692.7231470793,0
24,3,14841.754036596,0
1,4,13759.7379471604,270
2,4,12876.6009586323,230
3,4,12275.9369517937,0
4,4,12008.6600422226,140
5,4,11884.9691133425,140
6,4,12102.7579355054,90
7,4,12701.8970497325,140
8,4,13004.8599823061,110
9,4,13659.1678184811,90
10,4,14429.8220453132,90
11,4,14709.2730819453,140
12,4,14785.593011681,90
13,4,14804.0169791244,90
14,4,14696.744256597,90
15,4,14334.4320705999,90
16,4,14018.7329519652,90
17,4,14019.4349871054,140
18,4,13953.2150178514,140
19,4,14435.5208367668,360
20,4,16019.7418106627,360
21,4,16328.6960170437,360
22,4,16036.8179328982,360
23,4,15299.3509596549,50
24,4,14501.2780014873,50
1,5,13466.8110876121,50
2,5,12609.0448928941,50
3,5,12016.4720609356,50
4,5,11648.3860835005,90
5,5,11458.3838982396,90
6,5,11385.5159351416,50
7,5,11409.8620636147,50
8,5,11144.1460175272,90
9,5,11352.3459349088,270
10,5,12127.8680671938,320
11,5,12638.2350000478,360
12,5,12797.3879578151,360
13,5,12885.0130509958,320
14,5,12714.8999536596,50
15,5,12283.8610577174,360
16,5,12070.0871094367,360
17,5,11936.5199973332,320
18,5,12151.4090241389,50
19,5,12952.1928144721,90
20,5,14541.6129912362,50
21,5,14978.1690973388,50
22,5,14850.2151558818,50
23,5,14262.3929609386,360
24,5,13539.3051184705,360
1,6,12737.2429351127,50
2,6,11940.1139471782,360
3,6,11425.2460900666,360
4,6,11110.2239705147,50
5,6,10943.7089739731,0
6,6,10993.281067417,360
7,6,11238.3598654764,360
8,6,11268.413025395,360
9,6,11652.5889874445,360
10,6,12466.1839719331,360
11,6,12843.1248296401,360
12,6,13003.3260810794,360
13,6,13061.2030269834,360
14,6,12974.7991492646,360
15,6,12630.5689306925,340
16,6,12419.3019827949,360
17,6,12450.6499323859,320
18,6,12665.0559261069,20
19,6,13358.0698789628,20
20,6,14798.9519194989,50
21,6,15113.4489182001,50
22,6,14649.9149649171,50
23,6,13973.182001547,50
24,6,13312.7538982211,50
1,7,12522.8350003818,360
2,7,11769.2620725678,360
3,7,11221.2590222256,360
4,7,10871.0640403917,50
5,7,10706.498051214,50
6,7,10602.389054141,50
7,7,10675.153016462,360
8,7,10375.3429806577,0
9,7,10414.7070829654,360
10,7,11124.8120006393,360
11,7,11636.538066105,360
12,7,11976.9950283999,360
13,7,12075.206933971,360
14,7,11930.6469745366,320
15,7,11599.100966088,360
16,7,11484.0020818273,360
17,7,11552.5580401062,50
18,7,11755.136074503,50
19,7,12613.4999450697,50
20,7,14167.2218804667,50
21,7,14675.1537025077,90
22,7,14599.7021004856,50
23,7,14035.9748134986,90
24,7,13249.3158897981,90
1,1,12348.2920731809,50
2,1,11557.5330670625,90
3,1,11132.2600259781,20
4,1,10982.6519314083,50
5,1,11066.4569154773,360
6,1,11474.3629828468,360
7,1,12608.9159944709,360
8,1,13296.3369902465,360
9,1,13739.1779957097,20
10,1,14469.2240164075,360
11,1,14830.079103954,360
12,1,15120.7359479405,360
13,1,15145.553725794,360
14,1,14967.2289503757,360
15,1,14753.5490102079,360
16,1,14662.9607474562,50
17,1,14715.7548718806,50
18,1,14650.0810300668,90
19,1,15151.5971326362,90
20,1,16623.0160689047,90
21,1,16955.1878889678,50
22,1,16564.5387841258,90
23,1,15676.7169547798,50
24,1,14573.8000510372,50
1,2,13382.3551665097,50
2,2,12493.2160153305,360
3,2,12128.9219689108,360
4,2,11888.3011264429,360
5,2,11898.866000196,0
6,2,12198.6699487846,360
7,2,13245.2697718553,0
8,2,13924.3979402799,0
9,2,14265.7321200408,0
10,2,14783.7979023922,360
11,2,15135.855927784,50
12,2,15522.5530680362,270
13,2,15555.2258324586,320
14,2,15401.4881310128,320
15,2,15283.2627864573,360
16,2,15106.1888639424,360
17,2,15026.7741132062,360
18,2,15021.7670938112,320
19,2,15530.1420391202,320
20,2,16881.3841139358,360
21,2,17146.1020963732,50
22,2,16650.2240285855,360
23,2,15684.5730021,50
24,2,14607.4380167853,50
1,3,13485.4180913623,50
2,3,12639.0630524475,0
3,3,12159.9899456278,360
4,3,11937.5870401356,360
5,3,11952.8140243944,360
6,3,12254.7709649093,320
7,3,13217.5698541682,0
8,3,13985.972976394,0
9,3,14279.9858715907,50
10,3,14954.6751091052,360
11,3,15252.0528357793,320
12,3,15701.2430313434,320
13,3,15741.39221978,360
14,3,15610.153015675,360
15,3,15492.4969121795,320
16,3,15442.5520211831,360
17,3,15456.0539877824,360
18,3,15401.7689957619,360
19,3,15856.8048772756,360
20,3,17071.1149489712,320
21,3,17180.173004264,0
22,3,16726.0279353634,230
23,3,15741.8459894042,140
24,3,14779.2209951039,140
1,4,13608.6068307851,140
2,4,12731.7819226924,0
3,4,12271.202025976,270
4,4,12097.45004333,230
5,4,12086.5109647345,230
6,4,12284.0260000788,230
7,4,13341.4118684977,0
8,4,14075.046896603,230
9,4,14454.9272065088,230
10,4,15000.0250976495,180
11,4,15308.7031673975,230
12,4,15604.2380654812,180
13,4,15531.605045639,230
14,4,15336.8981093112,230
15,4,15134.2770942785,230
16,4,14971.8440453615,230
17,4,14942.1799448896,140
18,4,14957.5380188618,0
19,4,15715.3529198859,0
20,4,16927.6152223777,0
21,4,17191.7518152464,0
22,4,16789.2929425426,140
23,4,16014.3250397779,90
24,4,14895.3699366525,360
1,5,13746.7058126386,360
2,5,12860.2219673283,360
3,5,12340.3789966404,320
4,5,12115.6150047779,320
5,5,12050.0119692516,320
6,5,12359.9039599225,320
7,5,13335.5570978392,320
8,5,14317.4070844557,320
9,5,14530.8219812885,270
10,5,15104.1870534495,270
11,5,15490.4380745422,320
12,5,15838.9498105627,270
13,5,15902.9700934086,270
14,5,15861.9770202506,230
15,5,15612.4958820324,230
16,5,15238.5559254363,270
17,5,15264.8491317928,230
18,5,15240.5471290201,230
19,5,15930.6409464031,230
20,5,17122.3229889795,230
21,5,17469.5330550671,230
22,5,17170.188077054,230
23,5,16425.4881023876,230
24,5,15629.3750926983,230
1,6,14599.8638161086,230
2,6,13631.7840301599,230
3,6,13002.5450280309,230
4,6,12634.1910024583,230
5,6,12463.9820536869,230
6,6,12429.1431709221,230
7,6,12725.0970583856,0
8,6,12892.5148475952,270
9,6,13340.2171869166,270
10,6,14123.9890310951,270
11,6,14449.2111079153,270
12,6,14367.000036953,270
13,6,14205.7839529645,270
14,6,13937.3460335918,290
15,6,13626.0410188101,290
16,6,13305.76118943,290
17,6,13321.9849560251,320
18,6,13457.8281831192,270
19,6,14339.6831131736,320
20,6,15681.0310581615,320
21,6,15857.6848028954,320
22,6,15464.7691222876,320
23,6,14718.5050255917,320
24,6,14054.5929293912,320
1,7,13198.9971102048,270
2,7,12471.2040646896,320
3,7,11870.4360088948,320
4,7,11484.9650370516,320
5,7,11241.2810683921,320
6,7,11177.1780156866,320
7,7,11215.3819057811,320
8,7,10970.2641091188,320
9,7,10946.7530215168,320
10,7,11646.8200361477,320
11,7,12199.3109223628,320
12,7,12493.8029511971,320
13,7,12736.060060828,320
14,7,12745.6380492905,320
15,7,12429.0391014265,320
16,7,12281.7879635701,320
17,7,12210.2320417939,320
18,7,12476.3729904937,320
19,7,13333.3898903867,320
20,7,14872.6000609808,320
21,7,15292.1219107462,360
22,7,15220.5340325814,320
23,7,14630.4897954166,320
24,7,13889.3840987757,320
1,1,12913.750008896,320
2,1,12140.2739759404,320
3,1,11691.4769189525,320
4,1,11411.0970501415,320
5,1,11426.9641454853,270
6,1,11802.4000287745,320
7,1,12899.066016918,320
8,1,13753.7140135188,320
9,1,14226.6230513137,230
10,1,14913.1540733017,180
11,1,15374.5981069244,180
12,1,15852.4248699248,160
13,1,16099.7378413659,140
14,1,16146.2538107708,110
15,1,16048.5271231066,90
16,1,15952.2710476276,90
17,1,15713.03890358,90
18,1,15631.1791042811,50
19,1,16217.9029181004,50
20,1,17418.1449047681,90
21,1,17606.6102107475,90
22,1,17284.3339366075,90
23,1,16508.0450186133,90
24,1,15485.653038932,140
1,2,14290.6331548262,90
2,2,13448.7290374339,50
3,2,12915.3489974011,50
4,2,12676.2070765775,50
5,2,12682.0268523954,50
6,2,12876.9090306442,360
7,2,13876.6871034727,360
8,2,14599.865985082,360
9,2,14923.8280236339,360
10,2,15561.6769974562,360
11,2,15945.7171532605,360
12,2,16396.4199351557,360
13,2,16528.1330332849,320
14,2,16612.5248718858,360
15,2,16541.7271549217,360
16,2,16438.588104561,360
17,2,16300.0538732857,320
18,2,16292.5168750621,360
19,2,16891.5523001868,360
20,2,18015.6189799514,360
21,2,18188.1309756413,360
22,2,17760.4818435954,360
23,2,16940.657083245,360
24,2,15870.9309208915,320
1,3,14786.4559680205,360
2,3,13785.1459446922,320
3,3,12785.5539975073,320
4,3,12069.4260360785,140
5,3,12051.8900304083,180
6,3,12295.015056232,140
7,3,13170.562998889,140
8,3,13905.4760960825,140
9,3,14312.3140834235,140
10,3,14998.7229962964,140
11,3,15479.9470122978,180
12,3,15771.8348310273,230
13,3,15832.3149227938,180
14,3,15748.6759226229,180
15,3,15631.0028774999,90
16,3,15432.0747480858,140
17,3,15282.0678817546,360
18,3,15196.8639791142,360
19,3,15908.3239301685,360
20,3,17286.4579904638,320
21,3,17657.7150138542,360
22,3,17366.8900872543,360
23,3,16732.6471698843,320
24,3,15745.5449619349,0
1,4,14585.0660254806,360
2,4,13623.3270910326,360
3,4,13101.5870353075,360
4,4,12884.8309394736,360
5,4,12860.8580007367,360
6,4,13124.2129648794,360
7,4,14089.7699213661,360
8,4,14904.2957840431,50
9,4,15282.044118654,140
10,4,15763.6400418989,140
11,4,16006.7501955796,140
12,4,16207.8019335177,160
13,4,16059.1429457832,140
14,4,15789.2150969775,180
15,4,15537.9209265569,90
16,4,15343.3821042506,140
17,4,15235.8158932938,180
18,4,15289.3271633647,230
19,4,16206.5349465348,230
20,4,17753.5370825306,180
21,4,18272.2341663092,180
22,4,18101.225034846,180
23,4,17429.0729879551,180
24,4,16328.3040739317,140
1,5,15048.48504306,140
2,5,14035.5429902822,140
3,5,13460.1409449726,140
4,5,13147.5532060303,140
5,5,13045.221930651,140
6,5,13343.2649812009,140
7,5,14417.4630035907,140
8,5,15442.3079102766,0
9,5,15835.6991583984,0
10,5,16458.6542153042,0
11,5,16723.5101210028,140
12,5,16825.1139248144,180
13,5,16554.7621982042,180
14,5,16220.0720958449,180
15,5,15968.4800964128,230
16,5,15729.3629913684,90
17,5,15577.5280002113,90
18,5,15812.6989292754,140
19,5,16905.8701918926,0
20,5,18348.7482490242,90
21,5,18742.7721134871,140
22,5,18527.7939377856,140
23,5,17839.714991264,90
24,5,16913.6660805345,90
1,6,15784.6912283916,140
2,6,14657.2089253329,90
3,6,13903.6789148357,90
4,6,13492.6379307359,90
5,6,13284.7911567949,140
6,6,13214.8080586493,90
7,6,13553.6609597821,90
8,6,13853.5560282469,140
9,6,14227.1379963849,140
10,6,15119.8540973365,140
11,6,15474.7596991686,50
12,6,15368.1199613921,360
13,6,15180.2778646499,360
14,6,14923.5737924427,320
15,6,14629.4469106067,360
16,6,14435.1731339931,50
17,6,14312.3690372435,360
18,6,14621.5360701242,320
19,6,15893.9589815615,320
20,6,17097.237930906,90
21,6,17353.0089519983,360
22,6,17081.2540709926,360
23,6,16395.3432359947,0
24,6,15586.0141513003,0
1,7,14557.8949933024,0
2,7,13562.2430854058,0
3,7,12757.9988871841,0
4,7,12203.3149870476,180
5,7,11903.6959077967,180
6,7,11727.7020033738,200
7,7,11697.8569649206,200
8,7,11528.1199674765,230
9,7,11515.9579951828,180
10,7,12256.3979179496,230
11,7,12759.7840287904,180
12,7,12839.5180874486,180
13,7,12615.9781102063,140
14,7,12172.9940136583,90
15,7,11704.275936312,140
16,7,11509.3500148435,140
17,7,11567.7330707572,140
18,7,11958.6460215854,50
19,7,13501.3961671107,140
20,7,15190.1267186636,140
21,7,15895.2190409089,90
22,7,15947.257109616,90
23,7,15398.5709233731,90
24,7,14439.438099103,90
1,1,13294.7389227469,90
2,1,12336.9941248484,0
3,1,11883.4229147565,90
4,1,11662.6308621317,90
5,1,11769.7260420043,90
6,1,12216.3200302906,90
7,1,13690.0789833982,90
8,1,15023.16099498,90
9,1,15525.891079424,50
10,1,16357.0329414643,50
11,1,16700.872228846,90
12,1,16747.2551659205,90
13,1,16747.1499623172,90
14,1,16488.6370255593,90
15,1,16207.0549056921,90
16,1,15955.6589221209,50
17,1,15871.254115466,50
18,1,16049.1658951622,50
19,1,17300.6930485098,360
20,1,18691.2350607384,50
21,1,19150.0760283172,90
22,1,19018.0929336566,90
23,1,18188.0559635907,140
24,1,16926.9470124692,140
1,2,15418.7091654222,140
2,2,14206.7261028308,90
3,2,13640.7760773897,180
4,2,13342.6511094086,180
5,2,13313.7479805928,140
6,2,13602.4909035005,140
7,2,14972.6290369537,140
8,2,16214.5268054921,180
9,2,16650.7539955992,140
10,2,17335.5478643626,140
11,2,17410.536056025,140
12,2,17223.1720324289,140
13,2,16825.3840400185,140
14,2,16434.7260163482,140
15,2,16001.9139990658,320
16,2,15634.5177931506,320
17,2,15523.595793644,50
18,2,15700.4331532214,320
19,2,16995.2269999888,320
20,2,18656.2376483586,0
21,2,19297.6390841361,0
22,2,19272.8280106504,0
23,2,18465.3620824534,0
24,2,17193.868009802,0
1,3,15625.0759871136,0
2,3,14391.3798413184,0
3,3,13670.1310833041,0
4,3,13486.5278126728,0
5,3,13425.7600148041,270
6,3,13786.752022393,0
7,3,15062.3310318105,270
8,3,16222.098096339,0
9,3,16628.1260477956,0
10,3,17132.0828650706,200
11,3,17233.8599020243,320
12,3,17085.6778973526,270
13,3,16612.793031849,270
14,3,16116.1280333288,270
15,3,15681.6438969336,270
16,3,15412.215833433,230
17,3,15331.723073503,320
18,3,15505.2688369751,360
19,3,16723.967929421,360
20,3,18242.959963236,360
21,3,18796.8559576273,340
22,3,18593.7421064191,320
23,3,17911.9789288482,320
24,3,16780.320943607,320
1,4,15255.9430651385,320
2,4,14140.311078608,320
3,4,13487.883901421,270
4,4,13218.4780121222,320
5,4,13143.4100249298,320
6,4,13467.4969720207,320
7,4,14657.9090921208,0
8,4,15668.2239484005,0
9,4,15993.1168642733,0
10,4,16491.2420889605,270
11,4,16462.8738525268,270
12,4,16394.8827863168,320
13,4,15986.1581131574,270
14,4,15611.2690597265,320
15,4,15259.9070157995,270
16,4,15010.8220217041,360
17,4,14921.1369150225,360
18,4,15012.232960334,320
19,4,16106.304069357,360
20,4,17425.3698750101,360
21,4,17808.3979336303,320
22,4,17641.0670805052,320
23,4,16922.8349620309,320
24,4,15876.7550874846,320
1,5,14548.7328970637,320
2,5,13518.2568494901,320
3,5,12947.4359737895,320
4,5,12692.6871658452,320
5,5,12682.1241274141,320
6,5,13015.8319722833,270
7,5,14139.672949763,320
8,5,15142.6240846291,270
9,5,15360.0597986206,270
10,5,15745.1820034981,270
11,5,15858.7069802806,270
12,5,15896.983986605,270
13,5,15598.7989468016,250
14,5,15280.8479147591,230
15,5,14951.8961012475,270
16,5,14767.587929708,320
17,5,14714.3088267595,320
18,5,14713.610889975,230
19,5,15732.565098783,360
20,5,16827.2670056615,0
21,5,17007.9259161055,0
22,5,16646.6270687617,320
23,5,15881.2171495687,360
24,5,15079.3331252541,0
1,6,14101.7740782481,270
2,6,13224.7691130117,270
3,6,12612.164063435,270
4,6,12254.3720316943,270
5,6,12115.5690251533,270
6,6,12147.8550465219,270
7,6,12447.1820365973,270
8,6,12719.8410295211,270
9,6,12987.4660148583,270
10,6,13690.2629883736,270
11,6,13924.0529348794,270
12,6,13883.3648841809,270
13,6,13849.6639927104,320
14,6,13675.0620345585,320
15,6,13301.0039541721,320
16,6,13029.5061502596,360
17,6,12987.09092768,320
18,6,13167.4381179521,320
19,6,14405.9249971705,360
20,6,15552.7601025812,320
21,6,15608.5407896135,320
22,6,15271.859997266,320
23,6,14555.3400514778,320
24,6,13828.5881045666,320
1,7,13017.706844301,320
2,7,12300.5080677774,320
3,7,11709.8610746544,320
4,7,11307.2940245261,320
5,7,11121.0620063879,320
6,7,11001.4880605834,320
7,7,11034.5359801911,320
8,7,10857.8839573311,320
9,7,10754.3030301593,320
10,7,11437.8429708323,270
11,7,12039.3191110371,320
12,7,12372.4910211861,320
13,7,12488.4111261237,270
14,7,12397.8308951221,270
15,7,12030.6499950597,270
16,7,11850.659962113,360
17,7,11822.3499677507,360
18,7,12085.4849235574,360
19,7,13438.4799362673,360
20,7,14754.4308742648,0
21,7,15144.116882652,320
22,7,15032.6360312039,50
23,7,14481.7209880278,320
24,7,13653.6340186764,0
1,1,12702.259074362,0
2,1,11939.1709732711,0
3,1,11453.5219611321,0
4,1,11331.6628358513,320
5,1,11402.1799894776,0
6,1,11834.7019442655,0
7,1,13138.4230580386,140
8,1,14155.244107645,140
9,1,14523.3130756747,180
10,1,15123.335832376,0
11,1,15434.0279332566,110
12,1,15546.9480044656,160
13,1,15434.579806631,90
14,1,15170.6589220343,90
15,1,14885.3921246547,50
16,1,14638.6790106222,90
17,1,14569.4259999637,50
18,1,14772.3619152103,140
19,1,15859.1501711886,50
20,1,17021.0568835377,90
21,1,17377.7560415883,90
22,1,17018.7240704093,50
23,1,16200.1481584273,360
24,1,15191.7910644989,90
1,2,13938.0760539714,90
2,2,12998.8970262446,90
3,2,12427.8850145713,90
4,2,12228.0210038349,90
5,2,12243.9220394753,140
6,2,12535.8369804956,90
7,2,13623.8491017111,90
8,2,14771.0311728185,140
9,2,14982.8412438482,140
10,2,15543.3381782193,140
11,2,15798.2880854867,110
12,2,15948.603928715,140
13,2,15701.8258585259,140
14,2,15378.1369538642,140
15,2,15196.3639660273,180
16,2,14990.903929498,140
17,2,15003.0709096473,110
18,2,15161.2430867292,140
19,2,16318.6368367337,90
20,2,17397.1770847142,50
21,2,17691.8018977307,140
22,2,17400.2119607255,180
23,2,16631.5399570242,90
24,2,15550.6037612669,90
1,3,14212.3750639167,90
2,3,13152.2050608769,140
3,3,12614.756034052,90
4,3,12391.7040663343,90
5,3,12407.6230584197,140
6,3,12807.8680535555,90
7,3,13928.1770665459,140
8,3,15025.8410540316,140
9,3,15274.1279474609,90
10,3,15822.2301152162,90
11,3,16071.3129258957,90
12,3,16217.3530781642,140
13,3,16043.3309156373,140
14,3,15829.2429573867,90
15,3,15524.1508814786,90
16,3,15333.6250248142,90
17,3,15286.9880405441,90
18,3,15411.4108855017,90
19,3,16701.4258949123,90
20,3,17923.8100241963,50
21,3,18358.1970537789,90
22,3,18247.8259609025,90
23,3,17502.1658595838,50
24,3,16310.8452078216,90
1,4,14991.9199996442,90
2,4,13876.2210892886,140
3,4,13223.2458299771,90
4,4,12945.0929242671,90
5,4,13052.4999988284,90
6,4,13357.7149099726,140
7,4,14522.5619392823,0
8,4,15656.9148267228,90
9,4,15972.8889463749,90
10,4,16439.8629929237,0
11,4,16584.1918917056,90
12,4,16571.0001563607,90
13,4,16296.3050789544,360
14,4,15922.900913788,360
15,4,15591.6559732668,360
16,4,15426.8931887262,50
17,4,15401.3000083901,50
18,4,15647.3499968303,50
19,4,17136.6690414976,50
20,4,18319.724124359,50
21,4,18648.45903394,90
22,4,18406.6240334734,50
23,4,17600.952922523,360
24,4,16373.2891899329,360
1,5,14957.731879808,320
2,5,13938.066171376,360
3,5,13321.2209841404,360
4,5,13061.4980630426,360
5,5,13001.9310311228,320
6,5,13270.2340466771,360
7,5,14518.9831308648,360
8,5,15739.8611538354,320
9,5,15960.018927943,360
10,5,16418.799165044,320
11,5,16611.248880934,290
12,5,16670.7541676052,320
13,5,16400.2120265067,290
14,5,16059.2298335545,20
15,5,15728.8360054586,360
16,5,15431.5951377414,360
17,5,15344.2309817374,360
18,5,15428.1728676297,320
19,5,16747.8600245807,320
20,5,17682.9220108073,320
21,5,17934.8108421247,320
22,5,17641.7350914832,360
23,5,16863.2191954739,0
24,5,16004.1329800542,320
1,6,14933.9171408322,0
2,6,13971.7821534835,0
3,6,13263.4150948152,320
4,6,12843.228084309,270
5,6,12642.5159391165,0
6,6,12692.298864197,140
7,6,12982.5989842657,0
8,6,13368.059152886,230
9,6,13649.4359233342,180
10,6,14287.123993326,180
11,6,14567.7050115904,140
12,6,14542.6439625016,140
13,6,14389.8291392736,180
14,6,14023.1750844214,180
15,6,13636.8109800285,180
16,6,13398.3219966209,180
17,6,13392.6069431701,140
18,6,13831.8482195223,140
19,6,15487.5810437733,180
20,6,16592.5669824509,140
21,6,16899.3837566618,140
22,6,16534.5371666281,140
23,6,15920.8950354056,160
24,6,15137.1690253029,140
1,7,14352.3298354568,230
2,7,13416.7170820301,140
3,7,12718.1969844988,200
4,7,12332.624964376,160
5,7,12109.0280031329,140
6,7,11963.0359951807,140
7,7,12095.8220527815,140
8,7,12098.6839880897,180
9,7,12066.8938781628,230
10,7,12790.0340862377,230
11,7,13481.7838934725,140
12,7,13786.0849837726,180
13,7,13920.6660200413,180
14,7,13698.5219214442,180
15,7,13272.1749948962,230
16,7,13107.7140588043,230
17,7,13300.122970243,180
18,7,13913.6679448811,230
19,7,15812.8309239568,230
20,7,17239.8009412037,180
21,7,17809.7367344154,230
22,7,17753.3140989859,180
23,7,17180.7990130428,230
24,7,16101.876785988,180
1,1,14823.441038426,180
2,1,13710.4879055526,180
3,1,13063.3149342872,180
4,1,12799.4358865004,230
5,1,12770.5609696219,180
6,1,13203.2379083745,230
7,1,14626.6769261938,230
8,1,15967.840107441,230
9,1,16524.4799640737,230
10,1,17314.1099190228,180
11,1,17817.7908498272,180
12,1,18084.8960273461,180
13,1,18029.6089069229,160
14,1,17681.9429012891,180
15,1,17421.2240046337,180
16,1,17200.6930790935,200
17,1,17189.0968341064,180
18,1,17356.9359108489,180
19,1,18912.4467871431,180
20,1,20267.9980644006,160
21,1,20831.4542686865,180
22,1,20721.262851771,180
23,1,19859.1330320854,140
24,1,18427.4259868171,140
1,2,16631.201057693,140
2,2,15237.4010748994,180
3,2,14506.9010874368,180
4,2,14210.2150898967,180
5,2,14128.3051356003,180
6,2,14404.4441555087,180
7,2,15645.5298944619,180
8,2,17097.943862129,140
9,2,17666.9828567896,200
10,2,18519.9519477477,160
11,2,18948.9038639385,180
12,2,19021.6650838088,180
13,2,18805.3839454479,180
14,2,18638.735050558,140
15,2,18373.9059402347,180
16,2,18121.391011795,160
17,2,17899.9030319666,180
18,2,18078.0269751176,160
19,2,19340.3778907508,160
20,2,20433.0389958695,990
21,2,20819.2778562512,160
22,2,20679.3680887632,160
23,2,19835.0360615235,180
24,2,18629.8668128401,200
1,3,16993.1390118208,140
2,3,15513.9169604785,160
3,3,14585.5822022837,200
4,3,14000.551085284,180
5,3,13580.8520739544,140
6,3,13376.9031428713,140
7,3,13361.8789994484,160
8,3,13563.8309685774,160
9,3,13869.4411904207,140
10,3,14886.8760419711,140
11,3,15489.2448568195,140
12,3,15644.5957502844,140
13,3,15588.2148843044,140
14,3,15299.8538700854,90
15,3,14831.0929664755,90
16,3,14522.3341310816,140
17,3,14546.8980989559,140
18,3,15098.0408892995,90
19,3,17093.0451126145,140
20,3,18742.5819939515,140
21,3,19406.8810768751,140
22,3,19371.7298768945,90
23,3,18725.0620219521,140
24,3,17478.9790979084,140
1,4,15911.7140758149,90
2,4,14598.3019487876,0
3,4,13867.7898651082,140
4,4,13544.2500454709,140
5,4,13505.7340653762,140
6,4,14066.7510832176,140
7,4,15598.9169036169,0
8,4,17234.4799280744,0
9,4,17885.5029072892,0
10,4,18654.3079609852,0
11,4,18806.8230853435,320
12,4,18563.1351404041,320
13,4,18040.2102273908,180
14,4,17529.3891316503,340
15,4,17151.8682040554,320
16,4,16830.6449686289,320
17,4,16710.4150111526,360
18,4,16975.0330111943,360
19,4,18680.6087918952,320
20,4,20225.5430349205,320
21,4,20886.5978784095,320
22,4,20913.8519070689,320
23,4,20179.6340669431,270
24,4,18841.3349635489,270
1,5,17058.9480308387,270
2,5,15602.2578786514,320
3,5,14822.4299560124,270
4,5,14461.6390840365,270
5,5,14427.1281544529,270
6,5,14728.3080415241,320
7,5,16098.1828785073,320
8,5,17458.6050915308,270
9,5,17941.9609703477,320
10,5,18567.619988434,320
11,5,18561.4200600144,290
12,5,18166.7400027104,320
13,5,17570.2549528014,270
14,5,17045.9178565405,320
15,5,16614.9989592871,320
16,5,16201.0859866105,320
17,5,16057.777974261,320
18,5,16264.0088964645,320
19,5,17844.2657651212,320
20,5,19145.6879304722,320
21,5,19622.5949886348,320
22,5,19545.7780519184,320
23,5,18848.7968683857,320
24,5,17831.0490077585,270
1,6,16599.3690177612,270
2,6,15394.3737782743,320
3,6,14519.0889565386,320
4,6,13984.0688425805,270
5,6,13777.090902919,270
6,6,13740.2068654578,270
7,6,14121.4720127545,270
8,6,14647.3260056581,230
9,6,14983.7017961834,230
10,6,15762.5480235592,230
11,6,15833.9418981886,230
12,6,15487.0200433731,230
13,6,15089.731043864,230
14,6,14568.2950385306,230
15,6,14088.7359585036,180
16,6,13771.1979716914,270
17,6,13713.4360495163,270
18,6,14053.8981313081,230
19,6,15795.2299727192,360
20,6,17103.1439624242,0
21,6,17463.0250799684,0
22,6,17319.1960377172,270
23,6,16630.4829318207,270
24,6,15961.0408310713,270
1,7,15077.0509614088,0
2,7,14135.7350279745,270
3,7,13426.935005974,270
4,7,12953.3140755687,270
5,7,12702.0338398088,270
6,7,12536.2060460299,270
7,7,12639.2779265326,270
8,7,12697.0448515005,0
9,7,12663.4010018231,0
10,7,13393.1221538642,0
11,7,13838.8649956426,320
12,7,13873.7709620678,320
13,7,13742.4929265324,360
14,7,13411.4761013808,360
15,7,12966.7809152621,340
16,7,12788.6959936433,360
17,7,12816.7460405743,360
18,7,13352.7259972328,320
19,7,15165.6099853562,320
20,7,16563.3839368736,360
21,7,17144.0091513358,320
22,7,17106.8650774974,320
23,7,16489.8629031796,320
24,7,15508.1391186398,360
1,1,14284.7269542255,320
2,1,13310.5239974633,360
3,1,12759.1980355177,320
4,1,12565.8960382752,360
5,1,12566.7850994635,360
6,1,12934.5759064797,360
7,1,14410.6101626027,0
8,1,15780.2750429548,360
9,1,16216.2030802965,340
10,1,16818.7808639985,320
11,1,16909.7830417417,320
12,1,16837.2631405257,0
13,1,16445.182871161,320
14,1,16068.2378911395,360
15,1,15771.579983158,320
16,1,15438.402821945,360
17,1,15357.3409799449,340
18,1,15598.0459780376,0
19,1,16999.5191822536,0
20,1,18076.4311052468,360
21,1,18639.4650311917,360
22,1,18466.8090097234,0
23,1,17768.8638054952,360
24,1,16579.4799983371,360
1,2,15104.9707948957,50
2,2,13970.0060264096,320
3,2,13270.2000149451,320
4,2,13034.5060609058,320
5,2,13005.0941007584,320
6,2,13371.5380077846,320
7,2,14579.983017806,320
8,2,15857.2811230104,320
9,2,16157.494170554,320
10,2,16644.2661807258,320
11,2,16795.9970035907,270
12,2,17037.7439193018,320
13,2,16748.1378696915,270
14,2,16420.6188657954,270
15,2,16020.5128752515,230
16,2,15675.1490496099,230
17,2,15532.8891144786,230
18,2,15708.3640341684,230
19,2,17155.5099846274,140
20,2,18143.8749403302,180
21,2,18511.4568915162,140
22,2,18280.8819946051,140
23,2,17504.5999854542,140
24,2,16459.2937933244,90
1,3,15194.0071992148,140
2,3,14096.0579018202,90
3,3,13339.8961412273,90
4,3,12903.9899863163,90
5,3,12619.2840520069,90
6,3,12536.7329671327,90
7,3,12638.1581054199,90
8,3,13058.475023238,140
9,3,13327.7200717255,140
10,3,14080.4489757298,90
11,3,15005.5828334689,90
12,3,15776.6269596275,90
13,3,16203.9768200442,140
14,3,16200.4440423902,140
15,3,16044.32404631,140
16,3,16033.220156474,140
17,3,16093.792031331,140
18,3,16606.4081606511,140
19,3,18257.6790241599,90
20,3,19293.5529259499,140
21,3,19792.3991793506,140
22,3,19697.5222424474,180
23,3,18938.107822815,140
24,3,17703.4840342738,180
1,4,16140.6900915541,140
2,4,14814.3220784236,180
3,4,14007.9820304886,140
4,4,13734.3621585108,140
5,4,13724.9179850183,90
6,4,14190.8580666306,140
7,4,15607.7698995546,140
8,4,17244.2400361542,90
9,4,17857.1268806756,140
10,4,18693.0299976114,90
11,4,19019.7392095476,90
12,4,19108.1668468714,90
13,4,18664.958257271,70
14,4,18334.0950349467,70
15,4,18039.7490773331,50
16,4,17733.6631608121,50
17,4,17703.3552308138,50
18,4,18076.7610903438,50
19,4,19902.7840310913,50
20,4,21057.322165871,90
21,4,21499.1030063871,90
22,4,21165.821968155,90
23,4,20331.567856865,50
24,4,18870.7807390466,50
1,5,17128.8581585828,50
2,5,15599.4169938192,90
3,5,14768.0781892631,90
4,5,14434.5901217591,140
5,5,14340.4440112598,140
6,5,14574.3859749287,110
7,5,15870.6002118867,110
8,5,17281.4969995711,110
9,5,17703.85696798,110
10,5,18354.6958982609,110
11,5,18504.770955625,140
12,5,18442.3911258029,140
13,5,17982.6998624802,140
14,5,17615.3399757613,90
15,5,17247.0558959376,180
16,5,16940.7499100892,180
17,5,16953.4588038377,140
18,5,17392.2181367173,50
19,5,18924.7220229069,50
20,5,19929.7817410408,50
21,5,20275.131958778,90
22,5,20026.9769561803,90
23,5,19315.6102540838,50
24,5,18326.8770430973,50
1,6,16971.2688917192,50
2,6,15625.9027854307,50
3,6,14788.5430486174,50
4,6,14204.0110655623,90
5,6,13996.5039197067,0
6,6,13916.8948805137,0
7,6,14254.8412269754,90
8,6,14865.9991730442,90
9,6,15231.861965836,90
10,6,16204.5730124083,0
11,6,16722.7509998488,360
12,6,16860.8420310142,20
13,6,16699.0929632275,360
14,6,16507.3621771734,360
15,6,16164.9589380636,360
16,6,15857.4080607863,360
17,6,15880.2478832952,360
18,6,16343.3939192663,50
19,6,17885.963927838,0
20,6,18958.9090610771,90
21,6,19138.7810268505,90
22,6,18936.848785772,90
23,6,18250.1110163024,0
24,6,17347.9328912692,0
1,7,16224.3878304558,0
2,7,15075.6141338376,230
3,7,14162.2351500401,230
4,7,13622.1549729304,230
5,7,13331.4181541046,230
6,7,13205.0631265836,230
7,7,13203.0970175704,230
8,7,13328.1318530086,230
9,7,13346.5418396555,140
10,7,14162.9130874285,180
11,7,15037.6429777248,180
12,7,15449.6728234142,180
13,7,15606.7182828384,180
14,7,15436.8152465145,180
15,7,15068.4409115957,180
16,7,15074.0499270866,90
17,7,15231.379878494,140
18,7,15858.9178766913,180
19,7,18029.6179364501,200
20,7,19479.3180768238,230
21,7,20168.5210497184,180
22,7,20269.5069211014,200
23,7,19587.6713792793,230
24,7,18387.3050080072,230
1,1,16761.7968311626,230
2,1,15445.6378607266,270
3,1,14645.1609773785,230
4,1,14271.4440384284,270
5,1,14355.2539835963,230
6,1,14821.6728613991,270
7,1,16314.7250964548,230
8,1,18156.3279797919,230
9,1,18979.7710936889,230
10,1,19953.6667227279,230
11,1,20431.3522314876,180
12,1,20708.4701133072,180
13,1,20340.9512017965,180
14,1,20037.7331481166,230
15,1,19742.6858758926,180
16,1,19564.7339505693,180
17,1,19454.5000321763,180
18,1,19724.3681933302,180
19,1,21439.6032798551,320
20,1,22706.0119100204,140
21,1,23270.2411383353,180
22,1,23105.5497732665,180
23,1,22206.3241527397,180
24,1,20722.7810393479,180
1,2,18694.9250715487,180
2,2,16965.7869761101,180
3,2,16062.9918683581,180
4,2,15637.3890380003,230
5,2,15693.4690816347,180
6,2,15907.4851698391,0
7,2,17458.3479833771,230
8,2,19119.2479286846,230
9,2,19761.6349830283,0
10,2,20687.8040287215,0
11,2,21075.5638676202,230
12,2,21005.0951261092,230
13,2,20533.6899830569,230
14,2,20166.1009297501,230
15,2,19908.8728873273,230
16,2,19595.3589247148,180
17,2,19572.1939062625,180
18,2,20024.370782828,230
19,2,21845.9379054569,180
20,2,23137.8648319207,0
21,2,23689.9258586075,0
22,2,23588.7761308979,0
23,2,22666.3948594294,0
24,2,20993.8929737657,0
1,3,19029.8631845783,0
2,3,17314.5709338095,0
3,3,16328.0609931164,0
4,3,15907.5899809822,0
5,3,15770.7850239128,0
6,3,16146.2411972117,0
7,3,17517.5047545377,0
8,3,19077.0000317078,0
9,3,19812.684108641,0
10,3,20600.3070828523,90
11,3,20897.0751172844,90
12,3,21015.9950390961,90
13,3,20427.4001336135,0
14,3,20140.9530506879,140
15,3,19817.4200067036,200
16,3,19716.892205229,140
17,3,19679.3600399122,230
18,3,19812.5469039883,230
19,3,21679.9319391679,180
20,3,22841.6602872182,180
21,3,23335.5398973646,230
22,3,23316.9651885787,0
23,3,22467.5017927717,0
24,3,20935.991929937,0
1,4,18864.3960115444,180
2,4,17222.2690521525,0
3,4,16310.9739676993,0
4,4,15858.4938254412,180
5,4,15762.3948497809,180
6,4,16147.3141765185,160
7,4,17546.2839003392,0
8,4,19122.9191407654,180
9,4,19719.3857949618,0
10,4,20542.10588584,0
11,4,20848.2810399216,0
12,4,20709.5682064723,90
13,4,20042.5320575982,110
14,4,19516.5640865713,180
15,4,19189.8109786268,90
16,4,18921.9808881599,140
17,4,18833.6280097179,320
18,4,19212.4670964587,320
19,4,21170.6421791464,0
20,4,22647.4798190221,90
21,4,23255.6880962234,90
22,4,23252.0760554355,90
23,4,22465.5479732789,90
24,4,20946.7612027484,90
1,5,18905.3840129953,90
2,5,17279.8728412343,0
3,5,16353.405969386,90
4,5,15910.2841877379,0
5,5,15864.6730102329,50
6,5,16167.5298913196,0
7,5,17489.6450897194,230
8,5,19070.542073681,0
9,5,19698.4588293321,0
10,5,20459.5269838516,270
11,5,20700.6907939203,320
12,5,20561.7178668827,320
13,5,20024.0249162763,320
14,5,19465.6231729405,360
15,5,19263.899957601,360
16,5,18981.6111258641,360
17,5,18811.3518368006,50
18,5,19194.5360575876,50
19,5,21038.0850708298,50
20,5,22232.0902129337,50
21,5,22705.2267472967,20
22,5,22534.106085388,20
23,5,21745.9346336283,20
24,5,20655.0363050022,360
1,6,19061.0880136425,360
2,6,17510.307113247,360
3,6,16538.6480280906,360
4,6,15918.1709131775,360
5,6,15614.2111093383,50
6,6,15533.0529949982,360
7,6,15846.517000353,360
8,6,16532.3820165638,320
9,6,16955.5679771509,360
10,6,18003.4217739906,320
11,6,18325.5530949719,360
12,6,17995.3461100142,340
13,6,17642.0961020105,320
14,6,16976.9671008457,360
15,6,16383.9726925213,320
16,6,16072.639877903,360
17,6,16171.708895837,360
18,6,16707.3999367384,50
19,6,18629.8460756028,90
20,6,19876.3978155023,90
21,6,20329.9601161294,90
22,6,20109.7359238388,90
23,6,19432.2780178161,50
24,6,18440.9759602882,50
1,7,17332.1399945775,90
2,7,16165.7798517188,0
3,7,15142.9398291353,0
4,7,14556.057021793,360
5,7,14249.5199676733,0
6,7,14136.5508537162,0
7,7,14092.2380225714,0
8,7,14273.3888423946,0
9,7,14197.1268856176,0
10,7,15030.548970276,0
11,7,15877.0681757019,0
12,7,16062.08502775,0
13,7,15832.4433057182,200
14,7,15491.6568425014,140
15,7,14954.5260764011,180
16,7,14746.4949331987,0
17,7,14874.270108826,0
18,7,15571.6011401895,0
19,7,17514.358021331,0
20,7,18943.8102262253,0
21,7,19551.0569416033,270
22,7,19687.3651346043,0
23,7,19138.2941623144,0
24,7,17976.3261058759,0
1,1,16474.2438307535,140
2,1,15117.5330306683,230
3,1,14363.1231218446,0
4,1,14053.8891744296,0
5,1,13999.2430630345,230
6,1,14375.9358585104,0
7,1,15871.8320403025,0
8,1,17588.1441188045,90
9,1,18205.0789261367,0
10,1,18956.8490062626,0
11,1,19336.5081042592,0
12,1,19274.0168186389,230
13,1,18558.3539600801,90
14,1,18004.6161010284,140
15,1,17488.5160342846,230
16,1,17137.8548822682,360
17,1,17016.6230757814,360
18,1,17356.1289426005,360
19,1,18992.6200646339,340
20,1,20482.39919159,0
21,1,21235.4066723231,320
22,1,21227.681989098,320
23,1,20527.8272718862,320
24,1,19286.8719208557,320
1,2,17546.2251074333,0
2,2,16002.8139233869,320
3,2,15126.3259968776,0
4,2,14719.9880966134,0
5,2,14630.0698141977,320
6,2,14937.3691258598,320
7,2,16329.5868201628,270
8,2,18034.8958521411,320
9,2,18519.8540359475,320
10,2,19215.8420903403,270
11,2,19579.2650692631,320
12,2,19439.2731183618,270
13,2,18760.7048581615,320
14,2,18224.2371885367,360
15,2,17990.7059140038,320
16,2,17779.9029710162,360
17,2,17728.4280924676,270
18,2,18129.7550546248,340
19,2,19755.4608630221,320
20,2,21004.2388462145,320
21,2,21611.7520644963,320
22,2,21561.0313169584,320
23,2,20713.226739564,320
24,2,19333.8898919467,360
1,3,17559.3170200475,320
2,3,16030.4012316596,0
3,3,15192.5090953107,0
4,3,14820.2607971393,180
5,3,14789.0168768,180
6,3,15057.7302341703,0
7,3,16442.205920741,0
8,3,18109.4179112744,0
9,3,18489.8690760043,270
10,3,19246.3228731379,320
11,3,19563.2819932492,0
12,3,19416.8309216732,90
13,3,18839.2319529913,320
14,3,18321.7359303385,320
15,3,17944.7697744481,320
16,3,17656.7389099896,320
17,3,17657.5199349187,320
18,3,18258.6370118186,320
19,3,19912.1538874377,320
20,3,21143.5472808182,0
21,3,21661.5607976392,360
22,3,21581.3480841964,320
23,3,20791.2439670525,270
24,3,19460.8926259596,320
1,4,17663.5429014377,320
2,4,16147.8310191128,0
3,4,15318.1299696509,0
4,4,14932.7140926626,0
5,4,14804.8918427099,230
6,4,15163.4980212245,230
7,4,16377.0190731902,0
8,4,17850.4141160565,230
9,4,18335.7680006903,270
10,4,19192.123899586,180
11,4,19520.7091463301,0
12,4,19676.8549520895,230
13,4,19156.8158794493,230
14,4,18522.911861157,230
15,4,17953.1891376637,200
16,4,17638.0950328819,230
17,4,17726.2768413834,180
18,4,18169.0522643663,180
19,4,19867.9498591982,180
20,4,21117.1659267452,180
21,4,21622.9980883077,230
22,4,21605.873928424,180
23,4,20788.6972843632,140
24,4,19483.3381253141,140
1,5,17699.2071873676,140
2,5,16284.8590717129,140
3,5,15399.1339665242,180
4,5,15085.9881997833,180
5,5,14989.6321144532,180
6,5,15359.7291457392,140
7,5,16780.5980140846,180
8,5,18476.8520148546,180
9,5,19158.137198234,180
10,5,20025.1010544617,230
11,5,20379.9527092427,230
12,5,20266.7030503489,180
13,5,19756.9120792615,180
14,5,19372.7279218901,180
15,5,19130.3180881571,180
16,5,18911.7531630173,180
17,5,18835.7611674871,230
18,5,19316.074845843,180
19,5,21037.3972925451,180
20,5,22351.5750026442,180
21,5,22794.3512037881,230
22,5,22596.3847238589,180
23,5,21823.7460286729,230
24,5,20708.3639916163,230
1,6,19118.884836223,180
2,6,17618.4510985613,230
3,6,16614.8621125165,270
4,6,16081.9302097186,180
5,6,15772.444110116,230
6,6,15749.7909004409,230
7,6,16070.3419300802,230
8,6,16795.6620315742,180
9,6,17371.5530241933,230
10,6,18621.8491717037,230
11,6,18978.1959766559,180
12,6,18563.7739586364,180
13,6,17835.3301218599,180
14,6,17143.1928191483,180
15,6,16641.0139160119,200
16,6,16264.9289865596,200
17,6,16223.5910002529,230
18,6,16781.0629504705,230
19,6,18899.1968245124,230
20,6,20440.2218862092,0
21,6,20950.7011457095,0
22,6,20758.3348945444,0
23,6,20097.2598069711,0
24,6,19123.7642863011,270
1,7,17958.2408231022,0
2,7,16605.9459557077,0
3,7,15675.2969694352,0
4,7,15056.1209949767,230
5,7,14762.9620498763,0
6,7,14627.9379543075,230
7,7,14766.5730443569,0
8,7,14967.5157716936,0
9,7,15009.3699347908,0
10,7,15875.2629208071,230
11,7,16388.51998802,0
12,7,16113.9219466834,0
13,7,15527.7987823661,180
14,7,14906.4228719934,0
15,7,14339.5840267623,340
16,7,14004.629995029,320
17,7,14049.9790800278,340
18,7,14856.6120130145,360
19,7,17153.6928672688,50
20,7,19026.9298597509,360
21,7,19889.5018494418,0
22,7,20060.5980682187,320
23,7,19520.1610787157,0
24,7,18323.2299294379,360
1,1,16747.0918834973,360
2,1,15399.0408161581,320
3,1,14738.5161039643,360
4,1,14350.4110285249,320
5,1,14379.2619800884,320
6,1,14832.7302056085,320
7,1,16434.6989707481,320
8,1,18057.9689825922,320
9,1,18718.1418280583,320
10,1,19564.9319875948,320
11,1,19667.459005883,320
12,1,19332.4289822858,320
13,1,18635.9301752998,320
14,1,17904.3559849057,50
15,1,17445.6060753157,320
16,1,17121.5069969185,320
17,1,16935.6830319474,360
18,1,17254.0211405177,320
19,1,19051.4616709175,360
20,1,20516.3060821705,360
21,1,21302.3449668828,320
22,1,21370.0720367748,360
23,1,20655.1957405731,360
24,1,19322.7432317375,360
1,2,17514.1668596324,360
2,2,16044.2760459874,360
3,2,15237.3799960325,320
4,2,14853.964916531,320
5,2,14771.0209282655,360
6,2,15040.6769023724,360
7,2,16469.1371175312,320
8,2,18054.9250795916,320
9,2,18594.6789043136,340
10,2,19119.2598838964,320
11,2,19191.783958368,320
12,2,18941.7209181394,320
13,2,18354.3680869191,320
14,2,17809.9090540409,290
15,2,17480.3291225694,320
16,2,17221.8779914398,360
17,2,17140.4071943071,50
18,2,17479.6438359972,50
19,2,19214.0211083032,0
20,2,20538.5079417936,360
21,2,21234.3359194398,50
22,2,21293.9242900517,50
23,2,20540.527190771,360
24,2,19216.9511156026,360
1,3,17361.791055752,360
2,3,15972.8811095413,360
3,3,15113.5788325351,320
4,3,14756.5301240701,0
5,3,14730.1601308454,0
6,3,15054.824719606,360
7,3,16449.6430509575,320
8,3,18017.2050312851,360
9,3,18499.5649049766,320
10,3,19031.8240883611,360
11,3,19020.0099696051,320
12,3,18712.1230314821,320
13,3,17963.8259641547,290
14,3,17255.3700602595,360
15,3,16829.2318875492,320
16,3,16481.5249804035,360
17,3,16484.323050539,360
18,3,16867.2240471467,360
19,3,18536.7258853018,360
20,3,19863.3401619159,0
21,3,20542.1068977267,360
22,3,20595.4082484189,360
23,3,19954.0372204818,360
24,3,18777.6701825298,320
1,4,17051.1563924439,320
2,4,15679.0741168447,0
3,4,14868.2419234198,0
4,4,14480.8040036988,0
5,4,14411.3427834213,0
6,4,14685.6879716422,0
7,4,16018.5919189788,0
8,4,17621.7490101121,0
9,4,18086.4261443298,140
10,4,18590.6190464981,0
11,4,18697.0951558622,360
12,4,18517.0370261986,360
13,4,17997.0599770732,360
14,4,17506.715952999,360
15,4,17185.9831042117,320
16,4,16839.7498720083,0
17,4,16702.7339834422,0
18,4,16997.6329062805,180
19,4,18785.8190028649,140
20,4,20098.9070188627,140
21,4,20685.9147298858,140
22,4,20750.4470637105,180
23,4,20071.3809395339,140
24,4,19052.8550223839,180
1,5,17558.6449096408,140
2,5,16166.1932173055,140
3,5,15163.1419951092,230
4,5,14701.9320166353,180
5,5,14410.4930886086,180
6,5,14351.5041637691,180
7,5,14692.490878758,230
8,5,15363.6800452955,230
9,5,15776.9719418212,230
10,5,16830.716254564,230
11,5,17498.3977881931,230
12,5,17582.6558560152,230
13,5,17282.1480538789,230
14,5,16996.1419083048,230
15,5,16634.4970352077,230
16,5,16417.1020970689,230
17,5,16544.4889341253,230
18,5,17129.784076347,230
19,5,19045.5336788995,230
20,5,20451.3429988557,230
21,5,21002.1438302128,200
22,5,20988.0219468372,230
23,5,20356.8870154219,180
24,5,19352.757948014,180
1,6,18034.3649784466,0
2,6,16704.044903283,230
3,6,15779.0860443553,0
4,6,15188.7348153694,270
5,6,14907.3940316057,230
6,6,14854.0069597783,230
7,6,15238.1771333674,230
8,6,15912.3368275752,270
9,6,16427.6188763184,270
10,6,17637.9168955437,270
11,6,18009.7130466132,270
12,6,17709.3129610843,270
13,6,17132.1831738157,270
14,6,16606.2008152935,270
15,6,16056.9000219395,270
16,6,15755.4830637476,230
17,6,15718.0828999458,270
18,6,16248.715904518,270
19,6,18216.282132742,320
20,6,19660.2730128644,320
21,6,20203.5106313247,320
22,6,20218.7648602081,320
23,6,19752.4544086894,320
24,6,18827.175889533,270
1,7,17554.5460447269,290
2,7,16341.3428849736,270
3,7,15365.2741400348,290
4,7,14744.5292319413,270
5,7,14345.2269740673,320
6,7,14209.7401199043,290
7,7,14337.6290393965,290
8,7,14625.8870965806,270
9,7,14770.3400889253,270
10,7,15683.5533004752,270
11,7,16183.4229820995,270
12,7,15836.8100399501,270
13,7,14997.4831455722,270
14,7,13948.688140478,270
15,7,13353.2201475413,230
16,7,13207.8189388718,270
17,7,13369.0829423671,230
18,7,13997.9101752853,230
19,7,16129.4849898405,0
20,7,17815.7470681965,0
21,7,18539.3021355271,0
22,7,18793.5648332927,140
23,7,18475.999962464,140
24,7,17746.0499613211,140
1,1,16666.6639962671,90
2,1,15434.7478480041,140
3,1,14610.7990527656,90
4,1,13989.6670513162,50
5,1,13741.0389516447,90
6,1,13698.0809762739,90
7,1,13943.5168601098,90
8,1,14466.2970525539,0
9,1,14611.8930216851,140
10,1,15434.9137746166,90
11,1,16154.7930201078,90
12,1,16309.3168808301,50
13,1,16283.7490321631,50
14,1,16009.2108382331,50
15,1,15586.5690436857,50
16,1,15288.3400749466,0
17,1,15321.5361119891,320
18,1,16071.7941331952,50
19,1,18069.4450011299,90
20,1,19692.6291867429,90
21,1,20320.0010388596,50
22,1,20245.6840271568,50
23,1,19496.879008064,50
24,1,18197.3539838009,50
1,2,16562.8487778083,50
2,2,15120.346888165,360
3,2,14273.6668972522,360
4,2,13925.3340471145,50
5,2,13916.2619374711,90
6,2,14448.2400948456,90
7,2,15974.271914457,90
8,2,17709.3911892828,90
9,2,18403.3792258762,90
10,2,19193.8109951951,90
11,2,19623.7031489364,110
12,2,19580.8770824185,90
13,2,19141.1251197811,140
14,2,18699.1809612922,140
15,2,18448.672051474,140
16,2,18418.5311754178,90
17,2,18389.7240246572,140
18,2,18867.8271364085,140
19,2,20718.9417865127,90
20,2,21907.1219894245,140
21,2,22385.8896092258,140
22,2,22431.5871802159,140
23,2,21599.3509751166,50
24,2,20110.2980679497,90
1,3,18196.4948063474,140
2,3,16615.1410883032,90
3,3,15771.390215488,140
4,3,15370.7959449757,140
5,3,15267.7449340913,90
6,3,15544.7100795079,90
7,3,17030.0781606492,90
8,3,18871.9021228962,140
9,3,19648.2061299086,140
10,3,20508.5259840414,110
11,3,21072.2481581066,110
12,3,21457.1611898188,140
13,3,21470.1328585052,90
14,3,21353.1650106572,90
15,3,21288.2762685334,70
16,3,21048.0880019292,90
17,3,21058.2150087645,90
18,3,21253.7500486784,90
19,3,22828.7679774272,140
20,3,23885.241654342,140
21,3,24303.0447185915,90
22,3,24103.5401979573,90
23,3,23144.5439849235,90
24,3,21514.3353090677,140
1,4,19399.9766844939,90
2,4,17641.7090656124,90
3,4,16631.1179497167,90
4,4,16151.922046734,140
5,4,16060.173049951,140
6,4,16348.0449672947,140
7,4,17607.82716408,140
8,4,19434.4199670888,140
9,4,20118.0549432132,90
10,4,20886.9750772733,140
11,4,21355.2849285696,140
12,4,21451.1447819788,90
13,4,21142.0789083764,140
14,4,20967.6720569935,90
15,4,20974.5950351041,110
16,4,20832.2399469204,90
17,4,20782.1478731576,50
18,4,21108.7737853583,90
19,4,22608.7518888507,90
20,4,23588.2029089732,50
21,4,24012.2011930216,90
22,4,23881.468139695,90
23,4,22969.5750496499,140
24,4,21361.7938215062,140
1,5,19223.2589674573,90
2,5,17541.3229754213,90
3,5,16530.3077677842,90
4,5,16061.4180188533,140
5,5,15892.1700548958,90
6,5,16100.865170842,90
7,5,17406.6948929578,140
8,5,19136.092932824,90
9,5,19810.7010472715,90
10,5,20648.3777064122,90
11,5,21163.6972020753,90
12,5,21165.1180578843,90
13,5,20787.7370503508,90
14,5,20384.5278613064,90
15,5,20263.9209129754,90
16,5,20049.6040170174,50
17,5,19939.5460279379,90
18,5,20186.5640393626,90
19,5,21759.4150839467,180
20,5,22729.2390784007,140
21,5,23024.0011593979,90
22,5,22870.9127371069,50
23,5,22142.9690429009,90
24,5,21016.7547922293,90
1,6,19401.3810930504,140
2,6,17827.7570097595,90
3,6,16756.3910806943,140
4,6,16133.047963935,140
5,6,15835.6789788082,90
6,6,15812.3410350755,140
7,6,16110.6940366179,90
8,6,16812.2609412447,90
9,6,17481.4499254748,140
10,6,18619.5739386864,90
11,6,19344.597969234,90
12,6,19384.6730096973,90
13,6,19050.8480560258,90
14,6,18544.9119386859,90
15,6,18158.445998881,50
16,6,17900.0839674426,140
17,6,18064.0358677628,90
18,6,18780.6581074516,90
19,6,20608.4079333553,90
20,6,21622.738058351,140
21,6,21908.6752478229,140
22,6,21635.0850379458,140
23,6,20880.3951782146,90
24,6,19842.4390375791,90
1,7,18498.4911684757,90
2,7,17107.143214711,90
3,7,16059.0188989099,140
4,7,15377.2972457847,90
5,7,14940.3239604244,90
6,7,14736.7710373988,50
7,7,14801.678909746,50
8,7,15071.7670959299,360
9,7,15170.6338088047,50
10,7,15971.9220981204,50
11,7,17029.6031804564,50
12,7,17719.6251492514,340
13,7,17866.8747876654,320
14,7,17742.7941085318,360
15,7,17627.6741989548,360
16,7,17733.4711754215,360
17,7,17879.9382078829,360
18,7,18552.582026931,360
19,7,20245.4178170906,360
20,7,21347.3327425914,360
21,7,21803.2010891661,50
22,7,21862.097070707,50
23,7,21260.135373014,360
24,7,19849.7699753735,50
1,1,17965.4859625734,50
2,1,16435.7430270165,360
3,1,15579.9941320866,360
4,1,15126.6940704398,360
5,1,15060.9008345399,320
6,1,15414.3310846612,270
7,1,16829.3201045934,320
8,1,18529.6889637932,320
9,1,19452.7499270644,320
10,1,20333.1443797536,270
11,1,20950.9811017456,270
12,1,21076.8587896917,320
13,1,20900.9531988054,320
14,1,20511.8638464585,270
15,1,20411.2038432155,0
16,1,20211.3186675624,270
17,1,20161.4818505272,320
18,1,20419.692187719,320
19,1,21788.6871530795,320
20,1,22692.5680361502,0
21,1,23271.1671868339,320
22,1,23100.3739647903,0
23,1,22181.0647612987,270
24,1,20665.0239736587,230
1,2,18599.9687480368,230
2,2,16843.8308417965,180
3,2,15901.7499597427,180
4,2,15482.7930732127,0
5,2,15387.8660840057,230
6,2,15645.7228873689,230
7,2,16965.2707958501,270
8,2,18611.5299268831,230
9,2,19225.1332444828,230
10,2,19929.380996462,230
11,2,20344.2081457525,230
12,2,20434.0361822434,230
13,2,19965.3921713345,180
14,2,19495.1261220705,230
15,2,19177.1780047771,230
16,2,18799.2499278281,180
17,2,18420.3401455246,230
18,2,18406.0919929734,230
19,2,20124.6932347342,0
20,2,21647.0959638041,230
21,2,22423.7602377962,0
22,2,22582.7828992568,0
23,2,21876.2188653797,0
24,2,20574.6790297553,0
1,3,18584.2499954812,270
2,3,16950.5388210826,270
3,3,16005.7118683308,270
4,3,15565.9678772669,270
5,3,15478.7931444626,270
6,3,15787.5620756689,270
7,3,17182.5470378213,270
8,3,18845.6959877796,270
9,3,19361.5522085652,270
10,3,19947.3570452407,270
11,3,19966.0880247913,270
12,3,19630.774237277,270
13,3,18792.7989355028,290
14,3,18182.1761158705,270
15,3,17643.5978512596,270
16,3,17333.119885657,320
17,3,17197.7709972318,320
18,3,17423.5888547804,270
19,3,19122.597889455,320
20,3,20551.4738909397,320
21,3,21216.8589106817,320
22,3,21271.4300992023,320
23,3,20697.6421345063,320
24,3,19515.7560004164,320
1,4,17697.6629483514,230
2,4,16124.0419972092,0
3,4,15212.6289624851,320
4,4,14880.5499082282,0
5,4,14823.5561133847,0
6,4,15131.4660755843,320
7,4,16453.2120784242,270
8,4,18062.0350502916,230
9,4,18537.1669447422,180
10,4,19113.2621409297,180
11,4,19130.1888917778,180
12,4,18786.153019717,140
13,4,18100.367171088,110
14,4,17496.2391138263,180
15,4,17101.9369879626,180
16,4,16781.4158176389,140
17,4,16675.1820772439,180
18,4,16962.6088062841,340
19,4,18824.3619298525,360
20,4,20417.7460174263,50
21,4,21250.0590456184,50
22,4,21387.5772529542,50
23,4,20799.5741864517,50
24,4,19566.3918854985,50
1,5,17856.1682158876,50
2,5,16372.5019281926,50
3,5,15501.4108953457,50
4,5,15052.7858997956,360
5,5,14950.499890496,360
6,5,15261.5950844884,360
7,5,16588.5850638263,360
8,5,18226.2271036673,360
9,5,18727.7320343833,360
10,5,19339.1041243168,360
11,5,19505.5330843385,360
12,5,19478.1818858234,360
13,5,19300.2248602769,360
14,5,19087.6090630293,360
15,5,18906.973073028,360
16,5,18734.3839059547,360
17,5,18662.0949655157,320
18,5,18877.484081259,360
19,5,20025.1930042785,360
20,5,21025.9402030744,50
21,5,21268.5939413328,90
22,5,20987.9349337704,360
23,5,20141.2411026508,320
24,5,19084.0179294981,320
1,6,17758.151119858,270
2,6,16429.9200018663,230
3,6,15485.8380815219,230
4,6,14924.6279930249,270
5,6,14696.4630535785,230
6,6,14637.2560738847,230
7,6,14965.3039376773,180
8,6,15597.08283519,180
9,6,16064.0179998446,180
10,6,17114.8868948631,160
11,6,17540.2738132086,180
12,6,17370.6500305608,180
13,6,16942.8398567382,140
14,6,16329.6616827939,180
15,6,15820.3577252347,230
16,6,15592.7271274519,230
17,6,15608.9480683859,180
18,6,16180.2381542781,230
19,6,18066.2161364974,180
20,6,19586.1397288833,180
21,6,20104.6938849734,0
22,6,19929.6529518552,0
23,6,19331.3987572519,0
24,6,18457.8101447308,0
1,7,17394.3548081345,0
2,7,16211.3651252557,0
3,7,15297.0891488935,0
4,7,14761.9280646043,0
5,7,14360.6759602595,0
6,7,14190.2759162057,0
7,7,14276.2550225016,0
8,7,14534.8210113058,0
9,7,14575.0440234346,270
10,7,15450.2361867847,270
11,7,16200.1580919642,360
12,7,16271.646087395,20
13,7,16063.6090343101,320
14,7,15596.9710315848,50
15,7,15096.2348952759,50
16,7,14921.6200456014,50
17,7,14985.0391408829,50
18,7,15691.045969828,90
19,7,17756.8440731233,90
20,7,19522.7870865259,90
21,7,20251.769779467,90
22,7,20414.7832938377,50
23,7,19880.240064973,90
24,7,18673.4508206341,90
1,1,16912.1991081163,90
2,1,15619.5669638924,90
3,1,14819.7298725545,50
4,1,14442.525075987,50
5,1,14360.945014691,320
6,1,14706.3691629227,50
7,1,16158.5539253149,50
8,1,17815.9408422913,90
9,1,18677.4940091986,50
10,1,19532.0269054808,50
11,1,19889.3040646948,90
12,1,20030.2850362677,140
13,1,19600.3203101601,50
14,1,19109.0499513447,90
15,1,18743.2519164216,140
16,1,18660.713957116,180
17,1,18501.8619667254,180
18,1,18639.8248528093,180
19,1,20006.4612459522,180
20,1,21187.911188174,180
21,1,21653.9799355287,140
22,1,21683.2519977465,140
23,1,20883.551950248,140
24,1,19420.2121255938,140
1,2,17665.0538159814,140
2,2,16119.1091057844,140
3,2,15292.5169445295,140
4,2,14843.9890917893,140
5,2,14743.9851490185,140
6,2,15047.1041742358,140
7,2,16444.3199954722,140
8,2,17960.7348721642,90
9,2,18656.3400411587,90
10,2,19177.2040745784,50
11,2,19367.573185876,20
12,2,19160.824992476,50
13,2,18717.0869918093,50
14,2,18134.4560075123,20
15,2,17813.4221394192,20
16,2,17483.3408905696,50
17,2,17349.7599046808,50
18,2,17574.3351688031,360
19,2,19375.6468907017,50
20,2,20934.9677771442,50
21,2,21695.4566918537,50
22,2,21725.1502436288,50
23,2,21003.6840646192,50
24,2,19697.9610457438,360
1,3,17859.3439396927,50
2,3,16278.347062448,50
3,3,15400.2680254616,50
4,3,14972.0448800602,50
5,3,14881.0030312557,360
6,3,15145.3930479919,360
7,3,16436.6448073983,360
8,3,17987.5770270564,360
9,3,18582.8098729979,360
10,3,19163.210945616,360
11,3,19541.7180084288,360
12,3,19681.2189904004,360
13,3,19376.5622028317,360
14,3,19047.7009137515,360
15,3,18882.9189507477,360
16,3,18478.2949715797,360
17,3,18385.7579707559,320
18,3,18657.2409601806,0
19,3,19758.1372447684,0
20,3,20793.8412133642,0
21,3,21083.381020369,0
22,3,20913.5398999229,270
23,3,20105.2439179623,180
24,3,18869.480063902,180
1,4,17247.7590147154,180
2,4,15747.3868637718,230
3,4,14882.3508005496,180
4,4,14515.4559278954,180
5,4,14455.557065133,180
6,4,14753.3890495505,200
7,4,16103.473816596,200
8,4,17865.1750622913,230
9,4,18547.6010901146,180
10,4,19324.2241091859,180
11,4,19673.6419979949,180
12,4,19627.9789058845,230
13,4,19022.9189801961,180
14,4,18456.5770284366,230
15,4,18088.5881540105,230
16,4,17790.6940939333,230
17,4,17604.81890273,230
18,4,17841.5391360391,230
19,4,19571.9930954296,230
20,4,21188.8562622033,0
21,4,21961.1968452483,0
22,4,21997.0198651962,0
23,4,21322.3290673415,270
24,4,20085.6391367444,270
1,5,18295.6368707456,0
2,5,16764.4631430097,0
3,5,15848.073953989,0
4,5,15404.094978895,0
5,5,15350.4679537825,0
6,5,15716.9678972382,0
7,5,17044.1699804664,50
8,5,18673.6042570171,0
9,5,19401.6848837342,50
10,5,20112.3667937983,50
11,5,20283.6020443738,50
12,5,20171.9923589751,50
13,5,19743.1001370978,360
14,5,19311.4248788878,50
15,5,19065.3190378081,360
16,5,18963.1598581001,50
17,5,18862.6429376099,50
18,5,18983.9210921787,50
19,5,20288.9760518447,90
20,5,21329.8477869984,50
21,5,21601.079095412,50
22,5,21292.1897299346,50
23,5,20437.2499782611,360
24,5,19322.8780141426,20
1,6,17797.361013771,50
2,6,16465.4278970929,50
3,6,15378.0019810414,360
4,6,14865.9998658346,50
5,6,14494.8789110379,50
6,6,14260.064926411,320
7,6,14249.10577757,360
8,6,14680.9108792683,360
9,6,14749.5591076156,340
10,6,15507.7689972064,360
11,6,16001.6178829107,360
12,6,16004.551972785,360
13,6,15873.294162361,320
14,6,15636.5359943844,320
15,6,15194.0969325313,360
16,6,14723.8199041979,360
17,6,14499.1690297192,360
18,6,14641.852083412,360
19,6,16113.7701264629,360
20,6,17244.5310421186,360
21,6,17455.1518371897,360
22,6,17142.1880624583,360
23,6,16485.136031969,360
24,6,15611.3148517394,360
1,7,14602.5831928663,360
2,7,13604.5429263664,320
3,7,12843.1619745223,320
4,7,12315.7729266575,320
5,7,12042.2479084646,320
6,7,11939.6540624378,320
7,7,12042.4940049639,320
8,7,12191.9151038723,320
9,7,11986.1341596907,320
10,7,12450.428034571,320
11,7,13068.4900296698,320
12,7,13523.0961592476,270
13,7,13742.0268299652,230
14,7,13733.2261281717,180
15,7,13514.9968846771,140
16,7,13420.3720438795,140
17,7,13447.3529256522,140
18,7,13875.00415126,180
19,7,15453.2619961081,140
20,7,16667.7540362286,140
21,7,17167.7211041739,140
22,7,17256.0889256801,90
23,7,16867.2880994529,140
24,7,15991.953187855,140
1,1,14847.7880939245,140
2,1,13842.1130664349,140
3,1,13221.1240953188,140
4,1,12885.084122695,140
5,1,12945.4279885925,50
6,1,13336.9869720656,140
7,1,14655.523212757,140
8,1,16229.1110111931,140
9,1,17091.5071282052,140
10,1,18026.5170664117,140
11,1,18889.8026956897,140
12,1,19283.7678976171,140
13,1,19257.9608258773,140
14,1,19104.5330296606,140
15,1,18934.8779863939,140
16,1,18625.0359302759,140
17,1,18491.3442360424,140
18,1,18550.6470185407,140
19,1,19818.9839855898,140
20,1,21028.7239515595,140
21,1,21612.3800145593,140
22,1,21577.2900728397,180
23,1,20762.1100530066,180
24,1,19550.073882062,180
1,2,17861.4999892972,180
2,2,16447.1050187703,180
3,2,15552.7369358446,180
4,2,15041.8920604028,180
5,2,14987.9620604627,140
6,2,15323.6651129946,180
7,2,16565.161214238,180
8,2,18311.5900004003,180
9,2,19112.9899927899,140
10,2,20034.0130477007,230
11,2,20343.7930357233,230
12,2,20158.1729309848,90
13,2,19568.9840005804,180
14,2,18995.7609275021,230
15,2,18709.9892577063,270
16,2,18392.4298306033,320
17,2,18296.6140350385,270
18,2,18462.3159626788,320
19,2,20173.8190429294,360
20,2,21912.6193200443,320
21,2,22748.1628710944,320
22,2,22741.378916109,320
23,2,21937.7856581584,320
24,2,20503.58067354,320
1,3,18588.717191318,320
2,3,17052.0898724068,320
3,3,16107.9631736903,320
4,3,15550.9982100055,320
5,3,15425.5339366607,320
6,3,15765.7149254251,360
7,3,17037.1310367286,320
8,3,18521.0032203011,320
9,3,19273.9408911001,320
10,3,20047.8928435761,320
11,3,20146.3380055204,320
12,3,19814.2546672747,320
13,3,19153.2219929416,320
14,3,18539.5268284543,320
15,3,18072.0020669885,320
16,3,17729.3188675661,320
17,3,17611.0591652705,320
18,3,17835.6420835005,360
19,3,19424.8952712761,360
20,3,21068.2582726963,360
21,3,21714.1700344197,360
22,3,21788.3589940518,50
23,3,21137.6621640213,50
24,3,19795.0611333437,140
1,4,18061.0289054047,360
2,4,16531.4830318913,360
3,4,15571.9479276666,360
4,4,15192.172905812,360
5,4,15072.7231074441,360
6,4,15260.4089601189,50
7,4,16346.3961541802,50
8,4,17819.0940298457,360
9,4,18323.4510685392,50
10,4,18863.3641291484,360
11,4,19177.0770135912,360
12,4,18967.2869099807,50
13,4,18542.4938202314,340
14,4,18412.751937693,50
15,4,18199.9368482735,50
16,4,18064.9039217792,50
17,4,17942.7190682422,90
18,4,17986.5680406597,50
19,4,19223.7129811887,90
20,4,20466.5351606775,140
21,4,20989.4199401103,90
22,4,20891.7847631779,50
23,4,20119.7438666709,180
24,4,18960.7622518528,180
1,5,17366.8618686215,140
2,5,15954.2550865496,140
3,5,15118.9618899691,0
4,5,14715.8660867771,230
5,5,14600.125032248,230
6,5,14865.7579930127,140
7,5,15917.7280057184,140
8,5,17304.3697624933,140
9,5,18033.4128202852,140
10,5,18840.3681653682,140
11,5,19332.8560464121,90
12,5,19603.3618977033,140
13,5,19610.4119466394,140
14,5,19529.0571177378,140
15,5,19488.2071559019,140
16,5,19355.0210003406,140
17,5,19244.2471754532,140
18,5,19434.0388657553,180
19,5,20644.2249953141,140
20,5,21537.8058813415,140
21,5,21770.3190607624,140
22,5,21500.0067474758,140
23,5,20696.7630180819,140
24,5,19594.1768615469,140
1,6,18099.4000297841,140
2,6,16690.2091071417,140
3,6,15685.1558225099,140
4,6,15187.0908612739,140
5,6,14894.614925371,140
6,6,14639.2501109764,140
7,6,14966.9291592408,140
8,6,15765.0509366822,140
9,6,16192.8668295601,140
10,6,17306.7739742117,140
11,6,18218.7279821369,140
12,6,18593.7520253581,140
13,6,18673.5579832117,140
14,6,18510.9918253347,140
15,6,18370.8621604852,180
16,6,18329.6918471651,180
17,6,18264.8057757402,180
18,6,18534.7942139199,180
19,6,19759.1691426067,140
20,6,20977.7398658628,180
21,6,21354.677877448,180
22,6,21139.8319660211,180
23,6,20452.0680670319,180
24,6,19587.3330452624,180
1,7,18253.1169120139,200
2,7,16980.4029109236,230
3,7,15975.0839727568,230
4,7,15314.5310358126,230
5,7,14952.3300766004,230
6,7,14821.480880362,230
7,7,14906.7058202196,230
8,7,15133.8990673525,320
9,7,15125.9481632714,270
10,7,16056.5431197891,270
11,7,16777.0871151788,230
12,7,16941.1690898268,320
13,7,16623.9681863887,270
14,7,16077.9687638367,320
15,7,15482.3421137063,320
16,7,15192.2330298489,270
17,7,15242.1231178781,320
18,7,15781.5650393171,270
19,7,17567.9448814737,270
20,7,19437.8159158817,320
21,7,20409.3492059587,320
22,7,20762.6257921569,320
23,7,20291.2839932926,320
24,7,19282.4561067838,320
1,1,17716.4910446517,270
2,1,16337.4629092254,270
3,1,15386.1690703323,270
4,1,14975.8040136509,320
5,1,14887.401989162,320
6,1,15172.3229727056,270
7,1,16279.1868406236,320
8,1,17807.1798361335,320
9,1,18797.0558579862,230
10,1,20007.2180187404,320
11,1,20401.2417666838,230
12,1,20271.0252200626,230
13,1,19661.5929066557,230
14,1,18993.1238535997,0
15,1,18516.0591611571,230
16,1,18020.7380816657,230
17,1,17793.1291813347,230
18,1,17774.7118424587,180
19,1,19223.6131613664,230
20,1,20941.5322091728,230
21,1,21745.3320657928,140
22,1,21920.9398714062,140
23,1,21297.3471762957,140
24,1,20007.0421487521,140
1,2,18421.0679922476,140
2,2,16824.3618360236,140
3,2,15868.7849947028,90
4,2,15391.2520797456,140
5,2,15294.3657490611,90
6,2,15526.5170337595,140
7,2,16442.2519915793,90
8,2,17926.6081479006,0
9,2,18827.0099375658,110
10,2,19858.6699500773,360
11,2,20120.9501738865,360
12,2,19851.9498599656,360
13,2,19210.9709182531,320
14,2,18594.3591541853,360
15,2,18047.949220052,320
16,2,17553.2908306588,360
17,2,17341.819897756,360
18,2,17418.3918296099,360
19,2,18906.344005093,360
20,2,20700.5079395566,360
21,2,21389.3938399516,360
22,2,21386.9028901383,360
23,2,20793.8228542171,360
24,2,19582.9320025295,360
1,3,17982.7040776461,360
2,3,16513.3728539096,320
3,3,15596.2441445906,320
4,3,15164.0530578345,320
5,3,14950.4600254744,360
6,3,15183.017146904,320
7,3,16045.996171046,320
8,3,17318.6240372527,320
9,3,18162.9250431582,320
10,3,18956.8358697984,320
11,3,19065.0398798492,360
12,3,18726.0509292111,320
13,3,18087.1458464526,20
14,3,17550.7190598231,360
15,3,17015.2711283937,360
16,3,16623.0128767359,50
17,3,16490.4629679228,320
18,3,16599.8958608937,360
19,3,17960.599108709,360
20,3,19225.9861860909,320
21,3,19569.1620086394,320
22,3,19269.0890301596,270
23,3,18456.5171246175,270
24,3,17446.4131631423,320
1,4,16306.498045614,270
2,4,15251.293985894,270
3,4,14494.7631187849,270
4,4,14003.6980550587,230
5,4,13900.2102024537,270
6,4,14188.9730440695,270
7,4,14945.7490368467,0
8,4,16098.7318176515,230
9,4,16719.3388807308,230
10,4,17495.2060821131,180
11,4,17835.5869277474,180
12,4,17784.8278854564,140
13,4,17483.7730554529,140
14,4,17255.7351495661,140
15,4,16884.9638311714,90
16,4,16623.6220105328,50
17,4,16447.3959229994,50
18,4,16623.327147698,50
19,4,18021.7460986692,50
20,4,19472.1341799814,50
21,4,20067.4189065769,50
22,4,20056.9568149839,50
23,4,19365.7041719938,50
24,4,18352.2908940907,50
1,5,16876.4038439933,50
2,5,15622.1447823215,50
3,5,14820.9829575568,50
4,5,14359.9130845182,50
5,5,14310.8178740013,50
6,5,14423.8400914278,50
7,5,15348.6021198556,90
8,5,16572.381987296,90
9,5,17349.2358860001,90
10,5,18243.3571196832,140
11,5,18547.9951411244,20
12,5,18332.6688785199,360
13,5,17837.3289868459,50
14,5,17256.7219552491,90
15,5,16674.305950013,90
16,5,16203.6459837966,50
17,5,15962.4722198062,50
18,5,16018.8370262701,90
19,5,17145.5159899425,90
20,5,18591.0549523793,90
21,5,19064.7530515101,360
22,5,18788.5889359331,90
23,5,18150.2929289695,90
24,5,17318.1751308329,50
1,6,16258.8208307251,90
2,6,15129.5518694893,50
3,6,14348.9968425687,50
4,6,13879.1969693936,50
5,6,13626.9079093188,50
6,6,13470.2630638238,270
7,6,13703.0788578577,50
8,6,14220.7689887397,50
9,6,14370.500132909,360
10,6,15134.1261946335,50
11,6,15667.6109309271,50
12,6,15844.8321189359,360
13,6,15755.5152320582,50
14,6,15486.0330034979,360
15,6,15101.458034303,360
16,6,14799.9050884908,320
17,6,14762.9759188639,360
18,6,14910.7141126804,360
19,6,15976.3220969914,50
20,6,17104.0119675816,360
21,6,17323.1821581469,360
22,6,17016.9179849875,0
23,6,16315.1430117049,0
24,6,15478.8619613991,0
1,7,14567.1889045191,90
2,7,13619.0388997744,90
3,7,12852.0688515761,0
4,7,12450.8429535816,90
5,7,12222.1510523808,90
6,7,12109.6979700149,90
7,7,12124.5630138785,0
8,7,12285.3049196609,90
9,7,12051.7220889768,90
10,7,12567.8140184032,90
11,7,13282.757938168,90
12,7,13841.6350165391,90
13,7,14170.2459957404,90
14,7,14186.6591540976,90
15,7,13889.9429847179,90
16,7,13697.7210402517,50
17,7,13630.1221150672,90
18,7,13815.5518631926,90
19,7,15225.0899304496,90
20,7,16502.2131249857,90
21,7,17002.9819409854,50
22,7,17032.0710750705,90
23,7,16529.3879486098,90
24,7,15616.536918571,90
1,1,14468.4709911792,90
2,1,13461.2849649898,90
3,1,12793.8039565495,90
4,1,12500.4800570103,90
5,1,12494.2950503825,90
6,1,12738.9869706779,90
7,1,13731.9960232356,90
8,1,14991.0349378111,90
9,1,15711.5690563534,90
10,1,16569.4301341241,90
11,1,17285.0810957188,50
12,1,17786.4227732914,0
13,1,17920.197068397,90
14,1,17940.7092028782,360
15,1,17678.7199210227,50
16,1,17340.7139796837,50
17,1,17144.7617482115,50
18,1,17007.6950369272,50
19,1,17783.446847083,50
20,1,18794.1008788568,50
21,1,19126.0110635067,50
22,1,18866.1440222857,360
23,1,17968.9300432242,50
24,1,16770.5028388946,50
1,2,15398.5789647251,360
2,2,14166.8290723306,360
3,2,13434.4598590387,360
4,2,13065.9611648135,20
5,2,12996.960013343,0
6,2,13242.8271529432,0
7,2,14095.5878789574,90
8,2,15221.9469077457,90
9,2,15763.8328896889,90
10,2,16424.52912708,90
11,2,16914.6030008849,50
12,2,17116.0759500526,50
13,2,17018.6919542253,360
14,2,16838.598839324,360
15,2,16535.8350585103,50
16,2,16220.9961473215,50
17,2,16076.696129201,50
18,2,16001.6369430311,50
19,2,16888.3809452467,50
20,2,17887.9360765754,50
21,2,18050.117093237,50
22,2,17861.8101107029,90
23,2,16974.6318435514,90
24,2,15908.660060552,90
1,3,14696.9420777522,90
2,3,13563.5721627194,90
3,3,12926.4431437142,90
4,3,12561.2378878593,50
5,3,12490.3249848187,50
6,3,12678.2079464141,50
7,3,13559.2960356427,50
8,3,14672.672848668,320
9,3,15178.745027164,20
10,3,15845.0029556528,360
11,3,16404.0199070778,20
12,3,16804.7681830376,70
13,3,16936.1939077042,50
14,3,16929.3759001922,50
15,3,16783.1940206251,20
16,3,16659.3680109698,50
17,3,16603.6119612446,90
18,3,16663.8118958864,50
19,3,17583.1281256285,50
20,3,18430.4580341405,90
21,3,18680.7591082322,90
22,3,18340.1068852803,50
23,3,17478.4249589889,90
24,3,16406.7820954137,180
1,4,15120.498884229,180
2,4,14008.8771163542,140
3,4,13223.9770344626,140
4,4,12899.6869296933,140
5,4,12851.4080549739,140
6,4,13123.8730745167,180
7,4,14077.6490759589,180
8,4,15406.1258752197,180
9,4,16020.6249365285,180
10,4,16859.8130719885,180
11,4,17467.7637809813,180
12,4,17656.3930509854,180
13,4,17517.9569156487,180
14,4,17107.9648889899,180
15,4,16821.87511309,180
16,4,16484.8098674901,180
17,4,16391.3708586879,180
18,4,16486.8619040493,180
19,4,17603.0401311405,180
20,4,19114.344024885,180
21,4,19725.9710788985,180
22,4,19702.306820724,180
23,4,19121.7862953634,180
24,4,18006.5669683665,230
1,5,16642.4099520443,180
2,5,15353.4629211295,180
3,5,14557.7058971934,230
4,5,14222.7041381169,180
5,5,14080.4779057428,180
6,5,14340.8678618418,180
7,5,15362.4460071223,0
8,5,16717.3079642123,230
9,5,17418.8459008439,0
10,5,18206.7350235078,230
11,5,18464.9380193241,230
12,5,18257.6451181527,270
13,5,17602.1840951256,180
14,5,17046.5258527808,230
15,5,16432.9609331097,230
16,5,16002.5610438306,230
17,5,15743.6350992057,230
18,5,15659.3260376081,230
19,5,16910.2511468306,270
20,5,18462.5898627152,270
21,5,18988.5119836642,320
22,5,18989.265774641,320
23,5,18407.0888382084,320
24,5,17511.2350377308,320
1,6,16420.2309980113,320
2,6,15339.0011076666,320
3,6,14525.0680167954,320
4,6,14018.8919990882,320
5,6,13821.5398217887,270
6,6,13854.7191363126,270
7,6,14089.9549958147,270
8,6,14589.7470663507,270
9,6,14904.0078388955,0
10,6,15662.2879297379,0
11,6,15879.2600157391,230
12,6,15595.5568768736,230
13,6,15024.0048827501,230
14,6,14442.5920171104,230
15,6,13890.0369108813,230
16,6,13557.6289675599,230
17,6,13467.1189278299,230
18,6,13764.3619127767,360
19,6,15143.8391504576,320
20,6,16717.6369659759,320
21,6,17250.4112303467,320
22,6,17197.7960720703,320
23,6,16574.7009235646,360
24,6,15871.124809819,320
1,7,14982.5020288628,360
2,7,14069.8848359854,320
3,7,13299.8431128848,320
4,7,12833.4069907115,270
5,7,12635.4189935614,270
6,7,12501.086106342,320
7,7,12515.4209193334,320
8,7,12604.6300583862,0
9,7,12377.7771057496,0
10,7,12936.5430576215,50
11,7,13513.1088094702,360
12,7,13559.5891325073,360
13,7,13536.6599437641,360
14,7,13138.0630840797,270
15,7,12633.2910498111,360
16,7,12386.3200475043,320
17,7,12304.6080834782,360
18,7,12641.0730034532,360
19,7,14143.000842304,50
20,7,16105.8941759304,50
21,7,16909.0430595565,0
22,7,17103.8868241373,90
23,7,16694.7958309053,90
24,7,15684.1819628403,90
1,1,14466.0950404312,90
2,1,13434.3718500063,90
3,1,12827.2779821828,0
4,1,12532.5078265034,50
5,1,12500.6279435223,50
6,1,13003.5761344228,0
7,1,14413.1270285398,0
8,1,15886.3200934883,0
9,1,16397.1490549818,0
10,1,16996.6969887074,0
11,1,17260.4228999708,0
12,1,17034.2680058954,340
13,1,16558.8629774209,360
14,1,15983.3750108834,320
15,1,15536.9339552261,50
16,1,15194.491931092,340
17,1,15039.218989512,50
18,1,15240.5660288185,50
19,1,16399.2850014586,50
20,1,18048.5138726986,50
21,1,18765.9440537014,50
22,1,18786.4469580438,50
23,1,18047.3127921575,360
24,1,16759.1139606162,20
1,2,15373.2480829116,50
2,2,14247.2919287607,50
3,2,13618.7009879714,50
4,2,13295.0261101052,50
5,2,13277.2260901011,50
6,2,13553.8990320228,50
7,2,14788.6429363918,50
8,2,16193.8930238057,360
9,2,16716.6520365756,360
10,2,17352.5359191671,360
11,2,17666.3621178586,360
12,2,17627.845931273,50
13,2,17193.0980997644,50
14,2,16777.6579229757,50
15,2,16394.6318288855,50
16,2,16077.410925433,50
17,2,15863.0870202556,50
18,2,15901.5379038546,50
19,2,17078.6139457487,90
20,2,18611.0560655012,90
21,2,19110.1962515709,50
22,2,19011.1152066772,50
23,2,18162.7549785356,50
24,2,16969.1521567124,140
1,3,15377.826928841,140
2,3,14252.8810331151,90
3,3,13626.0780374948,140
4,3,13340.5301151816,140
5,3,13357.1289631855,140
6,3,13833.6780402157,0
7,3,14994.7150889076,0
8,3,16463.5531627834,50
9,3,16845.407030995,140
10,3,17439.905970281,230
11,3,18021.2318596579,140
12,3,18384.2361193895,90
13,3,18257.146947749,90
14,3,17965.7249471021,90
15,3,17713.5871792194,140
16,3,17331.9288304877,140
17,3,17111.9199430346,90
18,3,17190.6080117263,140
19,3,18273.5929387715,90
20,3,19637.937966743,140
21,3,20067.5198242477,140
22,3,19906.0390442626,140
23,3,19067.2440551332,90
24,3,17850.2750393413,90
1,4,16246.7140641585,140
2,4,14974.2052768189,90
3,4,14218.2837705184,140
4,4,13940.2600389887,140
5,4,13902.9469743185,90
6,4,14219.2651177999,160
7,4,15356.1388884373,90
8,4,16916.7130750008,90
9,4,17371.558060918,140
10,4,18189.6740994174,140
11,4,18746.3469468635,140
12,4,19059.0439583734,160
13,4,18933.6049454175,140
14,4,18593.7909082063,160
15,4,18147.8568773009,110
16,4,17790.4708302203,140
17,4,17551.2759095159,180
18,4,17490.2460366283,180
19,4,18480.8618351202,200
20,4,20302.8356963319,180
21,4,20974.8861246645,180
22,4,20893.2387184256,180
23,4,20183.3579725728,230
24,4,18889.5980375482,230
1,5,17273.8068167623,0
2,5,15950.9448018149,270
3,5,15149.5030678338,270
4,5,14803.912939079,270
5,5,14714.0749857938,270
6,5,15059.4110341314,270
7,5,16340.9229390807,230
8,5,17866.1659219302,230
9,5,18340.7959849909,180
10,5,18987.5800975356,140
11,5,19085.446987208,230
12,5,18694.5270998944,180
13,5,17991.7499595899,180
14,5,17382.2021003738,180
15,5,16929.6298675723,140
16,5,16512.6351336259,230
17,5,16289.1680792002,140
18,5,16287.0530676097,160
19,5,17464.8190031629,50
20,5,19221.8510620387,20
21,5,19880.403044719,360
22,5,19831.2029457295,50
23,5,19199.2111102303,50
24,5,18289.9779987074,360
1,6,17027.7869455162,50
2,6,15885.5699921101,0
3,6,15085.509935407,0
4,6,14618.4058461711,0
5,6,14331.9820907321,320
6,6,14299.924079245,320
7,6,14610.0110344756,320
8,6,15104.8370006066,360
9,6,15559.0599904414,0
10,6,16382.6281245835,50
11,6,16547.2160305604,50
12,6,16242.6039710604,320
13,6,15827.163020879,320
14,6,15313.3189783022,50
15,6,15063.3378795236,50
16,6,14984.462021762,50
17,6,15030.8410594156,50
18,6,15379.5199616635,50
19,6,16686.4750800906,50
20,6,18316.4752224004,90
21,6,18832.0590956666,90
22,6,18623.4458125819,90
23,6,18053.3109044161,90
24,6,17220.7959392322,90
1,7,16180.5240767774,50
2,7,15102.1120819794,90
3,7,14283.5379699236,90
4,7,13744.6739583528,50
5,7,13458.2328543765,50
6,7,13270.709998698,50
7,7,13336.2209608434,90
8,7,13369.392944728,90
9,7,13312.2250771159,50
10,7,13934.7969899857,90
11,7,14534.5158385201,70
12,7,14813.8968858317,50
13,7,14864.8991080276,50
14,7,14608.4251650469,50
15,7,14160.7780095944,50
16,7,14016.9100276128,50
17,7,14059.6810750617,90
18,7,14643.0179692846,50
19,7,16235.389137418,50
20,7,18148.099883894,50
21,7,19026.4850317584,90
22,7,19200.4181406907,90
23,7,18604.1019934098,90
24,7,17453.5488907562,90
1,1,15973.5510988683,90
2,1,14898.0729078632,90
3,1,14167.3670235854,140
4,1,13836.2799440324,140
5,1,13795.5509780794,140
6,1,14191.5068876147,180
7,1,15654.9199336916,140
8,1,17111.3898233604,140
9,1,17818.6620701369,90
10,1,18674.2230676226,90
11,1,19161.1567735262,90
12,1,19380.6307659221,50
13,1,19129.6859795209,50
14,1,18758.6360009387,50
15,1,18531.6950324774,50
16,1,18249.9238850027,50
17,1,18110.5840554489,90
18,1,18211.6541114654,90
19,1,19396.7611273918,90
20,1,20877.2668808652,90
21,1,21585.4351844692,50
22,1,21517.8320998268,90
23,1,20748.6150271033,90
24,1,19202.5188134592,140
1,2,17355.4959354112,140
2,2,15916.7620072206,140
3,2,15085.4441197561,90
4,2,14709.7629823992,50
5,2,14631.6868809811,70
6,2,14906.0050650816,90
7,2,16267.7700609657,90
8,2,17716.5102110743,20
9,2,18292.8619482405,140
10,2,19094.1538730245,90
11,2,19652.270852739,90
12,2,19654.2891979907,90
13,2,19193.7470082175,90
14,2,18597.5340255685,90
15,2,18244.3350308724,50
16,2,17860.74216168,90
17,2,17676.2339927666,50
18,2,17731.3651170116,50
19,2,18770.9189358,50
20,2,20485.7860105224,50
21,2,21263.3722521942,50
22,2,21386.3396898974,50
23,2,20674.5973525271,50
24,2,19311.4727360103,360
1,3,17535.2358647324,50
2,3,16053.0140560921,360
3,3,15195.8010488842,50
4,3,14833.6891081929,360
5,3,14764.2340789549,360
6,3,15041.264103312,360
7,3,16236.5090002697,50
8,3,17545.4958050679,360
9,3,18214.3349763192,360
10,3,18970.4609426223,360
11,3,19019.0941590648,320
12,3,18831.7261841912,320
13,3,18287.1789609697,360
14,3,17752.8358603837,360
15,3,17345.5370569993,340
16,3,17059.4400620176,360
17,3,16794.6790126227,360
18,3,16807.8298681276,340
19,3,17961.7660955414,360
20,3,20006.1110286079,360
21,3,20764.8680998925,50
22,3,20950.9531882256,360
23,3,20285.5858380403,360
24,3,18998.6628178973,320
1,4,17306.0469692834,320
2,4,15925.2790289614,320
3,4,15009.9551712628,320
4,4,14657.7260563113,320
5,4,14578.2550736349,320
6,4,14877.417937573,360
7,4,16213.6721255761,320
8,4,17538.1258375142,320
9,4,17913.2559396755,320
10,4,18562.432104202,320
11,4,18585.3811820159,320
12,4,18266.1917513944,320
13,4,17580.6100011971,320
14,4,17009.9439055938,320
15,4,16534.0731740054,340
16,4,16108.6001471831,360
17,4,15821.1392708095,360
18,4,15894.4550405962,320
19,4,16932.7040155693,320
20,4,18865.9900428355,320
21,4,19574.6079414953,320
22,4,19650.5940577947,320
23,4,19079.5192371346,320
24,4,17893.368983468,320
1,5,16357.5119658764,320
2,5,15057.7639500666,320
3,5,14423.4040823188,320
4,5,14040.6060437243,320
5,5,13986.8620564137,320
6,5,14236.2329231761,320
7,5,15422.6439820509,320
8,5,16696.750259785,320
9,5,17149.78897685,320
10,5,17606.7269597165,320
11,5,17596.189924916,360
12,5,17257.049922185,320
13,5,16806.6001241263,320
14,5,16251.2528996151,360
15,5,15950.7829627171,360
16,5,15521.9069874529,360
17,5,15289.8590610195,360
18,5,15352.2020079214,360
19,5,16266.4970183931,360
20,5,17795.4428689983,50
21,5,18162.3389098477,360
22,5,18086.909155447,360
23,5,17259.1750597656,50
24,5,16382.2341722827,0
1,6,15239.2629061881,90
2,6,14212.4348697271,0
3,6,13471.6410575937,0
4,6,13083.998100426,360
5,6,12946.2310628816,360
6,6,12875.7559753172,0
7,6,13194.7490872033,0
8,6,13503.7331155688,0
9,6,13719.8921402907,0
10,6,14425.2630646005,0
11,6,14538.3740924764,320
12,6,14367.0698989946,50
13,6,14105.1230917755,360
14,6,13721.9150926601,320
15,6,13264.1350587932,360
16,6,12940.4389738673,360
17,6,12868.419099431,320
18,6,12981.1579737323,50
19,6,14040.698043325,50
20,6,15642.8730453318,50
21,6,15989.2349592997,50
22,6,15794.6440270944,360
23,6,15113.7209135937,50
24,6,14438.1889025429,20
1,7,13521.330038446,340
2,7,12665.6470422009,360
3,7,12034.1579437321,360
4,7,11593.9650781332,360
5,7,11397.0579566872,360
6,7,11318.0009673694,360
7,7,11438.6450235518,360
8,7,11320.1239388911,360
9,7,11252.5960225323,360
10,7,11863.7888674638,360
11,7,12303.5080536858,360
12,7,12446.4139856375,360
13,7,12551.3580210893,360
14,7,12296.9978921018,360
15,7,11894.5479381229,360
16,7,11718.0290350909,360
17,7,11690.6179965115,360
18,7,11812.243876073,50
19,7,12873.852926285,360
20,7,14298.9310065294,360
21,7,14692.3200428961,360
22,7,14577.5649714107,360
23,7,14066.059105943,320
24,7,13414.3140700748,340
1,1,12517.5329999523,320
2,1,11660.9711309234,320
3,1,11084.7821264965,320
4,1,10731.9730487419,270
5,1,10517.1600667657,230
6,1,10570.2429788215,140
7,1,10787.6689028488,110
8,1,10786.5060192226,90
9,1,10882.4369927468,90
10,1,11808.1260863277,140
11,1,12680.6550226635,140
12,1,13258.1269912808,160
13,1,13746.2590932599,200
14,1,13801.9718588307,200
15,1,13537.9999937871,180
16,1,13320.3038254394,180
17,1,13331.392912339,230
18,1,13500.304086016,230
19,1,14578.2710367753,230
20,1,16456.8330726204,230
21,1,17272.8449880322,230
22,1,17468.1091176653,230
23,1,16796.2210051212,230
24,1,15767.7709703837,270
1,2,14521.5648512412,270
2,2,13466.1469042017,270
3,2,12841.5410156543,270
4,2,12532.8740114211,270
5,2,12549.3399157985,270
6,2,13051.0762028722,270
7,2,14497.6059345803,270
8,2,15799.6748067355,270
9,2,16391.6018681657,320
10,2,17233.5418682862,250
11,2,17403.7950366177,270
12,2,17375.4119604453,270
13,2,16840.7339151874,270
14,2,16333.4469776694,270
15,2,15965.5860881673,270
16,2,15599.3579228632,270
17,2,15361.8938424662,290
18,2,15483.7131271204,320
19,2,16265.4118858501,230
20,2,17786.3800310846,360
21,2,18421.1740666423,320
22,2,18389.8632136825,320
23,2,17704.138235962,320
24,2,16522.2908283714,320
1,3,15052.3319809968,320
2,3,13964.2741099326,320
3,3,13328.8370070951,360
4,3,13023.3578684004,320
5,3,13030.5609113937,320
6,3,13277.9961629473,320
7,3,14542.0049529886,90
8,3,15754.842073963,0
9,3,16189.9807736781,230
10,3,17007.1980307782,230
11,3,17581.8770334688,180
12,3,17886.8429089198,140
13,3,17835.5149938017,180
14,3,17559.2861538269,230
15,3,17225.7739451658,230
16,3,16886.1918810327,230
17,3,16663.8769364376,200
18,3,16802.2621990247,180
19,3,17620.5440241899,180
20,3,19450.9161260156,230
21,3,20144.5741965566,230
22,3,20167.3477492277,230
23,3,19425.5638921559,230
24,3,18243.3921895064,230
1,4,16556.3659156822,230
2,4,15232.8051317278,230
3,4,14526.418999725,230
4,4,14176.2959450316,230
5,4,14103.3019998986,180
6,4,14519.72406983,180
7,4,15872.0989267714,230
8,4,17185.2930966057,230
9,4,17844.6679579932,230
10,4,18704.1251422744,180
11,4,18988.4751664465,180
12,4,19006.6931258496,180
13,4,18631.4589535361,180
14,4,18247.2630594783,180
15,4,17795.1737982398,180
16,4,17542.7981704473,180
17,4,17320.126061745,200
18,4,17380.3230865095,180
19,4,18275.3779839147,200
20,4,20306.2200721428,230
21,4,21147.757731365,230
22,4,21222.4908617064,230
23,4,20619.6222277712,180
24,4,19329.2470325958,230
1,5,17506.813992437,230
2,5,16163.5751324445,270
3,5,15359.3940928057,230
4,5,14903.8871832658,230
5,5,14908.4811566919,230
6,5,15231.043881299,230
7,5,16560.4918830227,230
8,5,17938.6669834553,270
9,5,18568.7970843054,270
10,5,19231.6730309092,320
11,5,19260.7530329842,320
12,5,18962.9441213422,320
13,5,18288.1400466627,320
14,5,17597.2529918924,320
15,5,16994.7889694758,320
16,5,16489.1532481089,320
17,5,16124.6608354561,320
18,5,16092.185050521,320
19,5,16900.055172855,270
20,5,18898.2629601695,320
21,5,19676.9649486356,290
22,5,19839.4681682624,320
23,5,19300.6499023326,320
24,5,18470.2170390524,320
1,6,17135.8271550294,270
2,6,16002.8850944508,320
3,6,15031.8881147392,320
4,6,14523.3030493911,320
5,6,14284.4838283565,320
6,6,14256.9403428454,270
7,6,14570.4901137352,270
8,6,14854.2540186793,270
9,6,15422.3048069458,270
10,6,16338.009954663,270
11,6,16480.7428001892,320
12,6,16078.6058509173,320
13,6,15456.3089954164,270
14,6,14827.8559907209,320
15,6,14283.0738959424,360
16,6,13758.0541704455,320
17,6,13567.1170976264,320
18,6,13779.7799765514,50
19,6,14880.5869097998,50
20,6,16957.7119983328,320
21,6,17735.531188502,320
22,6,17744.1320321158,320
23,6,17287.8319010148,320
24,6,16530.5251403106,320
1,7,15603.0851524165,320
2,7,14573.2008722117,270
3,7,13851.4999135835,320
4,7,13362.3119934844,320
5,7,13047.7309422428,270
6,7,12949.6869513886,270
7,7,12978.0369533254,0
8,7,12728.6128161009,0
9,7,12805.0421025826,270
10,7,13556.1638294747,270
11,7,13884.406059064,320
12,7,13757.9699287103,320
13,7,13486.953859285,270
14,7,12977.0201250399,270
15,7,12434.6869256119,0
16,7,12204.5660127397,180
17,7,12152.9211334256,320
18,7,12501.1308626421,320
19,7,13712.2308328543,360
20,7,15945.0081231883,360
21,7,17023.5689848112,0
22,7,17372.026128158,90
23,7,16980.5969744883,90
24,7,16006.1412122063,90
1,1,14809.8951117024,50
2,1,13759.9409257844,90
3,1,13189.0560698137,50
4,1,12903.3149656449,360
5,1,12865.7791718654,360
6,1,13241.5130485231,50
7,1,14770.0079501793,360
8,1,15953.8600040711,50
9,1,16702.9770568106,50
10,1,17454.2310022209,50
11,1,17586.619018741,50
12,1,17485.4719718788,360
13,1,17042.7458293922,360
14,1,16614.3907078151,320
15,1,16311.9481350202,320
16,1,15965.1080500465,90
17,1,15756.9518110137,50
18,1,15661.4059692398,50
19,1,16455.1761984844,50
20,1,18541.5711894948,50
21,1,19398.6018763408,50
22,1,19459.2269739155,50
23,1,18733.3949719332,50
24,1,17463.1451865397,360
1,2,15892.4039577711,360
2,2,14594.5059150737,20
3,2,13948.4698000886,320
4,2,13656.9161141459,340
5,2,13600.3751689056,360
6,2,13882.2399792857,320
7,2,15172.438039599,360
8,2,16249.922963405,360
9,2,16691.4090998508,320
10,2,17293.7188858576,320
11,2,17287.015153259,320
12,2,17053.997181288,360
13,2,16569.3607613761,320
14,2,15958.5240119807,360
15,2,15513.232232416,320
16,2,15162.0599265005,360
17,2,14989.8689776193,360
18,2,14925.8150632363,360
19,2,15647.2369582765,360
20,2,17451.4668043181,360
21,2,18166.9529596511,360
22,2,18058.6391998008,50
23,2,17394.8268692214,50
24,2,16324.3941681646,360
1,3,14826.825985115,360
2,3,13741.3979805745,360
3,3,13130.0489889942,320
4,3,12921.7118954808,320
5,3,12864.0020204894,360
6,3,13268.8860067967,360
7,3,14429.3487470467,320
8,3,15440.4931666199,320
9,3,15767.738046322,360
10,3,16162.238037264,320
11,3,16236.8081390206,320
12,3,16166.1518571004,360
13,3,15893.0319460128,360
14,3,15543.9510485586,320
15,3,15275.2590773925,360
16,3,14984.0690349955,360
17,3,14820.219084993,360
18,3,14751.9228529707,360
19,3,15234.603683034,360
20,3,16765.3886314537,50
21,3,17204.8648985866,50
22,3,16934.7968251295,50
23,3,16193.8449384961,50
24,3,15185.2040245794,360
1,4,13960.6639845669,50
2,4,12921.7399842031,50
3,4,12341.0130281914,50
4,4,12114.1819130853,360
5,4,12064.7428992465,360
6,4,12383.2860137839,360
7,4,13457.4789121859,360
8,4,14376.8780318033,360
9,4,14685.6721509919,0
10,4,15182.0380518921,90
11,4,15374.611297382,360
12,4,15559.4078828432,340
13,4,15492.6750902273,360
14,4,15460.5791588407,320
15,4,15227.1329428498,340
16,4,15043.5799271967,360
17,4,14962.5350618232,360
18,4,14881.8709954247,50
19,4,15294.3349722419,360
20,4,16703.9951371308,360
21,4,17086.6547137089,0
22,4,16688.4670272563,0
23,4,15856.1230356898,0
24,4,14855.658043419,0
1,5,13733.3719947254,0
2,5,12750.4891184308,50
3,5,12230.0650522802,0
4,5,11965.5249985531,0
5,5,12018.2019282151,0
6,5,12254.2709251512,0
7,5,13286.2538309116,360
8,5,14149.7117535789,360
9,5,14523.3329048101,70
10,5,15129.5412013978,70
11,5,15523.1898136828,360
12,5,15667.7949838396,360
13,5,15598.0569762937,360
14,5,15369.9140641,360
15,5,15240.7020438965,320
16,5,15129.7140500993,360
17,5,14973.4870440885,360
18,5,14886.7000164725,360
19,5,15293.9960880892,360
20,5,16597.5960495099,360
21,5,16775.3047714997,360
22,5,16355.8561800793,360
23,5,15481.2800648212,320
24,5,14635.7209797241,320
1,6,13665.55188586,270
2,6,12720.7150226254,270
3,6,12171.0410206839,270
4,6,11842.0109923509,270
5,6,11655.6509860978,270
6,6,11579.2180478936,90
7,6,11832.9200527025,270
8,6,11938.4939606114,270
9,6,12160.1349346393,140
10,6,12983.6479149619,180
11,6,13574.4950793525,180
12,6,13863.6968768444,180
13,6,14029.112044964,180
14,6,13908.5630506631,180
15,6,13636.5868708547,180
16,6,13447.8471526029,160
17,6,13371.338978447,140
18,6,13576.6701503852,140
19,6,14351.831897934,140
20,6,16109.8291105833,140
21,6,16749.6362591395,140
22,6,16590.6907453239,140
23,6,16038.7538863607,140
24,6,15317.4470039783,140
1,7,14494.7658938775,140
2,7,13659.8508912455,140
3,7,13046.2869526101,140
4,7,12620.1809882792,140
5,7,12414.9540564567,140
6,7,12327.9179272922,140
7,7,12389.3290008688,140
8,7,12103.292926182,140
9,7,12309.3581389403,140
10,7,13201.0400801329,180
11,7,13847.646840672,180
12,7,14169.7290285267,140
13,7,14196.8589805411,180
14,7,13893.1100489711,140
15,7,13386.6519889841,140
16,7,13004.6869456964,230
17,7,12903.7778095612,140
18,7,13210.0522031961,140
19,7,14328.457930157,200
20,7,16609.4668168509,140
21,7,17606.0619668961,90
22,7,17884.4000463421,140
23,7,17321.7629136611,90
24,7,16368.6931310166,0
1,1,15059.2139934539,0
2,1,13951.8069540597,0
3,1,13352.2380125523,0
4,1,13121.1019247789,270
5,1,13134.8069780972,270
6,1,13574.783814732,270
7,1,14971.1681283433,270
8,1,16079.3560197447,270
9,1,16973.1110597327,320
10,1,17804.2179741394,270
11,1,18009.2591525186,320
12,1,17868.1681088097,270
13,1,17376.2769522071,360
14,1,16795.753201114,270
15,1,16304.1089452058,320
16,1,15986.1429967172,360
17,1,15722.249110546,360
18,1,15728.4049986601,320
19,1,16517.5408923831,360
20,1,18536.3250259105,320
21,1,19502.9518486522,360
22,1,19589.632995626,320
23,1,18969.871178912,360
24,1,17740.7789155804,360
1,2,16122.4999419283,320
2,2,14872.7918316294,320
3,2,14157.838003898,320
4,2,13894.9630385004,320
5,2,13821.2579448856,360
6,2,14198.115916092,320
7,2,15443.3649881724,320
8,2,16467.7320700549,320
9,2,17060.3592162835,320
10,2,17496.9448787086,360
11,2,17574.8320473433,360
12,2,17436.0179041512,320
13,2,16887.6041022278,320
14,2,16382.76721338,360
15,2,15865.3851179946,360
16,2,15469.0961996838,360
17,2,15361.3757170811,360
18,2,15387.8938263208,360
19,2,16111.9199527353,360
20,2,18001.704046879,50
21,2,18798.8540049754,50
22,2,18723.4889896605,50
23,2,17958.3962034751,50
24,2,16777.5121170226,360
1,3,15237.5129801538,320
2,3,14042.8811402209,360
3,3,13427.6758787427,50
4,3,13196.3141837772,50
5,3,13188.9049450997,360
6,3,13556.9629240274,50
7,3,14695.9119383302,360
8,3,15502.0500650313,360
9,3,15894.028903665,360
10,3,16306.7840520153,360
11,3,16417.1642351234,340
12,3,16427.3929344807,360
13,3,16059.3770555239,360
14,3,15635.0089039486,320
15,3,15155.4861008152,360
16,3,14929.9240727108,340
17,3,14787.4770301096,320
18,3,14843.2480456233,360
19,3,15236.1401950046,50
20,3,16784.9631474167,90
21,3,17373.5760851596,90
22,3,17123.1599552333,90
23,3,16397.8959270511,50
24,3,15424.6151019726,360
1,4,14137.2378866188,360
2,4,13078.8269502576,360
3,4,12501.8978513777,360
4,4,12256.1469131298,320
5,4,12274.5750089828,360
6,4,12565.1838684995,360
7,4,13691.608258537,360
8,4,14663.5107533447,360
9,4,14975.3599587306,360
10,4,15555.6840332318,360
11,4,15980.0480021983,360
12,4,16313.7389158197,140
13,4,16225.7241231352,320
14,4,16206.7340932973,270
15,4,15859.6861432903,90
16,4,15571.9771133736,180
17,4,15464.9339889586,140
18,4,15574.8739652485,180
19,4,16030.6769147199,180
20,4,17376.5739704762,180
21,4,17931.7468570378,180
22,4,17711.8407341873,180
23,4,16923.6869036518,180
24,4,15900.9440656449,140
1,5,14637.5780848749,140
2,5,13673.5379619319,140
3,5,12974.5018457621,140
4,5,12742.6121195999,140
5,5,12631.6478749067,140
6,5,12864.7369474173,140
7,5,13558.8310280517,180
8,5,14005.3289898057,140
9,5,14800.0388041548,140
10,5,15571.6899901107,140
11,5,15947.5148666296,140
12,5,16029.3941200227,140
13,5,15820.0628740005,180
14,5,15400.4010110926,140
15,5,14909.9640260451,140
16,5,14508.6858953582,140
17,5,14328.2898777639,180
18,5,14412.7010881603,140
19,5,15024.1230473723,140
20,5,16860.4249906596,140
21,5,17523.2219343968,140
22,5,17530.3970559854,140
23,5,16937.1470771357,140
24,5,16102.8848768203,140
1,6,15122.0998563301,90
2,6,14175.9691867009,90
3,6,13462.5699365921,90
4,6,13053.0980270887,140
5,6,13018.0170698566,140
6,6,13049.7869663723,0
7,6,13442.8560115742,0
8,6,13452.9719816865,270
9,6,14175.4480235958,320
10,6,15003.7569414964,320
11,6,15138.0960116526,320
12,6,14876.8609000808,320
13,6,14518.0250491975,270
14,6,14036.8361481288,320
15,6,13538.4740039883,320
16,6,13167.007996059,360
17,6,13036.4301150693,320
18,6,13177.6820885283,320
19,6,13977.6239344263,320
20,6,15919.3202145984,320
21,6,16614.0350495437,320
22,6,16538.4710530294,360
23,6,15982.4850653466,320
24,6,15285.4190209238,320
1,7,14439.2861931846,320
2,7,13555.467843364,320
3,7,12891.4760556035,320
4,7,12472.2541527813,320
5,7,12279.5268616267,290
6,7,12210.4931048574,270
7,7,12281.4299369194,290
8,7,11876.3879599692,290
9,7,12121.4490698194,290
10,7,12753.0569096478,290
11,7,13090.9091157867,270
12,7,13124.7090238445,270
13,7,12967.694868898,290
14,7,12633.7288168184,270
15,7,12124.0339451637,270
16,7,11870.6960427277,270
17,7,11753.0450246762,320
18,7,11877.0120328171,320
19,7,12650.0929980474,360
20,7,14740.0468799537,360
21,7,15701.6059695045,360
22,7,15922.6641346347,360
23,7,15515.0031217914,320
24,7,14626.7558883838,320
1,1,13546.4399746303,320
2,1,12631.3290367425,270
3,1,12093.5019716024,270
4,1,11820.7280736119,270
5,1,12006.2479712423,270
6,1,12402.9019606449,270
7,1,13834.8609379493,0
8,1,14700.8608882241,0
9,1,15289.6270612814,270
10,1,15859.9936843049,270
11,1,15933.0958617497,320
12,1,15918.30704985,270
13,1,15674.284914976,0
14,1,15285.6348506566,50
15,1,14815.3110396471,320
16,1,14504.4969768915,320
17,1,14277.4639611617,50
18,1,14271.0029207859,50
19,1,14744.0099274702,360
20,1,16421.5632220842,320
21,1,17223.5532218106,360
22,1,17123.3439028468,360
23,1,16438.6719455216,360
24,1,15406.1500477176,50
1,2,14146.1419703383,360
2,2,13166.1960705146,360
3,2,12671.1420041155,360
4,2,12429.6480084695,360
5,2,12450.3800455034,360
6,2,12785.1430535074,320
7,2,13950.3340965118,360
8,2,14694.3891710527,320
9,2,15236.7172612064,320
10,2,15655.1447948329,340
11,2,15783.2950231247,360
12,2,15805.8990432335,360
13,2,15526.8228089249,320
14,2,15255.6080989344,360
15,2,14933.8828814961,360
16,2,14743.736808572,360
17,2,14687.8449618592,360
18,2,14549.2639665082,360
19,2,14807.7098629605,360
20,2,16493.7059820723,50
21,2,17139.6790515091,50
22,2,16891.2749576122,360
23,2,16159.6479272097,320
24,2,15173.8748509102,360
1,3,13764.3859310169,320
2,3,12767.7311246842,360
3,3,12112.8669363167,360
4,3,11889.9170392994,360
5,3,11860.6450048294,360
6,3,12109.2721049134,360
7,3,13151.2670882922,320
8,3,13740.5801504944,360
9,3,14227.2600546367,320
10,3,14711.000851342,320
11,3,14934.5499144755,320
12,3,15049.7507912274,360
13,3,14903.2662026193,340
14,3,14668.5410855189,360
15,3,14390.227045523,360
16,3,14216.1740511125,360
17,3,14217.8041292634,360
18,3,14136.4520863965,320
19,3,14411.6189030204,320
20,3,15956.2831083797,360
21,3,16488.4491030108,360
22,3,16250.0599679386,360
23,3,15434.6491837632,340
24,3,14370.7919299416,360
1,4,13192.3931451626,340
2,4,12287.8380033691,340
3,4,11757.433024019,340
4,4,11555.8080732003,360
5,4,11616.3210474663,320
6,4,11956.4090118166,320
7,4,13173.1720595676,340
8,4,13741.0319702886,340
9,4,14294.7438372187,320
10,4,14989.6418875568,360
11,4,15249.7130210204,320
12,4,15541.8398299571,360
13,4,15566.1729185907,320
14,4,15365.8379864441,360
15,4,15166.4900738224,50
16,4,14994.5780806635,50
17,4,15013.1550247651,50
18,4,15037.3648319636,90
19,4,15609.4948753845,140
20,4,17010.9199672937,180
21,4,17626.8258925863,140
22,4,17515.0700313356,140
23,4,16817.53603762,140
24,4,15713.8768821675,140
1,5,14470.7310110349,110
2,5,13583.342844367,180
3,5,13004.6741761398,140
4,5,12796.3281151578,180
5,5,12786.9799737874,140
6,5,13105.8660801761,140
7,5,14237.7840615604,140
8,5,14914.158876732,90
9,5,15825.2851976343,140
10,5,16542.4238380147,180
11,5,16867.4189499868,140
12,5,16911.9671836849,90
13,5,16706.951040687,140
14,5,16376.61407331,90
15,5,16100.1819662778,140
16,5,15912.2949002022,180
17,5,15823.6958439173,180
18,5,15903.2510042647,180
19,5,16381.4101448925,140
20,5,18004.6080515543,180
21,5,18805.3568377821,140
22,5,18663.1020780103,230
23,5,18007.088890749,180
24,5,17085.2468860755,140
1,6,15973.942127171,180
2,6,14915.1111106696,140
3,6,14138.567036367,180
4,6,13707.8399174465,230
5,6,13500.5629248312,230
6,6,13499.8069806537,0
7,6,13800.858078179,0
8,6,13794.1530239368,0
9,6,14556.2739958344,230
10,6,15300.1280010436,230
11,6,15398.2639416726,230
12,6,15102.0269766897,230
13,6,14696.9610444773,230
14,6,14128.0080889333,180
15,6,13592.1439794619,140
16,6,13171.7421383513,230
17,6,13036.080072402,230
18,6,13175.1791030327,140
19,6,13849.1750116413,360
20,6,15801.6658258243,360
21,6,16590.4600418406,360
22,6,16575.2360724071,0
23,6,15983.725190348,0
24,6,15280.3500866741,0
1,7,14473.1520963786,0
2,7,13598.1000665976,270
3,7,12974.3489372442,320
4,7,12569.1330793472,320
5,7,12344.4659788823,320
6,7,12268.8399513112,270
7,7,12179.4441284081,0
8,7,11733.6781011438,0
9,7,12061.563012409,320
10,7,12669.5369301513,270
11,7,13034.0668804813,320
12,7,12965.2880055998,270
13,7,12954.5500718728,50
14,7,12673.6359510282,320
15,7,12305.2290402818,320
16,7,12178.4839678481,360
17,7,12376.6140471054,320
18,7,12686.7381365048,320
19,7,13319.0570106674,50
20,7,15198.6749873972,90
21,7,16156.9949065428,50
22,7,16213.7809790634,360
23,7,15699.2790737785,50
24,7,14789.2928026915,50
1,1,13705.7500572801,360
2,1,12755.2690756824,50
3,1,12200.3228981784,50
4,1,11983.6228242312,50
5,1,12069.283050498,50
6,1,12448.101085268,0
7,1,13712.3138320763,140
8,1,14424.899038095,90
9,1,15197.433150962,90
10,1,15738.0398224965,50
11,1,15808.6031598933,360
12,1,15795.3209982933,50
13,1,15661.3429563204,50
14,1,15300.7570446901,360
15,1,14871.7517496608,360
16,1,14577.6129379962,360
17,1,14371.1699213032,360
18,1,14350.6518520601,360
19,1,14808.3439173768,50
20,1,16621.3738000393,360
21,1,17501.4921668712,50
22,1,17518.6761305705,50
23,1,16747.7920155246,50
24,1,15644.1929135993,50
1,2,14370.2438023295,50
2,2,13309.2480151765,50
3,2,12793.4529607184,0
4,2,12517.0259054601,0
5,2,12509.4361115973,0
6,2,12886.7479994483,0
7,2,14069.2558816541,0
8,2,14722.7379302084,160
9,2,15413.2809871789,0
10,2,15917.9291915298,180
11,2,16064.5220721345,90
12,2,16059.2517359834,90
13,2,15764.2649657018,90
14,2,15374.7729619592,90
15,2,15021.6949981097,50
16,2,14776.1909746248,360
17,2,14541.3359071706,340
18,2,14674.8300976641,20
19,2,15059.1260054838,320
20,2,16786.7830409072,50
21,2,17553.4069396891,50
22,2,17405.2258818075,50
23,2,16678.451847285,50
24,2,15609.0531163048,360
1,3,14337.2679402828,360
2,3,13240.2750369217,360
3,3,12706.9630774371,360
4,3,12477.8909975719,360
5,3,12504.4561119545,50
6,3,12820.4269538801,0
7,3,13929.6480215136,0
8,3,14610.6210052725,0
9,3,15197.1451867614,0
10,3,15720.5580264796,0
11,3,15773.4338678606,0
12,3,15742.1721005086,320
13,3,15528.7498749271,320
14,3,15147.9240550436,320
15,3,14764.6950178817,320
16,3,14553.2889020592,360
17,3,14579.2769901268,360
18,3,14406.8580919728,360
19,3,14738.9261486046,360
20,3,16421.0428175647,50
21,3,17273.5281019993,50
22,3,17150.2659796495,360
23,3,16358.2711797636,360
24,3,15309.3819581848,320
1,4,14009.1410298944,360
2,4,13026.1239564586,320
3,4,12508.7230463047,320
4,4,12283.7491016872,360
5,4,12263.5429209433,360
6,4,12524.7539885007,360
7,4,13574.9101598728,320
8,4,14170.4330825359,360
9,4,14792.744953109,320
10,4,15232.5342090409,320
11,4,15366.8549633492,320
12,4,15399.4909864068,320
13,4,15266.2110757101,320
14,4,14971.8512366582,340
15,4,14661.0461633224,360
16,4,14406.7880452126,320
17,4,14384.960029969,360
18,4,14290.1410979386,360
19,4,14612.0038778,20
20,4,16294.0177977718,50
21,4,17002.4170907997,50
22,4,16850.9278719816,0
23,4,16097.5149755664,320
24,4,15071.4610320646,320
1,5,13850.6110068858,360
2,5,12864.4739949349,360
3,5,12298.1430140696,320
4,5,12085.4500846788,360
5,5,12117.0859890692,360
6,5,12410.5650644973,320
7,5,13336.0338020995,360
8,5,13972.4230945706,320
9,5,14693.0451976936,320
10,5,15177.1139765736,360
11,5,15349.9179735128,320
12,5,15525.811114816,320
13,5,15403.6099092737,360
14,5,15086.4900880698,360
15,5,14675.6769853914,320
16,5,14475.6332729124,360
17,5,14396.6958760321,360
18,5,14379.6899346984,360
19,5,14668.4069099817,320
20,5,16197.7928213752,360
21,5,16622.4437815566,360
22,5,16233.2640844025,360
23,5,15460.5548952632,360
24,5,14571.7901631016,360
1,6,13579.8661128581,360
2,6,12708.7979984581,360
3,6,12097.8150057625,360
4,6,11831.3389957193,360
5,6,11710.020997256,360
6,6,11669.2940905411,360
7,6,11820.4589817468,360
8,6,11718.3698735498,360
9,6,12388.6968205776,360
10,6,13193.0808441816,360
11,6,13529.7650722209,360
12,6,13647.3090189993,360
13,6,13687.5490329415,360
14,6,13468.5039682435,360
15,6,13104.5089330645,360
16,6,12894.3279423984,360
17,6,12880.8091342309,360
18,6,12997.4370543351,360
19,6,13387.0018673344,360
20,6,14804.9771049051,360
21,6,15228.2261307901,360
22,6,14807.1549322046,360
23,6,14006.4310230585,360
24,6,13251.581838592,360
1,7,12525.6921034297,360
2,7,11751.0280307187,360
3,7,11206.1889688903,360
4,7,10862.7459727982,320
5,7,10640.9690917265,320
6,7,10598.8900211845,360
7,7,10529.3109277152,360
8,7,10020.2660136037,50
9,7,10339.1230161367,360
10,7,11071.4420117252,360
11,7,11708.0759977084,360
12,7,12105.8670430881,360
13,7,12410.5409999597,340
14,7,12426.2722132234,360
15,7,12148.6699108956,360
16,7,12029.4279693533,50
17,7,12038.5189144565,50
18,7,12236.7259679912,50
19,7,12871.937952403,90
20,7,14293.6059483942,90
21,7,14999.766059001,90
22,7,14922.7459249143,50
23,7,14321.8259125203,140
24,7,13514.6401405204,140
1,1,12553.0760597978,360
2,1,11694.1509658991,270
3,1,11275.8599623684,320
4,1,11091.0340019967,270
5,1,11119.5030844025,270
6,1,11505.7310896926,230
7,1,12573.2769729663,270
8,1,13319.632044632,230
9,1,13997.7219645735,230
10,1,14868.2910322174,230
11,1,15359.0718718395,180
12,1,15639.4548162459,180
13,1,15594.3571209833,200
14,1,15291.2439119275,230
15,1,14806.0721152825,230
16,1,14643.3238936802,180
17,1,14559.2001613993,160
18,1,14441.0110938177,180
19,1,14728.1520717964,230
20,1,16239.3930554986,230
21,1,16977.8649018724,140
22,1,16862.6459464189,180
23,1,15980.1730547268,180
24,1,14911.2649610471,180
1,2,13610.5430609025,180
2,2,12705.8490504771,140
3,2,12213.5369526017,140
4,2,11991.9809435494,140
5,2,11972.0739299431,180
6,2,12343.5600697713,140
7,2,13384.4490695233,140
8,2,14237.6918340242,140
9,2,15030.860173027,110
10,2,15740.3499788695,110
11,2,16052.5108648497,90
12,2,16250.0379361785,90
13,2,16077.7789478144,140
14,2,15701.4348435923,50
15,2,15427.7250037976,320
16,2,15150.8939644992,360
17,2,15059.2000819761,360
18,2,15090.9349723681,360
19,2,15608.8702014312,20
20,2,17155.1361207962,50
21,2,17921.7200085091,90
22,2,17684.2350103119,50
23,2,16810.6618638495,90
24,2,15682.514877608,90
1,3,14368.5031075571,90
2,3,13311.2230634047,90
3,3,12750.3400558727,90
4,3,12516.8078862573,140
5,3,12493.3139590956,140
6,3,12727.4790441124,0
7,3,13588.8059660681,90
8,3,14251.6919068452,140
9,3,15021.1770667173,140
10,3,15761.7551107444,140
11,3,16103.3528630156,50
12,3,16202.4131026529,50
13,3,16238.1360903736,90
14,3,15972.592025809,90
15,3,15718.6832853351,90
16,3,15492.9030814096,360
17,3,15464.3729093336,360
18,3,15493.2858968955,50
19,3,15883.234086385,50
20,3,17411.247867804,90
21,3,18099.9870154811,90
22,3,17947.002961088,90
23,3,17086.7869834099,90
24,3,15950.1309743356,0
1,4,14680.7881008834,50
2,4,13629.1308942381,0
3,4,12984.0799666698,270
4,4,12718.1040026173,270
5,4,12802.8390569948,270
6,4,12981.824139649,270
7,4,13970.6742310412,270
8,4,14583.6999228596,0
9,4,15362.9057816453,230
10,4,15884.4980274159,230
11,4,16048.0070551829,180
12,4,16121.6599419897,180
13,4,15910.6988448873,200
14,4,15573.4589650119,230
15,4,15265.7469001003,230
16,4,15102.9959605988,180
17,4,14976.1769591142,180
18,4,14959.3418797329,180
19,4,15256.0648619607,200
20,4,16977.8410753775,140
21,4,17982.5610013399,140
22,4,17954.5571383759,180
23,4,17248.1870724875,0
24,4,16155.7578750681,230
1,5,14839.652052799,230
2,5,13687.2869074252,0
3,5,13162.1890243217,270
4,5,12791.4189842902,0
5,5,12847.7570560519,230
6,5,13215.1351010036,0
7,5,14144.0719968881,0
8,5,14838.1680737715,270
9,5,15593.8728556111,0
10,5,15978.7278399523,320
11,5,16051.2600863501,270
12,5,15941.9858218655,320
13,5,15611.9890670907,320
14,5,15270.2130918801,0
15,5,14900.1742762681,320
16,5,14646.3039704412,320
17,5,14452.546999637,360
18,5,14400.4809832424,360
19,5,14679.3761909176,320
20,5,16178.0858838204,320
21,5,16958.9710905962,360
22,5,16751.4929467496,340
23,5,16085.5521225755,320
24,5,15267.3868760597,360
1,6,14156.8749299068,360
2,6,13216.2408882221,360
3,6,12635.1090446301,360
4,6,12279.6079706587,360
5,6,12153.501027314,320
6,6,12103.4009106178,320
7,6,12189.9700410608,320
8,6,12064.1249242146,320
9,6,12850.8598396517,320
10,6,13475.0940504819,320
11,6,13716.575126119,320
12,6,13687.74008362,320
13,6,13593.367955748,360
14,6,13358.4988645166,360
15,6,12882.4061258561,320
16,6,12654.2740590023,360
17,6,12568.5178354364,360
18,6,12689.9999608239,360
19,6,13093.2108770153,50
20,6,14641.4480425166,50
21,6,15304.3440409303,50
22,6,15028.2438956192,50
23,6,14316.8009336403,50
24,6,13568.541899127,360
1,7,12779.9769760519,50
2,7,12034.5049143303,360
3,7,11439.9480506899,50
4,7,11129.4669312276,50
5,7,10906.2840060778,360
6,7,10805.5179665228,50
7,7,10674.8290353725,360
8,7,10209.3489918225,360
9,7,10563.556012426,320
10,7,11321.4810638004,360
11,7,11795.5449262741,360
12,7,12171.2640224253,20
13,7,12310.3779197005,360
14,7,12279.589964191,340
15,7,11886.5810255096,360
16,7,11671.2170205959,50
17,7,11625.0178995621,50
18,7,11733.8679742948,50
19,7,12268.4968424574,50
20,7,14035.9740078123,90
21,7,14940.9892028337,90
22,7,15045.9400508581,90
23,7,14412.4150010515,90
24,7,13497.1010765973,50
1,1,12525.8020457365,90
2,1,11703.6881458964,50
3,1,11325.9999618642,90
4,1,11152.6229609195,50
5,1,11119.4070224892,320
6,1,11544.6190018598,360
7,1,12465.2031307592,360
8,1,12996.0010482203,360
9,1,13863.747857878,360
10,1,14466.2350545973,270
11,1,14760.926795803,0
12,1,14980.6847057175,270
13,1,14931.9560226682,180
14,1,14734.8371554068,180
15,1,14575.1410731226,180
16,1,14309.7839257121,320
17,1,14172.6750111878,180
18,1,14094.869916657,0
19,1,14207.7240668144,320
20,1,15656.9428183176,360
21,1,16527.3410459403,0
22,1,16327.1090537473,140
23,1,15375.8851771383,140
24,1,14371.1630083955,0
1,2,13181.4891297352,0
2,2,12331.3019267861,0
3,2,11832.09297291,0
4,2,11659.9120093044,270
5,2,11636.4701180877,0
6,2,11967.772938842,230
7,2,12739.3929448891,230
8,2,13417.5519174617,230
9,2,14137.4009027705,180
10,2,14711.892237464,230
11,2,14990.9961164889,180
12,2,15260.716019881,200
13,2,15318.6222266182,140
14,2,15123.9310123008,230
15,2,14925.5290444363,230
16,2,14693.8851010669,180
17,2,14557.1570007913,110
18,2,14565.5289819744,360
19,2,14774.6218575314,50
20,2,16252.709814623,50
21,2,16910.2891002521,90
22,2,16596.2269643843,90
23,2,15713.4727826603,90
24,2,14635.5000144411,90
1,3,13442.2250557486,90
2,3,12477.8699543364,90
3,3,11964.4620577469,90
4,3,11737.0019134693,90
5,3,11804.7719363496,90
6,3,12101.6030914746,90
7,3,12945.2348585501,90
8,3,13646.604847353,90
9,3,14413.823068805,90
10,3,14886.7567997603,90
11,3,15237.8421071293,90
12,3,15394.2047274625,90
13,3,15315.8200647747,90
14,3,15087.097979987,50
15,3,14813.5589738302,90
16,3,14625.8489821418,50
17,3,14470.1542645432,90
18,3,14476.7690392472,50
19,3,14768.0471209958,50
20,3,16371.6659524739,50
21,3,17257.0318337716,50
22,3,17012.0650167204,50
23,3,16240.8996974193,70
24,3,15180.9179245979,50
1,4,13928.3141111601,50
2,4,12920.2508871183,50
3,4,12269.249976445,50
4,4,12024.3230408896,360
5,4,12038.5159187149,50
6,4,12332.6170240901,360
7,4,13054.6040411294,360
8,4,13705.5310720094,50
9,4,14569.1009616815,50
10,4,15141.8249627091,360
11,4,15328.5021406766,360
12,4,15499.1080271823,50
13,4,15404.5158843622,50
14,4,15130.9029073361,90
15,4,14914.7871451797,50
16,4,14668.1969434135,50
17,4,14545.3149594311,50
18,4,14540.148812918,50
19,4,14881.7639198937,50
20,4,16356.1349308752,50
21,4,17288.154174272,90
22,4,17084.4409372434,50
23,4,16310.0380702573,50
24,4,15156.7679540124,360
1,5,13903.7930182684,50
2,5,12967.7030046191,360
3,5,12438.6050272714,50
4,5,12206.6590434946,340
5,5,12160.9139504191,360
6,5,12449.7290237267,360
7,5,13170.7889960334,360
8,5,13729.4718474634,90
9,5,14588.6551374346,50
10,5,15072.6447550822,360
11,5,15294.7079982664,50
12,5,15498.325962225,360
13,5,15342.468062859,20
14,5,15074.0948745883,50
15,5,14786.9752237536,50
16,5,14514.3108122069,50
17,5,14379.8990356866,50
18,5,14285.4519391861,50
19,5,14383.5508310199,50
20,5,15752.8998529632,20
21,5,16516.3430216161,90
22,5,16255.638002038,50
23,5,15475.9600970559,50
24,5,14468.7840392794,50
1,6,13537.9769710489,50
2,6,12739.1670492832,50
3,6,12146.6170473434,50
4,6,11785.3330099862,50
5,6,11668.1090547489,0
6,6,11728.3621110786,360
7,6,11675.8570755068,360
8,6,11630.0089404131,360
9,6,12413.2150958516,320
10,6,13113.0089797787,270
11,6,13418.5399312247,270
12,6,13518.5180863878,230
13,6,13564.5979372375,90
14,6,13337.5389035791,20
15,6,13017.9281262252,50
16,6,12839.715078474,360
17,6,12819.9679014618,360
18,6,12985.3988739727,360
19,6,13196.3050411502,50
20,6,14457.1029621502,360
21,6,15188.2649309719,360
22,6,14845.8802148914,0
23,6,14050.4769973932,360
24,6,13362.865839933,50
1,7,12527.948925958,50
2,7,11763.5919635603,360
3,7,11189.4160214057,360
4,7,10885.8249138342,320
5,7,10746.7400047788,320
6,7,10635.829965028,320
7,7,10284.1360184596,320
8,7,9812.66193260392,320
9,7,10305.5799323819,270
10,7,11030.004924953,270
11,7,11591.9660496097,90
12,7,11990.4831770211,270
13,7,12339.0899369419,270
14,7,12290.0268936236,90
15,7,12095.1889895331,270
16,7,11944.4660418909,90
17,7,11952.1960701979,360
18,7,12040.262911654,50
19,7,12350.9748534327,50
20,7,13770.4588898355,50
21,7,14752.326012955,50
22,7,14705.312021356,50
23,7,14044.4849568121,50
24,7,13078.8549623024,90
1,1,12175.9499895703,90
2,1,11430.5069408985,50
3,1,10982.4700691365,90
4,1,10852.5199914798,90
5,1,10916.5899929665,0
6,1,11327.4540707916,90
7,1,12023.5919532143,90
8,1,12874.3808406238,90
9,1,13820.1370237898,50
10,1,14455.4950346053,50
11,1,14776.673910087,50
12,1,15078.4798848014,70
13,1,15073.8701148555,50
14,1,14981.128127411,50
15,1,14727.6530906316,50
16,1,14540.2990658171,50
17,1,14556.7039567605,90
18,1,14404.352924265,20
19,1,14546.1871094294,50
20,1,15902.4688729756,90
21,1,16784.2608170286,50
22,1,16580.5130141675,50
23,1,15785.6250099521,50
24,1,14720.2359999251,50
1,2,13514.6320052799,50
2,2,12483.492061073,20
3,2,12077.9590368029,230
4,2,11830.5600696709,230
5,2,11869.4409409873,230
6,2,12153.8410699312,230
7,2,12793.1410293188,230
8,2,13393.4591365848,320
9,2,14178.3570450377,360
10,2,14720.487062091,360
11,2,15033.207829494,360
12,2,15331.9090010691,20
13,2,15340.0660248492,20
14,2,15161.8629646655,20
15,2,14943.2909547761,20
16,2,14791.7089274935,50
17,2,14707.6819470804,50
18,2,14668.2469842024,50
19,2,14637.203057887,50
20,2,16008.1420470942,50
21,2,16966.5580335166,90
22,2,16720.1239743903,50
23,2,15829.7520275563,50
24,2,14806.7929080129,360
1,3,13578.887057472,360
2,3,12560.701983016,270
3,3,11951.6800247915,270
4,3,11870.3129124176,270
5,3,11833.7990136873,270
6,3,12148.8201033156,360
7,3,12771.1021170318,360
8,3,13440.2878386993,320
9,3,14217.9690011889,360
10,3,14770.0598748056,360
11,3,15085.935062163,360
12,3,15376.0909937285,360
13,3,15321.5769513221,360
14,3,15171.4289740939,50
15,3,14915.6468788101,50
16,3,14725.6019591722,320
17,3,14673.7981519806,140
18,3,14588.6648866199,50
19,3,14861.4498607535,50
20,3,16036.4829701146,50
21,3,16664.3609464092,50
22,3,16361.8969658287,90
23,3,15438.8399185659,90
24,3,14408.4971346108,90
1,4,13241.1858905777,50
2,4,12291.8839775091,50
3,4,11796.5710844098,90
4,4,11558.0350930551,90
5,4,11567.5369627341,140
6,4,11765.4339727177,160
7,4,12567.6150851259,140
8,4,13186.7951167801,140
9,4,14015.8420017036,140
10,4,14586.2890006891,140
11,4,14932.5300385222,160
12,4,15215.1417945451,180
13,4,15165.9719257818,140
14,4,14864.7049292247,180
15,4,14537.8597489609,140
16,4,14381.7379942564,140
17,4,14308.3859851463,140
18,4,14225.6170756957,140
19,4,14230.677763347,160
20,4,15440.2211478555,180
21,4,16259.8831857424,0
22,4,15998.8140806387,180
23,4,15224.0098278895,0
24,4,14266.919012262,230
1,5,13287.9998051859,230
2,5,12380.519043331,140
3,5,11757.7150014516,180
4,5,11438.811951241,230
5,5,11328.4150227765,230
6,5,11274.8179641096,180
7,5,11108.7548918154,180
8,5,11175.1840139637,230
9,5,12021.2640443544,230
10,5,12845.170158234,230
11,5,13300.3169226507,270
12,5,13514.932924917,270
13,5,13665.0130056114,230
14,5,13544.1829802655,230
15,5,13265.0050311205,230
16,5,13141.5179965012,270
17,5,13278.7040522294,270
18,5,13372.6160262437,320
19,5,13403.1450782907,270
20,5,14557.7419072613,320
21,5,15318.5768575075,360
22,5,15011.8481264906,320
23,5,14243.8440276281,320
24,5,13506.9919340077,270
1,6,12678.1979302976,270
2,6,11896.0030494649,320
3,6,11259.4769475893,360
4,6,10920.8640799467,320
5,6,10779.4259523428,270
6,6,10882.4539002161,320
7,6,10663.5460243938,270
8,6,10539.0108603097,140
9,6,11318.2579722069,180
10,6,12074.9510824885,230
11,6,12617.8689860874,230
12,6,12815.2869688375,230
13,6,13125.5429867513,200
14,6,13071.4271294549,230
15,6,12851.4998855059,200
16,6,12760.8940488293,230
17,6,12676.7779389834,230
18,6,12929.7118934514,250
19,6,13269.1970344484,250
20,6,14648.2071656443,230
21,6,15593.7160422411,230
22,6,15470.65392899,230
23,6,14867.0738577,230
24,6,14203.9518728945,230
1,7,13326.2420498757,230
2,7,12526.7569454685,270
3,7,11969.294976851,270
4,7,11583.4008618593,270
5,7,11362.0870739407,230
6,7,11256.1660771593,230
7,7,10816.2249369491,0
8,7,10617.4469368616,270
9,7,11164.5539958971,230
10,7,11810.6160442233,230
11,7,12304.6229748598,230
12,7,12527.8359285635,230
13,7,12526.9360173764,180
14,7,12294.1280490131,180
15,7,11898.7980651136,180
16,7,11575.7210951084,230
17,7,11509.7160825836,180
18,7,11607.8269032174,180
19,7,11910.1699965452,140
20,7,13326.0439209454,140
21,7,14419.5089535061,140
22,7,14533.8278710255,320
23,7,14041.6660730325,0
24,7,13441.1800334509,0
1,1,12618.8050706298,0
2,1,11865.3900486673,0
3,1,11284.709044762,0
4,1,10973.6319700442,270
5,1,10814.8180297524,230
6,1,10782.7119895844,230
7,1,10439.8069754653,230
8,1,10409.0719758971,320
9,1,11068.9540355084,0
10,1,11761.2760610119,320
11,1,12256.0178629076,360
12,1,12516.2308520272,320
13,1,12684.0889047745,90
14,1,12576.2569149004,20
15,1,12169.7009458104,360
16,1,11937.406054406,360
17,1,11928.8499953158,360
18,1,12173.7949042041,50
19,1,12595.5710874638,360
20,1,14081.6340416372,320
21,1,15300.6531085856,140
22,1,15291.356040203,230
23,1,14583.9510283689,230
24,1,13574.5938371634,230
1,2,12552.174094494,230
2,2,11629.3039703029,230
3,2,11165.0939990114,230
4,2,11006.9250393901,230
5,2,11087.2160239574,230
6,2,11585.0289179934,230
7,2,12243.0830924409,230
8,2,13145.8817623348,230
9,2,13990.0672554281,320
10,2,14561.2649167329,320
11,2,14845.4899185002,50
12,2,15101.9888590639,320
13,2,14980.3140648899,360
14,2,14855.2589658569,50
15,2,14613.9209270487,360
16,2,14400.4061396373,360
17,2,14293.8900804436,360
18,2,14286.704091127,50
19,2,14260.8748655203,50
20,2,15466.2831603964,50
21,2,16549.6111185802,270
22,2,16470.052022235,270
23,2,15641.052884703,270
24,2,14550.2051317205,270
1,3,13275.7590045108,270
2,3,12410.8239528071,360
3,3,11857.492018342,320
4,3,11636.2830273337,320
5,3,11700.9170284132,270
6,3,11997.8380671786,320
7,3,12448.734975514,320
8,3,13297.2299143765,320
9,3,14022.4338533483,320
10,3,14583.369102422,320
11,3,14843.7501451948,320
12,3,15096.6178367604,320
13,3,15123.6711704449,270
14,3,14890.0799658797,270
15,3,14679.7950968849,320
16,3,14646.6969462521,270
17,3,14701.212027665,270
18,3,14688.4230387359,270
19,3,14573.8119481521,320
20,3,15676.3300973306,320
21,3,16506.910980802,230
22,3,16208.585060318,230
23,3,15347.5070179459,270
24,3,14220.2672018381,270
1,4,13053.5429236217,270
2,4,12089.4670698922,270
3,4,11585.4880237649,270
4,4,11349.7779894881,230
5,4,11351.5070347805,230
6,4,11552.6260429779,140
7,4,11993.6219689562,140
8,4,12769.3821150158,140
9,4,13657.9869119227,140
10,4,14256.5361409867,140
11,4,14647.5360892797,140
12,4,14965.5210607415,140
13,4,14980.4139161501,140
14,4,14818.4058922282,140
15,4,14654.5089567164,140
16,4,14479.99692565,180
17,4,14440.212141694,140
18,4,14390.4540840499,140
19,4,14400.543945506,140
20,4,15647.5108943721,90
21,4,16812.0368086712,90
22,4,16686.4448991055,90
23,4,15904.2370074203,50
24,4,14808.1218873239,50
1,5,13639.6860133205,50
2,5,12695.7890377282,90
3,5,12133.2039996618,90
4,5,11868.6190695758,90
5,5,11886.1139197079,50
6,5,12210.5769816004,0
7,5,12689.2149328832,90
8,5,13567.371015828,90
9,5,14424.448962356,50
10,5,14965.2571582533,90
11,5,15166.8379595093,90
12,5,15295.4398994817,50
13,5,15284.5700678115,50
14,5,15097.3050331119,50
15,5,14917.4721011515,50
16,5,14733.7759358301,70
17,5,14596.0590096487,50
18,5,14586.9140317626,50
19,5,14877.9048488457,70
20,5,16150.8670561211,90
21,5,17049.1217853576,90
22,5,16873.8769209683,90
23,5,16124.6502046767,50
24,5,15127.5629924117,50
1,6,13970.7308950583,50
2,6,13071.948003782,50
3,6,12470.2459910004,50
4,6,12146.508090524,50
5,6,11991.5520431562,360
6,6,11985.1491027212,360
7,6,11725.762999624,50
8,6,11813.0969920582,20
9,6,12641.4349706767,50
10,6,13501.8719124738,50
11,6,13932.2739865833,270
12,6,14055.0018292712,320
13,6,14127.3269121703,90
14,6,14131.3532024528,50
15,6,13939.1150703131,90
16,6,13797.5989116309,90
17,6,13707.692094433,90
18,6,13782.7059610281,90
19,6,13926.3991133822,90
20,6,15110.8340503601,90
21,6,16071.9119845692,90
22,6,15897.9371706776,140
23,6,15276.0050120084,90
24,6,14456.8769786926,140
1,7,13583.5811848054,140
2,7,12690.2191336891,90
3,7,11974.1630090353,90
4,7,11549.5780269082,90
5,7,11308.1009446932,90
6,7,11145.7240010173,140
7,7,10599.4240339205,140
8,7,10427.5559553546,140
9,7,11073.881048664,90
10,7,11796.6991272955,90
11,7,12311.8778897659,90
12,7,12381.2239419962,90
13,7,12218.9830401577,50
14,7,11790.9708616645,50
15,7,11386.8590282719,50
16,7,11312.2779396283,50
17,7,11388.5078529785,50
18,7,11427.0630058968,50
19,7,11837.994132577,50
20,7,13191.4991020536,90
21,7,14443.4581067846,70
22,7,14633.9427889269,90
23,7,14137.4529825634,50
24,7,13488.4329107995,70
1,1,12582.1809064336,90
2,1,11813.3699782109,50
3,1,11350.5940007838,50
4,1,11097.7880197591,50
5,1,11086.935991229,50
6,1,11466.8440390413,50
7,1,12031.7478881534,90
8,1,12910.3380171598,90
9,1,13813.691005824,90
10,1,14526.4531279779,90
11,1,14915.1730056207,90
12,1,15165.6660594735,50
13,1,15106.7681326466,50
14,1,14926.5158630232,70
15,1,14536.6709717363,70
16,1,14291.7440032661,50
17,1,14223.9330555624,90
18,1,14173.800893588,50
19,1,14260.9541008491,90
20,1,15616.2039437741,50
21,1,16703.9210792799,50
22,1,16527.5970615558,50
23,1,15644.62468745,50
24,1,14450.8911893045,50
1,2,13262.8040425831,360
2,2,12348.813992295,50
3,2,11818.5140541936,360
4,2,11636.8578923959,50
5,2,11644.65504859,50
6,2,11936.259002035,90
7,2,12401.9650717229,50
8,2,13259.5970577924,50
9,2,14032.5091134271,50
10,2,14719.1290838709,50
11,2,15021.2349878994,50
12,2,15317.1919345516,50
13,2,15293.6631332296,50
14,2,15170.9181818888,90
15,2,14949.6101207322,90
16,2,14695.8451405717,50
17,2,14613.5920678135,50
18,2,14593.0950866638,50
19,2,14698.7070382572,90
20,2,15738.1351476235,90
21,2,16780.5900836233,90
22,2,16558.8951198886,50
23,2,15634.2917967287,50
24,2,14499.0019085715,50
1,3,13244.092891708,50
2,3,12275.1230075078,50
3,3,11758.7939281622,50
4,3,11461.4499923214,320
5,3,11486.4339961945,50
6,3,11806.2448802921,50
7,3,12230.8820452606,360
8,3,13035.3381434639,360
9,3,13916.2330286801,360
10,3,14577.2338667884,360
11,3,14950.0718235082,50
12,3,15318.7397961202,50
13,3,15295.4350348376,50
14,3,15192.5858237371,50
15,3,14902.279899362,90
16,3,14771.338990865,90
17,3,14706.1332199476,90
18,3,14594.7278519326,50
19,3,14640.7699920246,50
20,3,15791.885987289,50
21,3,16654.1089543439,50
22,3,16384.5790290032,90
23,3,15410.0991363805,50
24,3,14362.2500169072,50
1,4,13172.9959954731,50
2,4,12274.7909643869,90
3,4,11783.7890543826,50
4,4,11550.099960761,50
5,4,11517.2089838767,360
6,4,11688.2829621583,360
7,4,12131.1208677553,0
8,4,12888.4570997915,230
9,4,13775.6330020232,0
10,4,14363.1459817062,0
11,4,14781.9800520981,180
12,4,15113.1719764154,140
13,4,15173.2840064261,180
14,4,15028.135952312,360
15,4,14861.6671312703,340
16,4,14696.6628878218,340
17,4,14660.0259475445,360
18,4,14621.8648178191,360
19,4,14634.1540903542,50
20,4,15511.2870467361,360
21,4,16518.5132359786,0
22,4,16295.0929559935,0
23,4,15385.5749407359,0
24,4,14274.4290043217,0
1,5,13234.7959643356,0
2,5,12293.2879719301,0
3,5,11769.8190179202,0
4,5,11530.8820801536,0
5,5,11538.1609195906,0
6,5,11743.3320040312,230
7,5,12027.6400369084,180
8,5,12930.4810102265,180
9,5,13800.9370747581,180
10,5,14500.3048320131,140
11,5,14990.8271082554,140
12,5,15323.0420161812,90
13,5,15426.4740000367,140
14,5,15387.8230668772,140
15,5,15263.7799762762,140
16,5,15192.3181472588,360
17,5,15044.4940214108,50
18,5,14994.1039120181,50
19,5,14891.4179542268,50
20,5,15671.4939863102,50
21,5,16550.373979965,90
22,5,16238.2911335537,90
23,5,15345.090016433,90
24,5,14418.7090036422,90
1,6,13436.0481015639,90
2,6,12608.0471268967,230
3,6,11988.0489436835,140
4,6,11675.4148751199,140
5,6,11522.6389797475,90
6,6,11457.4830693677,0
7,6,11204.388927009,140
8,6,11353.5378695037,140
9,6,12209.958067677,110
10,6,13027.4739650644,140
11,6,13673.0199831701,140
12,6,13901.7411106173,140
13,6,14120.4190474302,160
14,6,14025.2959326855,140
15,6,13780.8599817769,180
16,6,13540.6690146632,90
17,6,13497.2490070954,140
18,6,13601.8880681067,140
19,6,13647.9359921142,140
20,6,14651.5577646801,140
21,6,15694.9859075621,90
22,6,15550.5771820527,90
23,6,14940.938054705,50
24,6,14238.4318876871,90
1,7,13367.0230679172,90
2,7,12592.7141253089,140
3,7,11993.8319891111,90
4,7,11559.0150231021,140
5,7,11388.5210796832,90
6,7,11178.2469289533,140
7,7,10463.2620111359,140
8,7,10328.5439334521,110
9,7,10781.6610641241,110
10,7,11405.014996632,50
11,7,11971.3550484487,50
12,7,12282.9519883567,50
13,7,12582.6950023831,360
14,7,12505.9339103107,50
15,7,12269.6729948996,50
16,7,12103.9619339956,50
17,7,12105.3739659879,50
18,7,12161.5339696808,70
19,7,12343.8348686831,90
20,7,13426.7749599838,50
21,7,14812.1882482027,70
22,7,15023.573009504,90
23,7,14483.4098808409,50
24,7,13602.3530665571,50
1,1,12548.1460480592,50
2,1,11722.3030245206,50
3,1,11336.5729402127,360
4,1,11131.1281355014,360
5,1,11169.8039709255,320
6,1,11482.4159390552,360
7,1,11898.1798516009,360
8,1,12867.5470446157,50
9,1,13768.5560407848,360
10,1,14454.3649701499,360
11,1,14886.6290296034,360
12,1,15366.6649958156,360
13,1,15484.7758260388,340
14,1,15559.3920999244,20
15,1,15535.7461633309,360
16,1,15464.8238823318,360
17,1,15448.9800531711,50
18,1,15282.7160361754,360
19,1,15099.2171171976,50
20,1,15803.5239887114,50
21,1,16965.6648829626,50
22,1,16773.8610633722,90
23,1,15927.9640124841,50
24,1,14847.5228646136,0
1,2,13657.0419037752,50
2,2,12778.1100410065,360
3,2,12243.9500431954,360
4,2,12067.8870723228,360
5,2,11993.1569489529,320
6,2,12121.2070927285,360
7,2,12292.7600538319,360
8,2,13176.705043081,360
9,2,14103.1550828721,360
10,2,14871.7420327415,360
11,2,15361.2199252155,360
12,2,15951.4588115485,320
13,2,16321.0680667683,360
14,2,16496.8508080542,360
15,2,16669.8400091147,360
16,2,16615.5059384657,360
17,2,16536.6119951054,50
18,2,16332.8078802479,50
19,2,15994.0099197747,50
20,2,16748.1000530571,50
21,2,17397.4550421046,50
22,2,17121.6100533151,50
23,2,16142.1361254556,50
24,2,15100.5680358703,50
1,3,13938.9970510674,50
2,3,13069.3251215434,360
3,3,12559.5470281234,50
4,3,12256.6270292437,90
5,3,12188.5059544835,50
6,3,12350.2351065814,0
7,3,12617.6739947554,50
8,3,13201.7839162899,360
9,3,14169.7210785607,360
10,3,14888.0090466271,320
11,3,15433.2007455527,320
12,3,15792.8537676454,320
13,3,15918.5151055566,250
14,3,15886.6298674315,230
15,3,15793.6652032378,230
16,3,15715.3451055661,230
17,3,15574.8350099102,230
18,3,15424.738971618,230
19,3,15219.8100094465,230
20,3,15758.8321095889,230
21,3,16805.0961498668,230
22,3,16622.6870365929,230
23,3,15788.2679576415,230
24,3,14759.8430837281,230
1,4,13693.677105953,230
2,4,12745.1379855378,230
3,4,12160.3100333249,230
4,4,11981.1559532224,230
5,4,11953.9320614478,230
6,4,12094.1471075823,230
7,4,12235.5610134582,230
8,4,13158.5118822618,230
9,4,14199.9561574571,180
10,4,14860.9150796225,230
11,4,15348.1442902107,230
12,4,15762.2497800046,230
13,4,15844.7539783991,180
14,4,15951.8688443853,140
15,4,16035.6828431953,230
16,4,16043.4249197932,230
17,4,16038.4690218624,230
18,4,15877.3671080209,230
19,4,15548.5349790156,230
20,4,16032.5349178072,230
21,4,17155.9329496804,270
22,4,16873.5338263968,230
23,4,15970.9049002873,320
24,4,14910.7959804605,270
1,5,13786.0839510215,270
2,5,12885.4009133873,270
3,5,12381.9829304707,290
4,5,12083.5709458501,320
5,5,12013.5789525867,320
6,5,12176.9379973752,270
7,5,12367.8280209275,270
8,5,13204.4330294533,270
9,5,14257.4950074479,270
10,5,15017.4431753396,320
11,5,15657.380937859,270
12,5,16324.76707114,270
13,5,16796.6139560696,270
14,5,17255.4389153374,270
15,5,17511.4911462981,270
16,5,17702.1540925009,270
17,5,17691.404983731,230
18,5,17420.6420690259,90
19,5,16931.4649040047,140
20,5,17295.3119889619,90
21,5,17978.0040456252,90
22,5,17585.4998004427,90
23,5,16783.6427953783,50
24,5,15989.4429471976,90
1,6,15141.2260701298,320
2,6,14266.0888785028,320
3,6,13583.2420207909,270
4,6,13160.1439272257,270
5,6,12891.8080871206,320
6,6,12678.3280324512,320
7,6,12039.2809556196,320
8,6,12219.4321285791,180
9,6,13059.684998523,90
10,6,14020.7811833676,270
11,6,14863.4540979359,320
12,6,15559.7390417699,180
13,6,16205.0367520172,230
14,6,16551.4448792506,140
15,6,16663.6810135916,140
16,6,16733.0589337088,140
17,6,16571.129943864,180
18,6,16371.8479775824,50
19,6,16057.1849915185,50
20,6,16255.8189217048,50
21,6,17077.9098843825,90
22,6,16745.707727002,50
23,6,15988.5359756663,50
24,6,15248.9811123012,50
1,7,14502.7550342926,360
2,7,13810.3609416876,360
3,7,13236.2509964346,140
4,7,12787.0151580987,90
5,7,12402.0301151795,90
6,7,11970.5359662137,140
7,7,11186.4539960687,140
8,7,10818.2890665545,180
9,7,11023.6770047895,140
10,7,11491.4891193304,90
11,7,11997.807945969,180
12,7,12475.6359382491,90
13,7,12863.5789549788,90
14,7,13009.0320403029,140
15,7,12845.1869862382,180
16,7,12644.6989434343,160
17,7,12523.6728867791,180
18,7,12481.841925153,140
19,7,12546.940890498,140
20,7,13550.0720639229,140
21,7,14815.5453480706,50
22,7,14984.0989039773,140
23,7,14489.2460747971,140
24,7,13777.2009101356,140
1,1,12785.066144105,140
2,1,11953.0598855482,140
3,1,11540.2570328022,140
4,1,11294.0159736979,180
5,1,11353.4349445999,180
6,1,11591.8620597692,180
7,1,12076.1710085112,140
8,1,13144.4828472938,140
9,1,14052.2509847768,140
10,1,14646.8048390951,140
11,1,15020.3229715619,140
12,1,15262.2589459103,140
13,1,15150.8198876362,140
14,1,14950.2502620332,140
15,1,14583.6080724727,180
16,1,14292.9870517869,140
17,1,14238.252930196,180
18,1,14215.5060746549,180
19,1,14285.3251153007,180
20,1,15224.373016892,180
21,1,16660.9379878901,160
22,1,16731.7008773256,180
23,1,15980.5789235607,160
24,1,14979.3961506672,140
1,2,13688.6659605447,140
2,2,12740.2600581627,140
3,2,12172.0049449457,0
4,2,11954.0518677831,0
5,2,11965.4660951514,0
6,2,12162.3500052053,0
7,2,12548.9320102055,0
8,2,13540.1199726574,140
9,2,14255.6290743183,140
10,2,14693.4699428454,50
11,2,14941.6829780415,180
12,2,15113.5209500659,230
13,2,14991.9349274691,230
14,2,14803.0862643532,230
15,2,14528.6110101063,360
16,2,14331.1129418797,360
17,2,14242.7949019857,360
18,2,14278.9820776656,360
19,2,14197.0650386848,360
20,2,14938.970034875,360
21,2,16420.2459018761,50
22,2,16458.7580235433,50
23,2,15572.7190236538,90
24,2,14450.2260319516,50
1,3,13279.1698597241,360
2,3,12278.7239462258,320
3,3,11762.9720672453,320
4,3,11507.9969657576,320
5,3,11541.6859723859,320
6,3,11705.0050759558,320
7,3,11979.5110774152,320
8,3,13051.8930563601,320
9,3,13723.1690181913,320
10,3,14326.9379181336,270
11,3,14622.2089209731,320
12,3,14965.8900792799,320
13,3,14989.6771415151,50
14,3,14835.294970585,50
15,3,14708.4519666992,320
16,3,14611.2358343499,360
17,3,14615.1801276011,360
18,3,14550.0200557858,360
19,3,14444.9298737105,320
20,3,14950.8710450903,320
21,3,16310.8200168312,320
22,3,16224.1590765724,320
23,3,15304.7459633993,360
24,3,14266.1709963614,0
1,4,13079.0950910444,0
2,4,12143.3979596565,0
3,4,11623.7969212234,270
4,4,11375.668000303,270
5,4,11393.5840607965,270
6,4,11515.4659734601,0
7,4,11828.0030873707,0
8,4,12888.0230400981,0
9,4,13730.935835219,0
10,4,14439.1701961304,320
11,4,14867.0639955578,90
12,4,15311.8601245536,70
13,4,15433.9241015464,360
14,4,15368.6971561378,360
15,4,15284.9739644714,340
16,4,15185.9440169036,20
17,4,15128.3459725659,50
18,4,15047.9999936912,50
19,4,14805.1839639237,50
20,4,15258.0898778597,50
21,4,16482.1042266255,90
22,4,16326.6871392066,90
23,4,15515.356900299,90
24,4,14454.6679565262,50
1,5,13342.3899879195,50
2,5,12401.3249168582,50
3,5,11881.5239956081,50
4,5,11585.5159903495,360
5,5,11612.4529724284,50
6,5,11715.8230017419,360
7,5,11925.4139963724,50
8,5,12931.0830005677,50
9,5,13875.1510850899,20
10,5,14519.3190399259,20
11,5,14943.4219895601,320
12,5,15264.8881110633,360
13,5,15385.2689294321,320
14,5,15418.0171714621,360
15,5,15516.4761360446,50
16,5,15418.2859110832,360
17,5,15383.9639285905,320
18,5,15300.5480550041,90
19,5,15019.8659825502,50
20,5,15377.5520627867,360
21,5,16509.7210097136,50
22,5,16211.8642058736,50
23,5,15349.0829125829,50
24,5,14440.7800991645,50
1,6,13491.7230656277,320
2,6,12690.9080038583,360
3,6,12119.1530419332,360
4,6,11759.9390446004,360
5,6,11563.9070240464,360
6,6,11399.1170046497,360
7,6,10920.489964149,360
8,6,11369.8410120802,360
9,6,12206.9690284678,320
10,6,12910.4769591941,320
11,6,13377.1700516592,360
12,6,13677.5869994313,360
13,6,13937.2249599006,50
14,6,14046.2420515581,360
15,6,13995.9610079965,360
16,6,13955.4270911478,360
17,6,14048.9550825753,50
18,6,14096.231123887,50
19,6,13993.9380246815,50
20,6,14447.9009577134,50
21,6,15483.3821159522,50
22,6,15265.3719324991,50
23,6,14414.6529148417,50
24,6,13628.8710284606,360
1,7,12782.7480044598,50
2,7,12116.2950538639,360
3,7,11612.2289751391,360
4,7,11219.3850010381,360
5,7,10990.6760331122,360
6,7,10681.5899915383,360
7,7,9927.55199977756,360
8,7,10050.0340305939,360
9,7,10619.9090762609,360
10,7,11317.9099595323,360
11,7,12066.4090746986,360
12,7,12596.3191600014,360
13,7,13032.7238646168,360
14,7,13238.3410789827,360
15,7,13224.8758677566,50
16,7,13188.7238994287,90
17,7,13356.1280901097,90
18,7,13488.0600710257,50
19,7,13477.8627803624,50
20,7,13921.0750607485,50
21,7,15254.791029396,90
22,7,15342.0579440119,50
23,7,14839.4549229532,320
24,7,14030.0400895753,360
1,1,13207.4680122822,360
2,1,12386.4819736974,360
3,1,11839.8219720698,360
4,1,11596.6130180368,320
5,1,11526.7478919076,360
6,1,11665.0770089654,360
7,1,11953.9480612963,360
8,1,13012.6549205147,360
9,1,14013.2669023108,360
10,1,14870.7040210906,360
11,1,15503.9228453059,360
12,1,16041.2878796863,360
13,1,16307.0679607904,360
14,1,16559.8912629983,360
15,1,16676.6190235019,360
16,1,16625.176043991,360
17,1,16690.4069612259,360
18,1,16480.8930716426,50
19,1,16048.3060238101,50
20,1,16259.6151217157,50
21,1,17347.4378764159,90
22,1,17271.8880315493,50
23,1,16338.7491546287,50
24,1,15346.602953014,360
1,2,14204.1330184918,360
2,2,13245.593979382,360
3,2,12643.3330288157,360
4,2,12387.8759059915,360
5,2,12206.2169350851,320
6,2,12238.2719131703,320
7,2,12377.8779419484,360
8,2,13283.7740537653,360
9,2,14181.4427896326,360
10,2,14864.2089888006,360
11,2,15457.181140458,360
12,2,15923.6720041325,360
13,2,16357.5859595193,360
14,2,16526.9190347428,360
15,2,16782.9231760912,360
16,2,16845.3189011635,360
17,2,16848.793944105,50
18,2,16579.1109534125,50
19,2,16103.0542290243,90
20,2,16443.2959614443,50
21,2,17514.6610064954,50
22,2,17342.9110693792,50
23,2,16487.1790961763,50
24,2,15552.8530715872,50
1,3,14412.1040403014,360
2,3,13483.5679814792,360
3,3,12864.8929457245,340
4,3,12500.1200568201,360
5,3,12477.8159589281,340
6,3,12474.6420521596,360
7,3,12708.0909660419,360
8,3,13611.0859545916,360
9,3,14471.4878354408,360
10,3,15217.24791897,360
11,3,15834.4780342598,360
12,3,16432.8400670085,360
13,3,16766.3019193877,360
14,3,17043.9301200453,360
15,3,17155.0640201094,360
16,3,17161.5400477452,360
17,3,17013.6520598209,50
18,3,16733.0459811976,50
19,3,16274.0412109019,50
20,3,16499.0790417949,50
21,3,17572.5899949884,50
22,3,17496.45797191,360
23,3,16613.2320289612,360
24,3,15679.1782668992,360
1,4,14600.1150215194,360
2,4,13569.4159341333,50
3,4,12958.7890005305,360
4,4,12622.5749534564,360
5,4,12465.4390006,50
6,4,12411.2610117598,360
7,4,12573.075980538,50
8,4,13482.5191296441,360
9,4,14385.6609841846,360
10,4,15118.3117970051,360
11,4,15643.5048719528,340
12,4,16140.6698783105,360
13,4,16458.3322025649,340
14,4,16575.0849937769,360
15,4,16647.7510693087,320
16,4,16553.9599929447,360
17,4,16465.1501508967,360
18,4,16249.8630017838,50
19,4,15915.3569595846,360
20,4,16150.0459788693,50
21,4,17284.1200526226,90
22,4,17067.926918298,90
23,4,16140.4460586337,90
24,4,15195.0879882062,90
1,5,14144.3748982821,90
2,5,13225.3200271026,90
3,5,12653.8970248938,90
4,5,12421.1620488961,0
5,5,12348.1240789343,360
6,5,12342.7499962122,360
7,5,12612.3450409002,360
8,5,13520.0060369684,0
9,5,14543.173739868,360
10,5,15498.098847763,360
11,5,16178.5639099041,360
12,5,16870.5380880384,360
13,5,17201.6479481589,360
14,5,17416.8140267571,50
15,5,17626.1191335414,360
16,5,17655.5688746963,360
17,5,17569.0098097883,50
18,5,17287.4201288368,50
19,5,16677.9569110712,50
20,5,16825.0460798629,50
21,5,17641.6930967923,50
22,5,17386.6359033333,50
23,5,16572.9319301285,50
24,5,15791.3829737119,90
1,6,14995.069987656,50
2,6,14106.3720754674,50
3,6,13430.4090656852,360
4,6,13034.314852973,360
5,6,12752.0460084695,360
6,6,12459.6859005773,360
7,6,11991.960096197,360
8,6,12199.2139520866,360
9,6,13002.0361197945,270
10,6,13813.2861351869,140
11,6,14255.8350512283,250
12,6,14552.3201040828,200
13,6,14855.3089990458,160
14,6,15013.484101228,90
15,6,14928.585921335,50
16,6,14832.2897901582,360
17,6,14794.6908671157,20
18,6,14700.6997162681,50
19,6,14588.7540971534,50
20,6,14973.7489859862,50
21,6,15966.1970378868,50
22,6,15695.067914797,90
23,6,14895.2739321,50
24,6,14073.1570374677,90
1,7,13362.1768336315,90
2,7,12576.1399733246,140
3,7,12055.157005873,140
4,7,11701.7679129024,90
5,7,11475.5510447647,50
6,7,11177.2710387994,90
7,7,10489.8500106006,50
8,7,10445.3819452249,50
9,7,10977.4400045853,50
10,7,11670.5018701134,70
11,7,12343.3941360051,90
12,7,12903.0381742814,50
13,7,13217.3421054808,90
14,7,13335.5971869254,90
15,7,13166.2799151307,360
16,7,12995.6860431219,360
17,7,12942.8351488229,360
18,7,13041.1289685955,90
19,7,13057.5200973158,50
20,7,13653.2679004259,320
21,7,14740.7922121063,270
22,7,14884.0091763325,230
23,7,14334.4910478853,230
24,7,13532.1579452129,230
1,1,12577.4729474033,180
2,1,11819.2069116677,230
3,1,11435.9459360251,180
4,1,11250.2239507083,180
5,1,11183.6879384522,180
6,1,11366.0449078956,230
7,1,11689.0269347504,180
8,1,12684.2649517334,180
9,1,13626.875046446,180
10,1,14372.7970997328,230
11,1,14873.9599076984,180
12,1,15322.7031639772,180
13,1,15393.3489074484,180
14,1,15339.6210013628,180
15,1,15249.8969708253,180
16,1,15225.249836945,180
17,1,15250.4238504134,180
18,1,15208.8589881323,180
19,1,14991.9810319776,180
20,1,15282.5010792236,180
21,1,16560.2099915014,230
22,1,16632.9921296304,230
23,1,15765.5279630953,230
24,1,14784.2820556383,230
1,2,13649.0619455776,230
2,2,12721.3319981786,230
3,2,12155.195070948,230
4,2,11920.7421132042,230
5,2,11822.3110865108,230
6,2,11767.1040030466,230
7,2,12004.944933617,0
8,2,13134.9349559164,230
9,2,14215.8269052971,180
10,2,15131.3250245396,180
11,2,15769.2131588887,200
12,2,16401.5632076906,200
13,2,16836.955083767,180
14,2,17273.9359404324,200
15,2,17581.8179643843,200
16,2,17823.0652087387,200
17,2,18005.5311061087,160
18,2,17886.254061236,160
19,2,17370.9078772971,180
20,2,17305.7438090215,160
21,2,18346.5780186201,140
22,2,18436.8378857314,180
23,2,17507.4490460474,0
24,2,16460.730121823,270
1,3,15328.1049346938,270
2,3,14275.4061860647,270
3,3,13566.8180299009,0
4,3,13245.6090087602,0
5,3,13102.5820350773,0
6,3,12949.9799770489,0
7,3,13060.1720855847,270
8,3,14160.3489650562,0
9,3,15398.9369281027,0
10,3,16562.7099753134,270
11,3,17599.5489219232,270
12,3,18390.5671491157,270
13,3,19248.6101467758,270
14,3,20011.2530474737,320
15,3,20416.1779478434,360
16,3,20676.0902425759,360
17,3,20614.0721563379,360
18,3,20214.8260441087,360
19,3,19441.8709730394,360
20,3,19130.0529619139,360
21,3,20090.69289257,50
22,3,20185.0419108309,360
23,3,19418.2061443608,360
24,3,18493.5439058282,50
1,4,17283.4710782301,360
2,4,16171.9420990385,320
3,4,15305.6011141371,90
4,4,14741.4578428417,50
5,4,14415.5731113106,50
6,4,14201.0028994819,90
7,4,14114.9280612301,110
8,4,14933.8469161559,90
9,4,16141.868180153,90
10,4,17244.4029867239,90
11,4,18083.5071330869,50
12,4,18934.4399445094,50
13,4,19626.9800217934,20
14,4,20199.3787510674,20
15,4,20693.9161695875,50
16,4,20949.9148405846,50
17,4,20772.0861616395,50
18,4,20257.3600802179,50
19,4,19395.0899468455,50
20,4,19009.4831824284,50
21,4,19848.8331280814,50
22,4,19866.5649489071,90
23,4,19110.4998548813,50
24,4,18315.7070448769,50
1,5,17220.0600443324,50
2,5,16085.8919323729,20
3,5,15344.662931378,20
4,5,14876.686893167,50
5,5,14638.5268799886,50
6,5,14369.0339529514,20
7,5,14270.4410797795,50
8,5,15142.2500839829,50
9,5,16494.7839882835,360
10,5,17730.8099315062,50
11,5,18629.2000807095,50
12,5,19447.1599462526,360
13,5,20194.2360872263,50
14,5,21035.6678655483,50
15,5,21497.1749042105,50
16,5,21643.9841233231,50
17,5,21245.7970664389,90
18,5,20602.6821160056,90
19,5,19564.4921598042,50
20,5,19182.6900826097,50
21,5,19855.5890148785,50
22,5,19747.0980357267,90
23,5,19148.1120309141,90
24,5,18539.4061272433,50
1,6,17687.6528356196,50
2,6,16796.7089345437,50
3,6,16008.3739859832,360
4,6,15449.0368228923,360
5,6,15050.0538438922,360
6,6,14586.6419786857,320
7,6,13803.8980570445,320
8,6,14023.9108767954,360
9,6,14748.8441834701,340
10,6,15757.8150326684,320
11,6,16604.6497696769,320
12,6,17296.7379438579,320
13,6,18069.3430850152,340
14,6,18781.3759874515,270
15,6,19324.7989586312,320
16,6,19529.0999697773,360
17,6,19225.185047037,320
18,6,18539.2908752887,340
19,6,17905.4443170661,270
20,6,17939.5507943602,320
21,6,18769.8409355617,200
22,6,18680.4009289546,0
23,6,17960.2131676413,0
24,6,17227.1221602987,0
1,7,16515.3409011397,0
2,7,15729.556178268,50
3,7,15073.7739029573,50
4,7,14540.888961127,50
5,7,14111.871057088,50
6,7,13602.0011257632,360
7,7,12748.5472109698,340
8,7,12534.5299498979,340
9,7,12733.1009541154,320
10,7,13179.2690436486,320
11,7,13817.552910299,140
12,7,14341.2678885022,90
13,7,14957.5540072721,90
14,7,15241.6501354909,140
15,7,15166.9669085974,180
16,7,14883.3798129819,140
17,7,14506.1760839978,140
18,7,14192.959013938,140
19,7,13928.1780295209,140
20,7,14187.6519580288,90
21,7,15105.9300650712,140
22,7,15245.1448664002,140
23,7,14849.826907224,90
24,7,14275.469078592,140
1,1,13517.5850872595,140
2,1,12671.0169688445,140
3,1,12180.8920343611,180
4,1,11802.0069766843,140
5,1,11619.1958713298,140
6,1,11383.2670555244,140
7,1,10795.5480038621,140
8,1,10844.2940461319,180
9,1,11329.1659784429,180
10,1,11978.1979767866,140
11,1,12448.3821461117,140
12,1,12895.9839336765,140
13,1,13132.1988784252,140
14,1,13114.4691573186,140
15,1,12911.6640517346,140
16,1,12666.5581305567,140
17,1,12714.9209966199,140
18,1,12795.0461094687,140
19,1,13048.7638982129,180
20,1,13524.6681794683,140
21,1,14654.9229603224,180
22,1,14875.8778956495,140
23,1,14309.5909785163,180
24,1,13572.7429268996,180
1,2,12567.7690745172,140
2,2,11690.0290274879,180
3,2,11322.8749766569,140
4,2,11089.3190151891,140
5,2,11081.416927611,140
6,2,11159.8689154321,180
7,2,11529.942898103,180
8,2,12006.6569403871,140
9,2,12578.0491468604,140
10,2,13737.3678596875,140
11,2,14680.3849322003,140
12,2,15157.5729594976,140
13,2,15399.6018173115,180
14,2,15373.6590416115,180
15,2,15322.4178854227,180
16,2,15328.0118616167,140
17,2,15510.46582455,140
18,2,15532.8559459271,140
19,2,15163.0049507204,180
20,2,15221.6880241763,140
21,2,16485.1009308584,180
22,2,16579.0411734579,140
23,2,15726.8399084909,140
24,2,14763.6650676532,110
1,3,13555.808037722,90
2,3,12553.1470762347,0
3,3,12028.2909858059,320
4,3,11799.7859383142,320
5,3,11742.8719317815,0
6,3,11729.7179973135,270
7,3,12032.3730362034,320
8,3,13164.6249913005,320
9,3,14262.5390377035,320
10,3,15069.6559506669,290
11,3,15819.9040209586,290
12,3,16497.8681502938,290
13,3,16970.5540167033,320
14,3,17390.4719555341,320
15,3,17884.0239064191,290
16,3,18202.0480570095,320
17,3,18396.1990287956,290
18,3,18183.4088469436,320
19,3,17713.7731928229,320
20,3,17448.5299181174,320
21,3,18361.1760405954,320
22,3,18504.6502673347,320
23,3,17701.997034112,320
24,3,16807.4709006222,320
1,4,15652.7358906022,270
2,4,14501.1558936015,320
3,4,13815.0749222636,270
4,4,13387.5751077775,320
5,4,13182.5019914967,270
6,4,13010.5081189633,290
7,4,13105.6929565389,270
8,4,14272.2910353886,320
9,4,15585.7459589257,270
10,4,16787.8099095998,290
11,4,17949.3180773256,290
12,4,18999.9960775077,290
13,4,20001.2630326487,290
14,4,20939.4742636532,340
15,4,21682.7057657139,340
16,4,21896.3690853452,340
17,4,21881.9089240953,340
18,4,21592.6618156377,340
19,4,20718.4630180446,290
20,4,20104.3130792007,340
21,4,20848.9979398642,140
22,4,20856.5567795411,140
23,4,19959.9450228587,110
24,4,18897.5701475684,140
1,5,17607.5189950503,110
2,5,16347.3289072365,90
3,5,15487.823923707,90
4,5,14809.4268120583,140
5,5,14493.0620846269,90
6,5,14101.8140794318,110
7,5,14129.8409214057,90
8,5,14959.3588970583,90
9,5,16140.9789684564,90
10,5,17178.2501163818,90
11,5,18157.8208337966,90
12,5,19033.215994346,70
13,5,19911.2910469789,70
14,5,20744.7039134093,70
15,5,21273.6720223175,20
16,5,21477.3240516614,20
17,5,21284.4070893619,20
18,5,20640.9699858911,20
19,5,19670.1419954561,70
20,5,18993.6312237326,70
21,5,19589.7559188083,90
22,5,19498.8558521234,90
23,5,18783.5848343391,90
24,5,18174.3990700748,90
1,6,17323.8690237869,50
2,6,16392.0427725296,70
3,6,15694.9609959684,90
4,6,15183.6720289439,90
5,6,14749.8710658159,50
6,6,14142.7787451167,90
7,6,13623.9100800212,50
8,6,14104.2090532724,360
9,6,15070.4138811175,50
10,6,16257.8061301662,50
11,6,17272.8309852919,90
12,6,18285.5258817626,50
13,6,19404.0170183796,360
14,6,20259.9427667819,50
15,6,20755.749738602,50
16,6,21033.8441191157,140
17,6,20797.7119905083,90
18,6,20560.9889645125,90
19,6,19309.2819999261,90
20,6,18653.7049494134,50
21,6,19249.494101434,90
22,6,19202.8860462391,90
23,6,18545.078190445,50
24,6,17860.9840549631,90
1,7,17253.6009756653,50
2,7,16520.5569781838,360
3,7,15894.8239800204,360
4,7,15254.3210477987,360
5,7,14754.5598752489,340
6,7,14030.0278574685,360
7,7,13110.8509944556,340
8,7,13370.9379006932,360
9,7,14010.096081459,360
10,7,14890.770873948,360
11,7,15936.7460333775,360
12,7,17031.5209255097,360
13,7,18187.5790987453,50
14,7,19063.0870674774,360
15,7,19563.3602085458,50
16,7,19861.1139611169,360
17,7,19911.7189472606,50
18,7,19591.0130184469,90
19,7,18523.4891106188,50
20,7,17640.9737676028,50
21,7,18575.5088650258,70
22,7,19323.2130559264,50
23,7,19496.894821668,70
24,7,19308.0758564044,360
1,1,18569.7458396666,360
2,1,17506.6888576821,360
3,1,16619.4880712181,360
4,1,16107.1399902143,360
5,1,15666.1179508138,360
6,1,15313.6489674784,360
7,1,15235.7280847766,360
8,1,16355.8740730379,340
9,1,17868.5581521913,320
10,1,19143.7289208896,360
11,1,20172.7640210828,340
12,1,21404.0060551669,340
13,1,22577.0889602639,340
14,1,23761.9151956011,340
15,1,24411.7415778339,20
16,1,24413.6189175416,50
17,1,24154.0470459647,20
18,1,23364.6730280215,50
19,1,21976.1960806369,50
20,1,21001.5638587251,90
21,1,21742.2481545024,50
22,1,22273.0507120956,50
23,1,22027.8449950498,360
24,1,21144.86705794,360
1,2,19974.9259924553,360
2,2,18591.5158114601,360
3,2,17654.2210262176,360
4,2,17094.3949397169,360
5,2,16623.3240909521,360
6,2,16140.5140372717,360
7,2,15940.1580051403,360
8,2,16832.6938874456,320
9,2,18119.1618406214,360
10,2,19322.5288046459,360
11,2,20261.3497625636,360
12,2,21537.2950196676,360
13,2,22723.1927722283,360
14,2,23921.4806215651,320
15,2,24532.0561711844,320
16,2,24586.7112333197,320
17,2,24229.6316544618,360
18,2,23315.0240524914,320
19,2,21983.4642068241,50
20,2,21083.6501438171,50
21,2,21759.9492244292,50
22,2,22306.5540811084,50
23,2,22031.4798005205,50
24,2,21189.0539274514,360
1,3,19886.9491203025,360
2,3,18632.7859132271,360
3,3,17679.8831294028,360
4,3,17083.3368665222,360
5,3,16631.9210538156,360
6,3,16216.4800056247,320
7,3,16090.0831391122,140
8,3,16814.3318803273,90
9,3,18049.0912335924,360
10,3,18941.773930816,360
11,3,19611.5009945044,360
12,3,20342.9569435711,360
13,3,21228.2079146812,360
14,3,22062.0149862086,360
15,3,21820.4580702297,360
16,3,20241.3991941694,230
17,3,19152.9081175579,140
18,3,18564.7379840945,140
19,3,17965.894132711,140
20,3,17835.2611991912,110
21,3,18842.4660738716,110
22,3,18987.9801936448,140
23,3,18237.6390152106,140
24,3,17295.3748619091,140
1,4,16082.6229004445,140
2,4,15149.9579907837,110
3,4,14505.5689620981,180
4,4,14076.1189840278,180
5,4,13808.4169712747,140
6,4,13670.5498508476,140
7,4,13661.2860446172,140
8,4,14392.9458385678,140
9,4,15221.3001332665,160
10,4,15823.4169613402,160
11,4,16348.6450630589,160
12,4,16730.7328876946,160
13,4,17013.4841427854,160
14,4,17165.6240179907,160
15,4,17257.5318513507,160
16,4,17376.1770160981,160
17,4,17257.3320449851,160
18,4,17003.4739755373,110
19,4,16534.7541642443,160
20,4,16434.9497687826,110
21,4,17366.5279728915,110
22,4,17647.6349915047,110
23,4,16963.8309022149,110
24,4,16118.5628917504,140
1,5,15120.0848708269,110
2,5,14228.1268808509,90
3,5,13586.9119035429,110
4,5,13232.0449330756,90
5,5,13094.2529943041,140
6,5,12939.2959428681,140
7,5,13033.0090192291,140
8,5,14065.261060867,110
9,5,15128.9530152208,90
10,5,15987.6388178603,50
11,5,16630.2948729652,110
12,5,17281.8871577811,70
13,5,17838.5600636734,110
14,5,18381.508848133,110
15,5,18671.7177781737,360
16,5,18882.6910293992,360
17,5,18896.4759784169,360
18,5,18562.2379776645,90
19,5,17897.9789621294,50
20,5,17349.7541407733,360
21,5,17911.7060497212,50
22,5,18097.3670247284,360
23,5,17389.7268406483,360
24,5,16560.3860974305,50
1,6,15786.3699444685,360
2,6,14915.8989731818,360
3,6,14242.5311007244,50
4,6,13780.3230657531,360
5,6,13459.4951013802,360
6,6,12929.2279505138,50
7,6,12464.2730171406,360
8,6,12995.6789471298,360
9,6,13920.0059640245,360
10,6,14890.5128114456,360
11,6,15665.0740806991,360
12,6,16316.060775659,360
13,6,17101.0540816477,360
14,6,17716.2910913648,50
15,6,18151.0011360636,360
16,6,18542.6502433196,360
17,6,18379.7120150151,50
18,6,18117.7848956427,360
19,6,17298.3799889309,360
20,6,16767.380177352,360
21,6,17324.5401063734,360
22,6,17489.6858549691,50
23,6,16928.817879945,50
24,6,16190.9059413329,90
1,7,15488.7380918339,90
2,7,14824.1999360439,50
3,7,14188.4430626589,0
4,7,13712.2290800106,0
5,7,13361.8160394833,0
6,7,12757.8689321922,140
7,7,11927.7349988995,0
8,7,12173.420918881,0
9,7,12949.2629689258,360
10,7,14036.9750121115,0
11,7,14991.9590531439,360
12,7,16007.8749788105,160
13,7,17137.5300241265,140
14,7,18042.1868350024,140
15,7,18694.5090330413,50
16,7,19085.4690323009,50
17,7,19224.6391502548,360
18,7,19016.9748250269,360
19,7,18170.3662377814,360
20,7,17597.0361228323,20
21,7,18391.5971556645,20
22,7,19367.1828629351,50
23,7,19371.4880711897,50
24,7,18475.599133763,50
1,1,17891.4110577232,50
2,1,16999.4178263717,360
3,1,16272.3341445489,360
4,1,15759.6190391192,360
5,1,15433.2992250393,50
6,1,14989.6281898033,360
7,1,15137.3311429839,0
8,1,16304.6677704187,340
9,1,18044.3230737946,360
10,1,19567.6510991408,360
11,1,20827.1881370307,360
12,1,22072.019970465,340
13,1,23387.2182768931,360
14,1,24653.2472580217,360
15,1,25319.1102618682,320
16,1,25528.4340937803,320
17,1,25274.1387909376,360
18,1,24444.2460483774,50
19,1,23016.7578767701,50
20,1,21960.8689088551,340
21,1,22430.1699065852,90
22,1,23140.3392708558,50
23,1,22919.6507443036,360
24,1,22232.3152911975,340
1,2,20961.3401686898,360
2,2,19750.8989864527,360
3,2,18731.7070784909,360
4,2,18091.3199981865,360
5,2,17511.910063403,320
6,2,16858.6300496827,320
7,2,16536.3470442919,360
8,2,17584.0089701945,320
9,2,19110.7610630672,340
10,2,20583.02495356,340
11,2,21782.838052188,340
12,2,23118.6839329493,20
13,2,24557.9648787449,340
14,2,25641.2699673711,340
15,2,26203.1102010249,340
16,2,26183.0529109212,340
17,2,25956.155992989,340
18,2,25129.7879194999,20
19,2,23798.1099746949,340
20,2,22573.518831668,340
21,2,22890.7190851368,360
22,2,23662.6781492583,360
23,2,23627.7332741297,20
24,2,23067.0441579423,50
1,3,22027.1720995933,50
2,3,20805.3268068559,360
3,3,19848.9651720026,340
4,3,19152.4387700842,320
5,3,18676.1829103394,320
6,3,17963.4650254617,340
7,3,17589.3971584244,340
8,3,18313.0057503362,320
9,3,19686.8460540124,20
10,3,21155.172058661,90
11,3,22361.1280189897,0
12,3,23677.3523438689,340
13,3,24909.8157438817,340
14,3,25931.7228450323,320
15,3,26117.4734078827,320
16,3,26165.0077902065,320
17,3,25530.2312063989,0
18,3,24748.9663363253,360
19,3,23370.6450545443,0
20,3,22389.4729694566,50
21,3,22732.9477432901,360
22,3,23053.8628730937,50
23,3,22776.4518454042,50
24,3,22319.3699992676,360
1,4,21579.4459885186,360
2,4,20661.6470014793,360
3,4,19533.9648939078,360
4,4,18582.7111107879,140
5,4,17891.2220269092,180
6,4,16992.0490459385,360
7,4,16067.1688526347,50
8,4,16022.4111296635,50
9,4,16699.4862092659,0
10,4,17473.5260875304,360
11,4,18457.4951805105,270
12,4,19526.8500613985,270
13,4,20904.5069751637,270
14,4,21733.5769409263,270
15,4,22401.8166025067,270
16,4,22260.2949886275,140
17,4,22436.9750965289,270
18,4,22051.8091412894,50
19,4,21300.8628313481,360
20,4,20611.1050600903,360
21,4,21114.9559598784,360
22,4,21816.6947516738,0
23,4,21644.9897969016,0
24,4,21273.2038587132,0
1,5,20590.9782668422,0
2,5,19693.7831050237,0
3,5,18851.2790360437,360
4,5,18230.4968776354,0
5,5,17664.7880912074,360
6,5,16850.3179512699,360
7,5,16026.9499097499,360
8,5,16369.7248601425,340
9,5,17365.6591853215,340
10,5,18649.5458381474,340
11,5,19897.0582057501,320
12,5,21346.8702219781,340
13,5,23007.9229581305,340
14,5,24134.5487223158,340
15,5,24475.2431757268,340
16,5,24460.174011965,320
17,5,24062.4847269247,320
18,5,23579.2290284769,360
19,5,22671.5863173947,360
20,5,20719.5299149565,20
21,5,20084.7060028003,250
22,5,19923.1117988094,140
23,5,19298.4112178986,50
24,5,18862.8911017388,50
1,6,18104.7170058014,140
2,6,17439.3968745791,90
3,6,16906.5048988862,90
4,6,16429.5830642274,90
5,6,16054.1471489677,50
6,6,15488.4000113821,90
7,6,14883.7120140372,90
8,6,15049.4171441677,70
9,6,15544.6968591055,70
10,6,16290.3500731144,50
11,6,16923.260697017,90
12,6,17575.113127904,90
13,6,18344.602342675,50
14,6,18847.9882523492,50
15,6,19207.6100051482,70
16,6,19493.9230060524,360
17,6,19735.2659196015,50
18,6,19606.7190400893,90
19,6,18840.0879028428,90
20,6,18137.6929986732,90
21,6,18696.1459598326,90
22,6,19106.7268767729,50
23,6,18707.4398708129,90
24,6,18187.3458021588,90
1,7,17605.6641340386,90
2,7,17030.570984642,360
3,7,16484.3280893276,360
4,7,16002.2269301685,360
5,7,15589.8069642866,360
6,7,14905.4229180524,360
7,7,14102.6829224294,360
8,7,14233.7348331208,320
9,7,14924.9319987828,340
10,7,15868.4089482944,340
11,7,16907.645000332,340
12,7,18212.2891699398,340
13,7,19495.298966218,290
14,7,20630.5239773118,290
15,7,21412.3381326491,340
16,7,21710.5447647171,290
17,7,21685.8300110339,290
18,7,21354.1780170588,290
19,7,20296.154925405,290
20,7,19167.2249985263,160
21,7,19462.425966219,140
22,7,20130.9279727973,140
23,7,20249.1740282839,90
24,7,19871.0769391246,160
1,1,18801.9887277484,140
2,1,17709.7200491317,140
3,1,16779.7379939943,160
4,1,16067.5359473972,110
5,1,15680.0440292908,90
6,1,15190.2259392489,140
7,1,14915.8370121261,140
8,1,15793.6141222981,90
9,1,16977.2841444699,0
10,1,18000.574956133,90
11,1,18794.0908956686,90
12,1,19418.0958776192,20
13,1,20150.3807843941,90
14,1,20990.1092103263,360
15,1,21553.9121123329,360
16,1,21827.3622410856,360
17,1,21585.642019575,360
18,1,20647.7899180995,90
19,1,19422.5988832968,90
20,1,18488.7329837093,90
21,1,18821.5019080285,90
22,1,19286.3649977334,90
23,1,18803.6381120039,90
24,1,18141.3960256146,90
1,2,17263.6090437205,90
2,2,16181.8269806614,90
3,2,15377.3339243194,140
4,2,14983.2348833377,140
5,2,14684.899116503,110
6,2,14264.9690664141,140
7,2,14099.1149614528,90
8,2,15021.0660400819,140
9,2,16175.3171639536,140
10,2,17095.8131456096,90
11,2,17700.5709234523,320
12,2,18435.8061257745,270
13,2,19189.477009624,320
14,2,20000.0871368358,360
15,2,20379.8151069041,360
16,2,20286.9268276338,360
17,2,19839.9587888001,360
18,2,19493.5547827189,360
19,2,18668.4199291756,340
20,2,18300.2921443293,360
21,2,18931.2058317615,320
22,2,19558.7531484811,320
23,2,19221.8120791689,320
24,2,18616.6170768081,320
1,3,17609.2979432936,320
2,3,16650.5770596208,340
3,3,15779.0629484593,340
4,3,15328.8451455398,340
5,3,15005.8510721782,340
6,3,14651.2859359961,320
7,3,14507.3409106804,320
8,3,15498.6949838529,290
9,3,16896.3670125897,320
10,3,18134.6370051447,320
11,3,19075.2240584483,270
12,3,20184.9909814945,320
13,3,21340.9069513972,360
14,3,22590.3050785139,360
15,3,23559.8109450173,360
16,3,24022.9698639554,360
17,3,23999.2085984573,320
18,3,23605.00211538,360
19,3,22238.2052666331,360
20,3,21139.1360385854,360
21,3,21406.1310645039,340
22,3,21908.3409528825,340
23,3,21562.8679806013,340
24,3,21104.8099202625,340
1,4,20145.4399903882,340
2,4,18812.8121374473,20
3,4,17626.8400260564,160
4,4,16855.2481655478,160
5,4,16282.6188311771,160
6,4,15711.0688843178,160
7,4,15240.2638946343,160
8,4,15727.0979892253,20
9,4,16637.1298130048,180
10,4,17557.3822176172,180
11,4,18400.182050366,160
12,4,19178.2441437468,140
13,4,19831.671934519,160
14,4,20329.8789898725,140
15,4,20766.6629991994,110
16,4,20862.9940708019,110
17,4,20753.5439042412,110
18,4,20113.9889559499,110
19,4,19069.350900827,110
20,4,18311.7519164775,90
21,4,18578.9791691523,90
22,4,18853.7181007992,90
23,4,18293.3510992639,90
24,4,17601.3419630302,90
1,5,16722.5070116436,50
2,5,15809.5600269083,90
3,5,15132.2230494432,90
4,5,14608.5049879067,90
5,5,14373.007138045,90
6,5,13973.5361119304,90
7,5,13872.1230676989,110
8,5,14691.8290458713,140
9,5,15823.4950832138,110
10,5,16642.071892112,110
11,5,17307.1720120008,110
12,5,17820.3362280517,70
13,5,18470.2109774984,50
14,5,19030.9149345541,20
15,5,19401.5650341734,20
16,5,19423.7251691055,20
17,5,19166.9398905896,20
18,5,18549.0339207295,20
19,5,17677.0817981102,110
20,5,17043.3542051297,70
21,5,17449.8749760054,90
22,5,17495.4222212373,70
23,5,16807.0729516149,70
24,5,15943.0408266168,90
1,6,15033.9410288907,70
2,6,14342.9658816601,50
3,6,13656.7880168519,360
4,6,13243.7358955042,360
5,6,12882.0459780562,360
6,6,12431.1490550949,360
7,6,11990.0199553622,360
8,6,12343.4900410026,360
9,6,13014.7298841863,360
10,6,13777.7940506171,360
11,6,14269.3579697474,360
12,6,14673.2638174733,20
13,6,15034.6850456781,20
14,6,15185.6591222212,50
15,6,15262.7129622689,50
16,6,15297.9209504785,70
17,6,15390.9450439218,70
18,6,15385.075798911,50
19,6,15130.5648233918,50
20,6,14942.4760308869,50
21,6,15674.1381343342,90
22,6,15922.3298118738,50
23,6,15320.7840462587,50
24,6,14614.6791269407,50
1,7,13970.6659745078,50
2,7,13246.1701578598,360
3,7,12638.6709680809,50
4,7,12263.5689507787,320
5,7,12046.9020584309,360
6,7,11471.5989119103,360
7,7,10822.8669542025,320
8,7,10946.9919062117,360
9,7,11574.4449068708,360
10,7,12327.9600158361,360
11,7,13187.6668800777,360
12,7,13995.8059088876,360
13,7,14007.5139580378,360
14,7,14134.2109043271,50
15,7,14038.092013198,20
16,7,13941.6769067857,90
17,7,14177.6420799419,90
18,7,14421.7501468463,50
19,7,14464.9599902246,140
20,7,14492.5309976013,50
21,7,15418.7529820111,50
22,7,16241.4057862274,50
23,7,16151.8627906078,50
24,7,15760.7338918708,50
1,1,15090.9968990991,20
2,1,14306.1779190532,360
3,1,13724.4229381968,360
4,1,13310.2178604389,360
5,1,13145.1870329332,360
6,1,12901.7569358795,360
7,1,13019.8408575652,360
8,1,14104.3669829273,360
9,1,15510.6969994891,360
10,1,16754.5558220111,360
11,1,17771.1321862524,360
12,1,18646.9168344252,360
13,1,19561.3399149217,360
14,1,20301.8058737479,360
15,1,20856.9163106941,360
16,1,21109.0451441216,50
17,1,21004.9429996642,50
18,1,20495.0721418217,50
19,1,19511.2199766361,50
20,1,18658.2470681435,50
21,1,18972.4781423234,70
22,1,19541.4611355074,70
23,1,19116.1810044516,70
24,1,18593.351083253,70
1,2,17731.6152526275,50
2,2,16767.1481069941,360
3,2,15935.3961404269,360
4,2,15249.6718505421,360
5,2,14798.5501776435,340
6,2,14155.5831171945,340
7,2,13561.2250935398,360
8,2,14225.6519360491,360
9,2,15338.0679422226,20
10,2,16584.8290974102,20
11,2,17606.796994138,20
12,2,18657.2031814195,20
13,2,19724.2578839003,20
14,2,20729.9998409435,20
15,2,21351.5700095724,70
16,2,21624.0429923106,20
17,2,21648.4890020601,20
18,2,21173.2471217583,70
19,2,20077.5278552342,20
20,2,19018.1341115115,70
21,2,19274.4839602215,50
22,2,19846.3918341557,50
23,2,19609.8640526244,70
24,2,19228.9592469623,50
1,3,18329.0550531419,360
2,3,17296.599080543,50
3,3,16426.1449938519,360
4,3,15836.9299581265,360
5,3,15457.6939598667,50
6,3,15090.0269602323,360
7,3,15017.0981871169,50
8,3,16041.8888625427,360
9,3,17395.4860566873,360
10,3,18574.1990225688,360
11,3,19610.8428968899,360
12,3,20667.9408118464,360
13,3,21835.1740841903,360
14,3,22846.9769944418,360
15,3,23586.7699303264,320
16,3,23774.9548920011,50
17,3,23423.4200567402,20
18,3,22594.7170677882,90
19,3,21312.36809023,50
20,3,20234.6229868671,50
21,3,20427.9520819653,70
22,3,20944.0600333296,70
23,3,20700.6368673413,70
24,3,20234.9072542902,70
1,4,19461.8791549192,70
2,4,18397.8209946831,20
3,4,17452.1148294103,20
4,4,16824.4919555391,340
5,4,16367.78604525,340
6,4,15939.0980175328,20
7,4,15563.7230639984,20
8,4,16359.945007934,360
9,4,17534.8508914849,360
10,4,18620.0909323255,360
11,4,19719.1800903389,360
12,4,20643.6347177373,20
13,4,21842.0632645441,360
14,4,23060.9219783666,360
15,4,23837.2260525809,360
16,4,24002.0160595037,360
17,4,23744.4741289699,50
18,4,22833.0947974618,50
19,4,21435.2647930221,50
20,4,20428.485119753,50
21,4,20657.1999665084,50
22,4,21312.0249421494,90
23,4,21047.0819450999,70
24,4,20401.0970180416,180
1,5,19470.4639498582,230
2,5,18492.8659373438,270
3,5,17663.6772134537,320
4,5,17015.1171872774,320
5,5,16565.8510415014,360
6,5,16066.0100536821,0
7,5,15565.9550474361,360
8,5,15968.6882351225,320
9,5,16823.7818356194,360
10,5,17584.2867713887,320
11,5,18065.6459374789,360
12,5,18511.4570644582,50
13,5,19128.6368910545,360
14,5,19541.3762013973,360
15,5,19747.8009601154,360
16,5,19683.0288524875,50
17,5,19347.1130022225,360
18,5,18720.2789309537,360
19,5,17960.8158364058,320
20,5,17446.3788932399,360
21,5,18089.3229171503,50
22,5,18464.1208344689,90
23,5,18159.1091455063,140
24,5,17590.0148142036,90
1,6,16657.7129567564,140
2,6,15732.9959941152,180
3,6,14906.8138079138,140
4,6,14226.2800571481,180
5,6,13756.7080351878,140
6,6,13291.1370277661,180
7,6,12372.3139495458,140
8,6,12348.065970805,140
9,6,12778.9519392555,140
10,6,13256.6660519713,140
11,6,13535.4690697351,140
12,6,13658.6870552464,140
13,6,13842.9640505216,140
14,6,13989.7550960295,140
15,6,13952.026911193,140
16,6,13878.0569190295,140
17,6,13805.4869828401,140
18,6,13714.9939575526,180
19,6,13591.581788789,140
20,6,13750.6771281929,140
21,6,14630.5620789449,140
22,6,14546.4211446167,140
23,6,13220.9549225401,140
24,6,12431.1582389203,90
1,7,11829.8029841753,90
2,7,11593.6710154624,140
3,7,11331.6670694451,140
4,7,10958.9248812892,140
5,7,10642.1439689423,90
6,7,10154.4779857844,140
7,7,9402.62801173143,0
8,7,9280.07508360781,140
9,7,9450.94295905763,180
10,7,9811.39693897858,90
11,7,10298.1759598521,140
12,7,10810.2429715366,180
13,7,11235.3300553607,160
14,7,11413.9180082356,180
15,7,11474.6219392475,180
16,7,11556.5520551233,180
17,7,11667.5318603935,180
18,7,11739.4879468302,360
19,7,11771.2261207257,360
20,7,11929.5530551242,360
21,7,12989.5660735148,340
22,7,13913.2499038641,160
23,7,13751.0520649503,270
24,7,13242.2228876096,0
1,1,12593.442860676,0
2,1,11938.4490604997,340
3,1,11448.2170007452,0
4,1,11172.9530362682,340
5,1,11106.4599660058,340
6,1,11094.1530820229,270
7,1,11250.9200118883,0
8,1,12239.9389776597,340
9,1,13423.2308754225,320
10,1,14420.4248394337,270
11,1,15158.6881472771,270
12,1,15778.6950739338,180
13,1,16348.7750097574,230
14,1,16845.2889000061,180
15,1,17014.2640781992,90
16,1,17252.9158912762,0
17,1,17304.1267808168,320
18,1,17172.0150549677,320
19,1,16718.6250859597,340
20,1,16372.098137069,360
21,1,17036.3878820827,320
22,1,17775.9268874964,320
23,1,17165.5370448129,320
24,1,16408.9070145364,340
1,2,15535.9891122696,360
2,2,14576.2778671596,50
3,2,13881.1450665696,0
4,2,13355.8508518059,270
5,2,13217.3400536748,270
6,2,12916.8769866158,320
7,2,12760.2899279417,320
8,2,13638.7740834898,270
9,2,14862.8881442614,320
10,2,15806.0040973439,270
11,2,16503.8618823403,360
12,2,17261.884069568,320
13,2,17865.0690369676,360
14,2,18307.2168857032,320
15,2,18580.3589636799,360
16,2,18736.6850985339,360
17,2,18708.0721278903,360
18,2,18576.2731985388,360
19,2,18026.4471470076,360
20,2,17489.7759267762,320
21,2,17968.1591247581,320
22,2,18615.2380321343,320
23,2,18078.7049686676,320
24,2,17251.9159355396,340
1,3,16274.0829301579,340
2,3,15406.4858923561,320
3,3,14666.5360635193,290
4,3,14153.4889529767,290
5,3,13866.8140389216,290
6,3,13625.0181328766,290
7,3,13337.2859626696,270
8,3,14162.3409000685,270
9,3,15253.5630517784,200
10,3,16295.7850714317,200
11,3,17047.2730382559,140
12,3,17749.8410304561,230
13,3,18420.3827918326,180
14,3,19077.837855014,140
15,3,19455.4761574536,230
16,3,19679.9899410305,140
17,3,19558.395140914,140
18,3,19161.1160856853,140
19,3,18427.3579983836,140
20,3,17738.6152303079,90
21,3,17992.0078901113,90
22,3,18488.3670785171,90
23,3,17735.3020854224,90
24,3,16939.6698705801,90
1,4,16011.2010852462,50
2,4,15022.202833944,90
3,4,14325.7331581234,90
4,4,13853.4991087606,140
5,4,13586.0459732488,140
6,4,13207.4839427532,140
7,4,13012.8779948163,140
8,4,13796.6430938164,0
9,4,14873.7999687055,290
10,4,15856.6150585217,340
11,4,16654.7870195804,270
12,4,17428.9441359041,250
13,4,18177.2899966531,160
14,4,19031.1220462858,160
15,4,19755.0920200606,250
16,4,20061.6849888859,200
17,4,20082.0740940084,340
18,4,19746.4929948489,360
19,4,18932.5288812732,360
20,4,18313.6417704632,360
21,4,18632.6849824875,340
22,4,19242.4259709371,320
23,4,18888.3680144721,320
24,4,18259.5337976152,320
1,5,17377.0670952639,340
2,5,16378.1539105591,340
3,5,15577.1879339833,340
4,5,14989.0399579656,340
5,5,14641.9419237878,290
6,5,14205.560934769,290
7,5,13775.8370874554,320
8,5,14418.5119177777,320
9,5,15664.5959464719,320
10,5,16958.1019604059,340
11,5,18000.8382171574,320
12,5,19105.3850011874,320
13,5,20467.8971451945,270
14,5,21693.6188734095,340
15,5,22482.300987964,360
16,5,22865.9568669435,320
17,5,22759.0707509585,140
18,5,22333.0768901346,340
19,5,21419.6429652383,270
20,5,20547.4599637254,320
21,5,20753.0270807994,320
22,5,21294.6742048273,320
23,5,20979.4801553609,320
24,5,20404.0181673346,320
1,6,19633.1609398918,320
2,6,18665.5479168231,270
3,6,17612.9150526887,110
4,6,16899.2027199725,90
5,6,16218.9611626128,90
6,6,15440.1621166696,90
7,6,14340.0278333009,90
8,6,14367.0360091864,90
9,6,15066.7828895631,90
10,6,15934.9868892324,90
11,6,16661.9109020079,90
12,6,17404.8391879848,50
13,6,18441.8119571642,360
14,6,19420.7142068567,360
15,6,19973.449173141,50
16,6,20097.4119069339,50
17,6,19762.7719484761,90
18,6,18945.3710119077,90
19,6,17883.2520705133,90
20,6,17098.674998539,50
21,6,17474.4738375675,90
22,6,17105.1089729965,50
23,6,15660.6128763463,50
24,6,14726.4631869178,90
1,7,13952.2540342961,50
2,7,13850.4011199763,90
3,7,14157.3040844183,50
4,7,14098.8260784446,50
5,7,13880.3779795421,50
6,7,13510.3011529567,50
7,7,12612.3719676305,50
8,7,12250.9200259182,90
9,7,12403.9750033855,70
10,7,12691.9518490604,70
11,7,13047.2309769425,140
12,7,13461.6560509731,140
13,7,13777.13903437,140
14,7,13901.6338847503,140
15,7,13927.2290665491,160
16,7,13859.4089937378,160
17,7,13811.0240223096,160
18,7,13732.5580941685,160
19,7,13613.8100388732,160
20,7,13424.9328595318,200
21,7,14207.077110284,0
22,7,15111.6089974053,0
23,7,15127.3841019166,230
24,7,14749.312040993,230
1,1,14228.6250456111,230
2,1,13569.2040318167,230
3,1,12938.3601707804,230
4,1,12473.9889408424,230
5,1,12315.9079876086,230
6,1,12278.7709278417,180
7,1,12086.2660493352,180
8,1,12629.9490784251,230
9,1,13676.8709870155,180
10,1,14599.5120413047,180
11,1,15163.0678528906,180
12,1,15652.410988892,230
13,1,16182.193805089,180
14,1,16775.252882428,230
15,1,17246.1818850597,180
16,1,17538.2549715019,180
17,1,17659.5000362208,230
18,1,17579.1888621503,180
19,1,17035.7779554382,230
20,1,16539.976052477,180
21,1,17021.5340707202,180
22,1,17877.5328896558,180
23,1,17634.8228675583,0
24,1,16925.0351452385,360
1,2,16033.6571076781,50
2,2,15149.4249923266,340
3,2,14427.0490266446,360
4,2,13916.102026524,360
5,2,13596.2530337234,340
6,2,13295.7650424922,320
7,2,12990.9480905463,320
8,2,13686.8248967142,320
9,2,14659.8998942922,320
10,2,15547.1210183981,320
11,2,16242.0109069054,270
12,2,16794.4671106278,270
13,2,17332.5979849487,250
14,2,18014.9211189698,250
15,2,18544.014066627,230
16,2,18853.9822872391,270
17,2,18907.9349938964,230
18,2,18644.518056236,230
19,2,17918.1818973543,230
20,2,17222.3768026752,230
21,2,17622.1329215872,180
22,2,18373.8778325496,230
23,2,17925.8858575942,140
24,2,17237.4179560886,180
1,3,16158.9388932399,90
2,3,15303.2040004544,90
3,3,14453.7130567776,90
4,3,13923.8631450487,90
5,3,13547.6470084121,90
6,3,13198.8868595629,0
7,3,12893.5860187146,140
8,3,13621.2880068321,90
9,3,14850.0569926545,90
10,3,15933.1231196995,90
11,3,16788.4999404857,110
12,3,17695.5882487881,90
13,3,18639.9649043931,140
14,3,19517.7629307122,140
15,3,20232.1991448149,50
16,3,20464.5880866719,50
17,3,20343.598140206,360
18,3,19894.754071079,360
19,3,18981.0649457336,360
20,3,18103.4880681362,90
21,3,18369.1720596575,20
22,3,18948.7871394549,20
23,3,18549.3220344316,20
24,3,17940.739108861,20
1,4,17093.3871184294,360
2,4,16202.0138466083,360
3,4,15383.826220518,360
4,4,14784.6628988124,360
5,4,14393.0851007988,360
6,4,13970.465882997,340
7,4,13559.0690051899,340
8,4,14235.9169769913,340
9,4,15410.4337791759,340
10,4,16535.7179893993,320
11,4,17499.2830927901,360
12,4,18571.7819219592,360
13,4,19737.638955161,50
14,4,20793.9047991659,50
15,4,21590.0539877468,0
16,4,21820.8809427766,360
17,4,21702.4339897518,90
18,4,21202.097022427,90
19,4,20217.0979947564,50
20,4,19324.7999491,90
21,4,19469.6129785958,90
22,4,20120.1410722053,90
23,4,19873.7622040613,50
24,4,19386.4391625826,50
1,5,18642.8899822952,50
2,5,17745.6069403839,360
3,5,16915.3398327761,20
4,5,16315.434837519,50
5,5,15872.8279401478,360
6,5,15339.3310286505,360
7,5,14738.5779750156,360
8,5,15373.9079953083,360
9,5,16654.7609949184,20
10,5,18005.0520548474,360
11,5,19130.0160774775,360
12,5,20249.3978749025,320
13,5,21532.5681761331,360
14,5,22695.3368655159,360
15,5,23407.2982246033,360
16,5,23618.7431187087,50
17,5,23215.4760243928,90
18,5,22377.742825059,50
19,5,21203.1549805382,90
20,5,20140.3179838969,50
21,5,20260.7301751049,90
22,5,20795.9619430872,50
23,5,20524.6570295217,50
24,5,20156.7739185514,50
1,6,19414.3610688923,50
2,6,18640.5068419919,360
3,6,17746.4920493858,360
4,6,17100.6389518259,360
5,6,16514.7032600874,360
6,6,15763.7750728931,50
7,6,14791.4400351304,50
8,6,14845.2017494263,50
9,6,15519.1621423694,20
10,6,16511.8278709238,20
11,6,17349.7990318104,360
12,6,18240.4649780651,360
13,6,19357.6632528973,360
14,6,20340.8522295631,20
15,6,20776.7221171425,20
16,6,21150.59191242,50
17,6,20967.1550733533,50
18,6,20356.7149685095,50
19,6,19403.8611677609,70
20,6,18488.5810911402,70
21,6,18661.7000881326,90
22,6,19128.657042522,90
23,6,18735.6868707677,90
24,6,18352.9150834116,50
1,7,17925.429869201,50
2,7,17290.4640254304,50
3,7,16643.9239390232,50
4,7,15976.5019556223,360
5,7,15475.3668806161,360
6,7,14862.8318755599,360
7,7,13844.5590095022,360
8,7,13714.816015558,360
9,7,14196.9200211786,360
10,7,14774.6390934358,360
11,7,15646.0439622211,360
12,7,16566.8250387404,360
13,7,17753.3629731999,360
14,7,18648.5689632283,360
15,7,19226.6618143914,50
16,7,19504.7749419422,360
17,7,19412.0229040289,360
18,7,18900.3158779438,360
19,7,18099.1210597507,50
20,7,17372.9600195258,50
21,7,17845.3099496258,50
22,7,18950.4470144929,90
23,7,19094.8440225041,90
24,7,18943.6289699087,110
1,1,18379.9170642542,140
2,1,17605.1960665369,70
3,1,16792.6610552715,360
4,1,16161.43004023,50
5,1,15696.9350660136,360
6,1,15359.1938517177,360
7,1,14958.3209746357,360
8,1,15613.3569250786,360
9,1,16936.8077797322,360
10,1,18240.3851981387,360
11,1,19428.0230816621,340
12,1,20590.1638940833,340
13,1,21915.5328296851,360
14,1,23171.8179347664,360
15,1,23964.9710205877,320
16,1,24085.0702919862,360
17,1,23661.3351702555,50
18,1,22791.2629498122,20
19,1,21373.0010904756,50
20,1,20223.7001089929,70
21,1,20198.0419910764,50
22,1,21032.0901202867,50
23,1,20778.1729472661,70
24,1,20389.1517467545,50
1,2,19658.8719332954,50
2,2,18642.8611793518,50
3,2,17681.7441325784,90
4,2,17072.3930551866,90
5,2,16570.6760332398,360
6,2,16135.4319002135,360
7,2,15681.0959897228,360
8,2,16230.054978864,360
9,2,17527.044180257,360
10,2,18916.592250227,320
11,2,19965.4438797976,360
12,2,21247.853973221,360
13,2,22502.4439688744,360
14,2,23709.416854593,360
15,2,24467.2557050055,360
16,2,24582.2038506451,360
17,2,24232.2981599304,360
18,2,23231.1519494313,360
19,2,21923.6058472162,360
20,2,20701.1518700561,50
21,2,20750.6219461812,50
22,2,21448.3320764936,90
23,2,21290.8700232608,50
24,2,20875.8639647551,50
1,3,20212.0452091424,50
2,3,19148.11696616,90
3,3,18274.0341157177,50
4,3,17597.8147867527,50
5,3,17030.9338840367,50
6,3,16606.9750482845,50
7,3,15998.6059663682,0
8,3,16312.3039032741,0
9,3,17167.3871353394,180
10,3,17966.5411093151,180
11,3,18658.9219593024,140
12,3,19226.9350550527,180
13,3,19754.7889694865,180
14,3,20231.0260614171,160
15,3,20425.535876086,180
16,3,20519.9922108864,140
17,3,20333.9448950388,230
18,3,20012.3129732953,160
19,3,19240.8850970017,160
20,3,18540.04405504,180
21,3,18936.6521029761,140
22,3,19639.8391483361,140
23,3,19225.1130538424,140
24,3,18659.6959242607,230
1,4,17778.0270322049,230
2,4,16825.4450877784,270
3,4,16055.2999743549,270
4,4,15623.3540075095,0
5,4,15119.0049842848,90
6,4,14865.2019043555,90
7,4,14394.8420275394,140
8,4,14748.2308874372,140
9,4,15651.3679240644,110
10,4,16352.3638571072,110
11,4,17003.0369644917,160
12,4,17743.8348221811,180
13,4,18427.5521632987,160
14,4,18993.1150369523,160
15,4,19085.6039790572,200
16,4,18924.2089066363,160
17,4,18561.4971054746,200
18,4,18094.1170330914,200
19,4,17337.3658400076,200
20,4,16809.6599872536,200
21,4,17467.8098718231,160
22,4,18106.5079300203,50
23,4,17645.1550133242,50
24,4,16960.4919553101,50
1,5,16057.1190679553,360
2,5,15124.9899930777,90
3,5,14345.7179105673,360
4,5,13885.7210141625,320
5,5,13621.3459368232,0
6,5,13447.8330773198,230
7,5,13108.5219654115,230
8,5,13647.602012123,230
9,5,14670.5411431799,140
10,5,15655.3478956193,140
11,5,16285.8739766533,140
12,5,16820.1921082204,140
13,5,17313.7451089704,140
14,5,17650.4411443081,140
15,5,17910.4691081401,140
16,5,18035.1980323396,160
17,5,18176.8921386446,230
18,5,18019.4860377489,160
19,5,17464.5868942505,110
20,5,16970.6302861879,110
21,5,17360.9760607928,160
22,5,17899.4959677213,160
23,5,17309.9639541841,140
24,5,16576.5801699156,140
1,6,15828.8667869587,110
2,6,14998.1119411623,110
3,6,14281.9381183367,230
4,6,13834.5400075666,320
5,6,13431.8409253536,270
6,6,13122.2119545825,250
7,6,12416.2599876914,250
8,6,12650.1459549302,290
9,6,13456.2839970635,270
10,6,14486.8151419028,270
11,6,15286.2031403375,270
12,6,15923.0891045281,270
13,6,16705.9449427994,0
14,6,17422.1529857214,360
15,6,18004.7788828118,320
16,6,18336.3972058645,360
17,6,18461.8508805232,320
18,6,18258.0539024915,360
19,6,17782.7661668616,360
20,6,17167.2820709692,320
21,6,17578.2040743576,360
22,6,18077.7960708614,320
23,6,17579.0562459198,320
24,6,16954.9349840195,360
1,7,16331.3439874826,0
2,7,15621.4518999036,320
3,7,14958.1950358421,320
4,7,14394.3380162632,320
5,7,13955.1658940082,320
6,7,13503.5509693273,320
7,7,12570.4080394967,320
8,7,12506.7581097167,360
9,7,13040.6189751863,360
10,7,13838.0980009926,360
11,7,14731.9458457357,320
12,7,15661.7099189585,320
13,7,16736.4838863276,320
14,7,17604.5620460636,360
15,7,18183.1990694227,320
16,7,18646.0701307408,360
17,7,18736.296893728,360
18,7,18530.8908185358,360
19,7,17902.4220227683,360
20,7,17233.7511845729,360
21,7,17946.5321309874,50
22,7,19161.7319163296,50
23,7,19330.1198276085,50
24,7,19071.8558781957,20
1,1,18423.9268035991,20
2,1,17448.3068132484,360
3,1,16646.8439448169,50
4,1,16097.3838755405,20
5,1,15745.8848846806,360
6,1,15505.954087765,320
7,1,15124.2410520832,320
8,1,15811.8821313325,360
9,1,17221.8702465333,340
10,1,18579.052226102,340
11,1,19624.8010327369,340
12,1,20936.0040695025,340
13,1,22293.9512854498,360
14,1,23567.4143534638,360
15,1,24380.7629997078,360
16,1,24503.8039021082,360
17,1,24075.6421611253,360
18,1,23164.9542234894,360
19,1,21864.9513459727,20
20,1,20898.3440434169,50
21,1,21328.0031757485,90
22,1,22202.9544296656,50
23,1,22005.5422774283,50
24,1,21561.6371218832,50
1,2,20634.0191695904,50
2,2,19437.0858391291,50
3,2,18520.1779694585,360
4,2,17888.9310355755,360
5,2,17463.2918969532,360
6,2,17088.9639898618,360
7,2,16448.3460470885,360
8,2,16745.4239824394,360
9,2,18119.3897975532,340
10,2,19403.8921704516,340
11,2,20564.3878188841,320
12,2,21705.0090844575,340
13,2,23053.9409784675,20
14,2,24239.9209798984,340
15,2,24883.7759599965,70
16,2,24976.1849099416,20
17,2,24430.9369893353,70
18,2,23529.2520755492,70
19,2,22217.2398226988,70
20,2,21104.7201186642,20
21,2,21418.2389655784,90
22,2,22088.7069870885,90
23,2,22001.8812639425,50
24,2,21704.677078655,50
1,3,20789.5639773067,360
2,3,19677.4330443228,360
3,3,18753.1110283099,270
4,3,18068.4670344424,270
5,3,17490.9150510537,270
6,3,17092.6869486198,270
7,3,16548.2059290714,270
8,3,16796.776994525,290
9,3,17719.0340475328,320
10,3,18477.1179390652,340
11,3,19127.8700362393,320
12,3,19966.2489642506,360
13,3,20943.8327935794,20
14,3,21749.0411249762,70
15,3,22208.0332004484,50
16,3,22311.0077074394,70
17,3,22011.8121799119,50
18,3,21242.8038811535,70
19,3,20164.6910348497,50
20,3,19405.3028807389,50
21,3,20093.2570954878,70
22,3,20954.0320362486,90
23,3,20872.9718933376,110
24,3,20492.8528575292,90
1,4,19788.6201991169,50
2,4,18813.5550846653,360
3,4,17935.2490887633,230
4,4,17415.9881098,340
5,4,16989.464165627,320
6,4,16730.2261956008,320
7,4,16248.2391127925,230
8,4,16783.2968044281,340
9,4,18044.2801752593,360
10,4,19344.7218165137,360
11,4,20535.5709201377,360
12,4,21759.2060073614,340
13,4,23161.5407642536,360
14,4,24469.9719081279,360
15,4,25342.832250502,340
16,4,25534.8549921159,360
17,4,25034.1871667281,50
18,4,24127.5610852586,50
19,4,22855.2520556152,50
20,4,21707.8907768261,50
21,4,21920.1109587345,70
22,4,22882.1838890295,20
23,4,22862.9262394458,70
24,4,22688.8010048093,70
1,5,21975.7989514088,20
2,5,21001.2850642903,340
3,5,20019.2450647471,20
4,5,19255.0168839064,360
5,5,18743.8939368734,340
6,5,18269.0911567686,360
7,5,17622.9419330359,340
8,5,17915.7811860014,20
9,5,19072.9521865007,50
10,5,20328.8819897361,360
11,5,21345.6990442583,360
12,5,22497.7679202408,360
13,5,23730.3467624504,360
14,5,24741.6943044215,360
15,5,24535.9223044701,50
16,5,24487.1121333037,50
17,5,22748.7850148566,90
18,5,21385.8920235084,180
19,5,20405.0170550793,230
20,5,19599.8679980501,230
21,5,19737.8991525127,230
22,5,19910.424027977,230
23,5,19463.9569857866,360
24,5,19057.0649600225,360
1,6,18556.8781877412,360
2,6,17977.6029898208,270
3,6,17242.3528784839,0
4,6,16584.6330567459,230
5,6,16073.5788493315,180
6,6,15766.6160186073,90
7,6,15127.6458655084,180
8,6,14797.4611580563,0
9,6,15282.0000310885,0
10,6,16019.6998642716,180
11,6,16271.1240905407,230
12,6,16671.2569867866,230
13,6,17456.3520742082,230
14,6,18249.8139168088,230
15,6,18828.2039130675,230
16,6,19167.1249936814,180
17,6,19186.0809496115,180
18,6,19095.0079182284,230
19,6,18509.6462473287,180
20,6,17941.938976285,230
21,6,18581.923959312,0
22,6,19251.684140956,0
23,6,18683.4771124497,230
24,6,18008.8240421601,200
1,7,17318.5800509397,230
2,7,16592.687929485,200
3,7,15921.2478816891,230
4,7,15356.6019104291,200
5,7,14881.4871282633,230
6,7,14355.6619229275,200
7,7,13396.5349960346,200
8,7,13193.8329579984,180
9,7,13683.0841399012,180
10,7,14446.3990256754,180
11,7,15300.1938600549,140
12,7,16204.1766589156,180
13,7,17257.9419855678,180
14,7,18263.5779339195,230
15,7,18923.9570077914,270
16,7,19350.149716414,180
17,7,19158.4250005678,230
18,7,18778.8287005802,230
19,7,18143.7549593924,180
20,7,17468.6841341439,180
21,7,18028.1590760117,160
22,7,19034.7760135625,160
23,7,19229.0420189016,160
24,7,19009.4889189508,160
1,1,18374.8110305406,160
2,1,17400.681826992,70
3,1,16667.7420149893,70
4,1,16039.6929611806,70
5,1,15650.2010014262,70
6,1,15473.9610039378,70
7,1,15158.4850616977,70
8,1,15814.0529728197,0
9,1,17151.542099006,20
10,1,18367.7060228656,90
11,1,19411.2349081198,180
12,1,20418.979009565,230
13,1,21558.3599490034,320
14,1,22824.9821509193,340
15,1,23556.2117077922,360
16,1,23662.9819614401,360
17,1,23408.0226932168,320
18,1,22775.4119042512,360
19,1,21564.7611119002,320
20,1,20532.9109071339,50
21,1,20928.8651354667,360
22,1,22030.0010032691,360
23,1,21945.9740311727,50
24,1,21344.5252724309,50
1,2,20294.2310084382,50
2,2,19238.9352494441,360
3,2,18313.2179276198,360
4,2,17553.4369485341,360
5,2,17114.9861179679,360
6,2,16707.2881175315,360
7,2,16094.9499271661,360
8,2,16382.3779424131,320
9,2,17635.3330156896,320
10,2,18797.7790173888,360
11,2,19791.7448609713,290
12,2,20788.6971386913,360
13,2,21949.0709320083,320
14,2,22968.2702300735,320
15,2,23717.6868384341,270
16,2,23710.2390156647,270
17,2,23198.4460612441,270
18,2,22425.1578280441,320
19,2,21343.5151305757,270
20,2,20562.0940995831,270
21,2,21106.4690685049,270
22,2,21883.3555537946,110
23,2,21609.9028101303,0
24,2,21095.7419067938,320
1,3,20179.6010208316,290
2,3,19044.1860982906,230
3,3,18181.5498789679,230
4,3,17448.3158757139,230
5,3,16944.4611740269,140
6,3,16507.4030775976,140
7,3,15995.0729667599,160
8,3,16220.1509106085,160
9,3,17250.8229015395,90
10,3,18237.2020193655,90
11,3,19139.3691708688,200
12,3,20016.3450261354,140
13,3,21045.1679992303,90
14,3,21977.509002544,140
15,3,22473.2600116739,360
16,3,22650.4549336508,360
17,3,22371.1637622528,320
18,3,21739.316048909,360
19,3,20943.6062473785,50
20,3,20234.5498558637,50
21,3,20658.9188978821,70
22,3,21379.0782508627,70
23,3,21080.9830655754,70
24,3,20562.7747885007,70
1,4,19668.1821272299,70
2,4,18647.0940732416,50
3,4,17823.5409999769,70
4,4,17299.2311110012,20
5,4,16868.8540414479,20
6,4,16591.9120150153,360
7,4,16323.2059591785,340
8,4,16603.8250950016,340
9,4,17759.3909169566,320
10,4,18924.4550028592,320
11,4,19957.8382089017,360
12,4,20855.4418742731,340
13,4,21953.5248533487,360
14,4,23028.5351265352,360
15,4,23468.4878651723,360
16,4,23880.8189251516,50
17,4,23825.1189671867,360
18,4,23285.4540026484,360
19,4,22236.17120458,360
20,4,21405.538681183,50
21,4,21905.7388017178,50
22,4,22819.5850360375,50
23,4,22690.8358879015,70
24,4,22227.2000850383,90
1,5,21427.6752076838,50
2,5,20295.7710966039,70
3,5,19301.2740673181,50
4,5,18548.2757834382,360
5,5,18106.7328363154,360
6,5,17799.0030240901,360
7,5,17359.1112137735,340
8,5,17126.5330143644,340
9,5,17338.5809066469,140
10,5,17890.8548998733,140
11,5,18310.9600141663,160
12,5,18733.096755701,90
13,5,19294.0380522059,140
14,5,19621.0958152106,290
15,5,19503.0311965662,270
16,5,19001.4350775164,290
17,5,18518.6749581993,230
18,5,18198.25399906,180
19,5,17488.5920940191,140
20,5,17259.0160885788,140
21,5,18024.3800820876,0
22,5,18582.5308465678,90
23,5,18177.548084829,90
24,5,17529.0549784945,0
1,6,16807.4158809166,0
2,6,16035.0031018583,0
3,6,15329.6478900625,0
4,6,14818.5509700279,0
5,6,14508.6741450409,0
6,6,14260.9849833399,0
7,6,13640.2249964923,90
8,6,13484.0930172643,0
9,6,14107.7849277323,140
10,6,15116.3240283956,140
11,6,15945.0130431391,140
12,6,16758.1970159719,140
13,6,17651.0610166891,140
14,6,18492.0849289659,140
15,6,19066.5550977839,90
16,6,19284.0011611758,50
17,6,19246.3770307908,50
18,6,18987.2360293241,90
19,6,18460.0149005079,50
20,6,17912.1371406419,20
21,6,18546.4678760665,50
22,6,18999.0039597498,50
23,6,18481.9261658266,70
24,6,17892.805974748,70
1,7,17210.3491431819,70
2,7,16494.703326948,70
3,7,15830.3130238429,90
4,7,15293.2050249903,50
5,7,14820.454930881,50
6,7,14348.4458941817,90
7,7,13578.5599518074,110
8,7,13185.4368568165,110
9,7,13612.0181041574,140
10,7,14271.9890325842,70
11,7,15007.9628292024,70
12,7,15854.4178550979,110
13,7,16775.0340259885,70
14,7,17506.1720521552,70
15,7,17961.1021325933,20
16,7,18111.3040868584,70
17,7,17950.2982402863,70
18,7,17553.0431346362,70
19,7,16881.1009260239,20
20,7,16435.2568991231,20
21,7,17226.8050046759,90
22,7,18200.2229801267,90
23,7,18190.3359324951,90
24,7,17797.3862023185,90
1,1,17132.6882300684,90
2,1,16255.5698523186,50
3,1,15513.5961741935,50
4,1,15011.8108914138,360
5,1,14768.0668928324,50
6,1,14674.2999368943,360
7,1,14544.8388966583,50
8,1,15147.7591109183,90
9,1,16383.1929643191,20
10,1,17587.2912049778,20
11,1,18436.9430797845,20
12,1,19317.1918487735,340
13,1,20221.6890375167,340
14,1,21299.3468821459,340
15,1,21913.8330078421,340
16,1,22025.320750281,20
17,1,21904.924002545,360
18,1,21318.085961761,340
19,1,20226.7080436507,340
20,1,19405.9717491344,340
21,1,20081.2491207365,50
22,1,21050.3940601312,50
23,1,20764.1691345796,50
24,1,20193.4389247166,50
1,2,19223.2021678574,90
2,2,18058.956018867,70
3,2,17148.3330265339,50
4,2,16548.7819900271,360
5,2,16142.4590451121,50
6,2,15960.5760878921,90
7,2,15632.7099709138,140
8,2,16090.8468734939,90
9,2,17454.3399334884,90
10,2,18745.0061312318,90
11,2,19805.6660601366,90
12,2,20886.3379047457,50
13,2,22135.1811359078,140
14,2,23344.1019060798,140
15,2,24011.8378288727,360
16,2,24079.1669676676,360
17,2,23673.4160181247,90
18,2,22859.0818204023,50
19,2,21413.7187406477,50
20,2,20388.1509959679,50
21,2,20977.1920452192,50
22,2,21773.190828355,70
23,2,21425.8238654826,70
24,2,20791.6501535866,90
1,3,19880.6447770204,90
2,3,18769.6500836164,70
3,3,17907.8517731428,50
4,3,17249.2019799724,70
5,3,16744.2580282949,50
6,3,16435.6050520409,20
7,3,16079.7360306121,20
8,3,16421.0661700107,50
9,3,17402.0961025916,20
10,3,18375.1832692549,50
11,3,19001.0051876642,50
12,3,19778.3800122403,50
13,3,20721.432184875,50
14,3,21621.813004747,50
15,3,21958.1698008603,340
16,3,21846.0239924508,90
17,3,21429.597893659,90
18,3,20523.955997277,90
19,3,19403.2240033057,50
20,3,18823.3001316693,70
21,3,19582.9870867953,50
22,3,20013.3142001834,90
23,3,19632.0590670686,90
24,3,19069.1720712036,50
1,4,18202.773839809,50
2,4,17285.874009544,90
3,4,16569.5409839237,90
4,4,16076.4838973451,50
5,4,15659.6128803026,50
6,4,15500.7977839243,50
7,4,15403.5669621471,50
8,4,15515.0609634221,50
9,4,16383.9999066179,50
10,4,17126.3710232506,50
11,4,17588.9331091605,360
12,4,18143.1228545234,50
13,4,18721.4590489952,50
14,4,19120.8069609785,70
15,4,19200.7208573408,160
16,4,18998.1890568696,160
17,4,18828.2440298535,110
18,4,18513.0229485575,70
19,4,17916.8710014727,110
20,4,17458.2419956233,110
21,4,18153.4539373023,110
22,4,18577.1268781945,70
23,4,18065.6409967821,70
24,4,17376.3590684417,110
1,5,16436.7020109645,90
2,5,15569.2749960492,110
3,5,14948.5620996649,90
4,5,14461.2110254169,50
5,5,14206.9128884524,90
6,5,14153.0190200689,110
7,5,14128.6730630845,110
8,5,14443.2031024843,110
9,5,15466.299162887,140
10,5,16542.4109732807,140
11,5,17193.5771478843,90
12,5,17770.3090947121,140
13,5,18259.9381714868,90
14,5,18731.6840084493,70
15,5,18925.1840386577,90
16,5,19114.5109619554,50
17,5,19027.8329914398,50
18,5,18758.1980969915,90
19,5,18084.8891169354,50
20,5,17472.3321299497,90
21,5,18132.7150326483,50
22,5,18485.6420873161,90
23,5,17831.3057536073,90
24,5,17038.7108670427,110
1,6,16301.268957709,90
2,6,15491.8340235194,90
3,6,14825.4719607448,90
4,6,14311.1339452816,140
5,6,13900.6141624143,90
6,6,13599.029902705,180
7,6,13015.1699510468,180
8,6,12868.7829961078,90
9,6,13570.6059547658,90
10,6,14433.8698259862,90
11,6,15091.0241946271,140
12,6,15538.8449724428,140
13,6,16082.2010595808,90
14,6,16571.1819251003,50
15,6,16970.2969541675,90
16,6,17193.908948849,90
17,6,17291.1109230458,140
18,6,17183.4999648356,90
19,6,16762.5429451927,140
20,6,16419.4799822913,140
21,6,17146.2449736698,360
22,6,17414.2039640443,50
23,6,16738.458177573,50
24,6,15991.6149711375,70
1,7,15336.2350311885,50
2,7,14680.047045785,90
3,7,14075.6389901256,70
4,7,13543.6780143818,0
5,7,13174.2700405186,0
6,7,12858.4600019925,0
7,7,12124.1309111788,0
8,7,11740.2290533632,0
9,7,12167.1509785559,340
10,7,12986.2031493424,340
11,7,13749.6440233281,340
12,7,14564.9480184792,340
13,7,15545.098887213,290
14,7,16369.8450391195,340
15,7,16967.3629640406,340
16,7,17549.9521357226,340
17,7,17776.0572035136,250
18,7,17724.863026056,290
19,7,17228.3631723626,290
20,7,16848.460912989,290
21,7,17705.7981082154,320
22,7,18605.2149183229,320
23,7,18564.5138716195,360
24,7,18214.9291336201,320
1,1,17478.9531632978,270
2,1,16543.4849994835,320
3,1,15715.2008531457,320
4,1,15126.3529646313,320
5,1,14749.9970028112,320
6,1,14719.0340376338,320
7,1,14654.3870703541,270
8,1,15122.9969620947,270
9,1,16547.944133684,290
10,1,17877.9300639648,290
11,1,18908.4462605957,290
12,1,20032.8441543076,290
13,1,21453.8950022683,340
14,1,22657.882007258,320
15,1,23533.2660134919,320
16,1,23906.0821197107,360
17,1,23674.3050749991,360
18,1,23032.8550486658,360
19,1,21839.9449715614,340
20,1,20872.9621369652,340
21,1,21605.9686813625,320
22,1,22282.1410370017,320
23,1,21911.2950807866,360
24,1,21233.2939298078,360
1,2,20236.4531214274,360
2,2,19160.4643003674,50
3,2,18216.2410147972,360
4,2,17576.6068580132,50
5,2,17050.6120549627,50
6,2,16725.8749015778,50
7,2,16419.8221080897,20
8,2,16498.5239788517,50
9,2,17804.687062731,20
10,2,19230.4249159172,340
11,2,20463.9921535123,340
12,2,21790.2299591713,290
13,2,23300.1511080787,340
14,2,24545.2919088174,360
15,2,25542.3581429925,340
16,2,25674.2140297964,340
17,2,25367.9831635728,360
18,2,24612.170765778,340
19,2,23416.4388970914,360
20,2,22406.8326384071,340
21,2,23047.3019759189,50
22,2,23760.2480598204,50
23,2,23538.5439439788,50
24,2,22962.0017603319,90
1,3,21904.349155413,50
2,3,20801.1889769658,360
3,3,19777.7419856321,360
4,3,19038.1819616482,360
5,3,18435.6319100484,360
6,3,18000.5759175848,360
7,3,17728.6610207334,360
8,3,17592.0419642217,360
9,3,18794.7359861285,290
10,3,20015.6239051837,290
11,3,20918.4238500218,250
12,3,21592.9489317285,160
13,3,22248.8611389911,140
14,3,22665.0850789361,140
15,3,22923.4460439319,110
16,3,22449.8690633764,50
17,3,22908.7192317341,20
18,3,22644.863978209,90
19,3,21720.0090678595,360
20,3,21017.4388666805,50
21,3,21753.5729388092,360
22,3,22319.1238763519,50
23,3,21993.6808296349,50
24,3,21275.2948432546,360
1,4,20221.2651362512,360
2,4,19092.8061453961,320
3,4,18167.0760195721,270
4,4,17449.2680604178,0
5,4,16998.0109085143,230
6,4,16762.161109386,0
7,4,16591.102173904,0
8,4,16860.1469479669,0
9,4,17971.0839030538,0
10,4,19354.9837547205,0
11,4,20502.8559303135,110
12,4,21581.3721540552,110
13,4,22981.1019434556,140
14,4,24185.6090610754,320
15,4,25007.6866224781,340
16,4,25159.058157187,340
17,4,24845.5068574444,340
18,4,24105.5769752515,340
19,4,22920.3533083959,340
20,4,22090.7617378086,360
21,4,22703.0620106477,20
22,4,23315.4459531568,50
23,4,22954.8617314156,50
24,4,22347.6289612353,50
1,5,21349.782121243,50
2,5,20248.9468961321,360
3,5,19294.1820550747,20
4,5,18532.5310486499,360
5,5,18017.8812223803,360
6,5,17664.7370360326,360
7,5,17385.978058625,360
8,5,17478.8371182624,340
9,5,18926.9852003641,340
10,5,20451.0298981853,340
11,5,21851.3278027009,320
12,5,23147.3680297211,320
13,5,24528.3739986997,360
14,5,25805.9488020856,360
15,5,26205.3549769856,340
16,5,26220.8820190448,360
17,5,25911.322820561,360
18,5,25129.2319999393,360
19,5,23880.0772795863,360
20,5,22896.9208208155,360
21,5,23444.9098091219,360
22,5,23760.5600786861,360
23,5,23198.8817747831,0
24,5,22605.7289397111,0
1,6,21764.1561954757,0
2,6,20917.743159798,0
3,6,20126.1439932892,360
4,6,19421.2689810256,360
5,6,18864.6081179101,360
6,6,18362.1799359741,360
7,6,17660.8838921981,360
8,6,17106.1419533882,360
9,6,17912.9480122019,360
10,6,19119.1058636466,340
11,6,20323.5350369597,340
12,6,21526.2631238671,320
13,6,22853.4593100278,320
14,6,23942.7508185906,320
15,6,24629.599166383,360
16,6,24775.3041535551,320
17,6,24527.2303003231,340
18,6,24005.6437200783,320
19,6,22946.3492312534,290
20,6,21970.1528992718,320
21,6,22564.909873954,360
22,6,22895.5141048552,50
23,6,22504.7931549065,50
24,6,22090.7390588457,360
1,7,21557.0070050238,90
2,7,20908.932077135,360
3,7,20245.475043579,360
4,7,19786.8339793058,320
5,7,19351.2438371042,270
6,7,18841.8550413465,320
7,7,17969.4921525186,360
8,7,17101.0029070014,320
9,7,17410.7150059482,340
10,7,18293.8840649202,290
11,7,19296.7260900293,340
12,7,20565.5809206632,290
13,7,21907.4482014501,340
14,7,22946.973863632,340
15,7,23567.6750262203,340
16,7,23919.422980235,340
17,7,23892.3009971576,340
18,7,23274.3658400131,340
19,7,22496.9300918477,340
20,7,21763.6990206027,340
21,7,22636.2027316326,340
22,7,23496.2201683065,340
23,7,23721.1969243437,340
24,7,23504.3939616904,320
1,1,22925.9370228518,320
2,1,22024.4729121625,320
3,1,21134.1879244409,320
4,1,20438.7660104465,290
5,1,19906.4850307535,290
6,1,19598.4058827274,290
7,1,19272.9941979051,270
8,1,18792.992013745,160
9,1,19257.1199484561,230
10,1,19862.6290692706,230
11,1,20351.653886199,90
12,1,20948.9279158283,360
13,1,21578.4381397031,360
14,1,22198.2789181247,320
15,1,22586.0791743379,270
16,1,23054.3438225426,320
17,1,23183.1599507127,200
18,1,22713.5682407822,0
19,1,21619.2048199641,180
20,1,20805.555231059,230
21,1,21758.7800712679,230
22,1,22367.0991578791,230
23,1,22030.4949046727,90
24,1,21468.5938082167,360
1,2,20493.1192000443,320
2,2,19408.4280578746,340
3,2,18513.9700856321,320
4,2,17873.3030901756,320
5,2,17378.9910589773,0
6,2,17283.3129583839,0
7,2,17098.9138298891,0
8,2,17113.2170360954,0
9,2,18261.0520143528,230
10,2,19329.1848745309,200
11,2,20063.5671242066,200
12,2,20848.5891473815,200
13,2,21705.6779980604,290
14,2,22585.5329264496,200
15,2,23163.8218614999,200
16,2,23389.3421931644,200
17,2,23169.7741854242,160
18,2,22354.6431266144,160
19,2,20888.0829279441,200
20,2,19939.5328761637,160
21,2,20527.0560088269,140
22,2,20708.0407081284,140
23,2,20006.7140405346,90
24,2,19404.4690299369,90
1,3,18546.0058121271,90
2,3,17594.8889263049,90
3,3,16668.2569989096,90
4,3,16066.5868231542,90
5,3,15696.5630388223,90
6,3,15519.5771876909,140
7,3,15451.4459196143,140
8,3,15575.2389013022,140
9,3,16628.9531130567,360
10,3,17711.5790465474,360
11,3,18600.8958449718,320
12,3,19445.3488914259,360
13,3,20409.6722055823,360
14,3,21571.0869806574,360
15,3,22486.2201672485,360
16,3,22857.0982880909,340
17,3,22805.8870030865,340
18,3,22250.6451259628,360
19,3,21146.7097997703,340
20,3,20340.222960541,360
21,3,21089.9058803711,340
22,3,21567.3650056478,320
23,3,21123.3051206786,340
24,3,20553.6950408947,320
1,4,19612.5999201257,320
2,4,18544.6319027096,340
3,4,17604.0830449481,290
4,4,16894.5319579449,290
5,4,16372.8859801684,180
6,4,16048.8939649573,0
7,4,16005.5209242473,0
8,4,15879.9271135253,320
9,4,16493.8108907547,320
10,4,17087.1281409655,320
11,4,17524.3692202251,270
12,4,17907.6629537614,270
13,4,18111.0021029329,320
14,4,17870.6390278814,180
15,4,17612.6510752961,180
16,4,17045.0149350334,230
17,4,16318.6608386543,230
18,4,15749.8889583182,250
19,4,15199.1139961071,250
20,4,15259.5489974581,230
21,4,16297.153889209,200
22,4,16368.0300430208,250
23,4,15660.1190536078,200
24,4,14855.0098392009,230
1,5,13875.5020241141,230
2,5,13074.2809839062,200
3,5,12529.8780470993,250
4,5,12230.5401242627,250
5,5,12089.2270334717,250
6,5,12161.4579501986,200
7,5,12428.0520413404,290
8,5,12670.6330872006,200
9,5,13433.1760307197,230
10,5,14026.7998809954,230
11,5,14335.8381652012,230
12,5,14579.0399894668,230
13,5,14703.4039329533,250
14,5,14627.9949458595,230
15,5,14349.5390449706,230
16,5,14063.9800412338,230
17,5,13967.4448375814,230
18,5,13977.3998029307,250
19,5,13997.9709439538,270
20,5,14308.7668726323,270
21,5,15652.548065108,270
22,5,15892.537909532,270
23,5,15252.6540133376,250
24,5,14415.4409434226,250
1,6,13455.029959292,270
2,6,12671.9850737442,270
3,6,12080.4850107729,250
4,6,11719.9580065035,270
5,6,11552.7940337851,270
6,6,11473.5789611954,270
7,6,11285.0619788417,0
8,6,11107.1119595259,0
9,6,11757.3760369429,230
10,6,12471.8940402113,230
11,6,12853.6230685781,180
12,6,13002.0510230414,230
13,6,12979.838959221,180
14,6,12915.2469517393,230
15,6,12711.9649479794,230
16,6,12489.7710822551,270
17,6,12422.4849977971,230
18,6,12567.6941313255,180
19,6,12681.9390560458,230
20,6,13029.6870774631,270
21,6,14361.9549106359,0
22,6,14510.5330690546,340
23,6,13857.1169880375,320
24,6,13163.8068966661,290
1,7,12426.1730339713,320
2,7,11691.7400562642,320
3,7,11145.9880475653,320
4,7,10795.0419831171,290
5,7,10578.1950785695,290
6,7,10513.5200347961,320
7,7,10145.9729990256,320
8,7,9637.9969631969,320
9,7,10053.6939713591,320
10,7,10686.2750585688,320
11,7,11225.4368924381,320
12,7,11672.8329383256,340
13,7,11995.7409569239,320
14,7,12051.5001568951,340
15,7,11984.5300644164,360
16,7,11907.426013187,360
17,7,11995.9500273271,340
18,7,12162.9999327613,320
19,7,12346.1710813069,360
20,7,12666.0529200737,360
21,7,14002.549959362,50
22,7,14246.3449837146,50
23,7,13731.5360282054,50
24,7,13125.2598342681,50
1,1,12463.9169548629,360
2,1,11814.3919435395,0
3,1,11276.9920156468,0
4,1,10894.1629211688,0
5,1,10692.4319450362,230
6,1,10671.2520159525,0
7,1,10413.3010589876,360
8,1,10105.1360278567,360
9,1,10643.5939437728,230
10,1,11400.4860350816,230
11,1,12105.1979158758,340
12,1,12655.9930116173,340
13,1,13148.4259304171,340
14,1,13513.7540603648,360
15,1,13628.3321782439,340
16,1,13708.1420141411,360
17,1,13841.3690166469,360
18,1,13943.6861393875,50
19,1,13843.7131611439,50
20,1,13957.0870844214,360
21,1,15305.2560636876,160
22,1,15441.4499251088,160
23,1,14829.0120023645,110
24,1,14196.4540401241,110
1,2,13574.0411299327,110
2,2,12870.4770595804,160
3,2,12317.6269388227,90
4,2,11924.8239773326,110
5,2,11734.8688921285,70
6,2,11623.5359877907,70
7,2,11388.2369985133,70
8,2,11101.1540366684,70
9,2,11728.4580085005,340
10,2,12586.035950833,50
11,2,13397.237936392,320
12,2,14194.3880202728,360
13,2,14973.1219994808,360
14,2,15665.9359679087,360
15,2,16040.9811198018,360
16,2,16222.5591183314,320
17,2,16374.450097173,50
18,2,16353.8530386328,50
19,2,15996.9097979376,90
20,2,15853.0250133569,110
21,2,17161.4769364959,90
22,2,17423.4802059578,50
23,2,17030.799007332,90
24,2,16483.0619159583,70
1,3,15749.9899440063,90
2,3,14941.4799100831,90
3,3,14311.8460744433,90
4,3,13912.4921323154,90
5,3,13686.5929655284,70
6,3,13663.0990282334,20
7,3,14006.9760831855,20
8,3,14339.9820498694,360
9,3,15354.7939793086,340
10,3,16405.4601062965,20
11,3,17226.067902334,340
12,3,17994.8858118467,340
13,3,18879.5029467009,340
14,3,19654.8349797204,290
15,3,20167.4473534022,340
16,3,20417.7912771571,290
17,3,20292.010869348,290
18,3,19859.5270489715,340
19,3,19093.5171015821,320
20,3,18736.7320287637,320
21,3,19672.7039955147,270
22,3,19717.8362210579,290
23,3,19054.1921860464,0
24,3,18155.1398897879,0
1,4,17076.2509913594,320
2,4,16066.2020476181,0
3,4,15319.7890373096,320
4,4,14855.6728909705,0
5,4,14633.4469921812,0
6,4,14599.4410295165,20
7,4,14878.5269495565,50
8,4,14995.8558846414,360
9,4,15773.6779741738,360
10,4,16634.1559296008,360
11,4,17260.883987369,320
12,4,17812.4389901082,360
13,4,18404.0157421865,360
14,4,18768.1909032203,320
15,4,19011.65603159,320
16,4,19245.73382698,320
17,4,19391.02507044,270
18,4,19224.1469921358,270
19,4,18708.4780013729,270
20,4,18490.8341824655,0
21,4,19570.2311963653,0
22,4,19643.4291876312,0
23,4,18982.9007956274,0
24,4,18129.9040934723,270
1,5,17058.7599252723,50
2,5,16112.1811334789,360
3,5,15350.8400572962,0
4,5,14845.8800719604,320
5,5,14570.3529464323,0
6,5,14560.0351382904,0
7,5,14708.2108849492,0
8,5,14802.1449159198,230
9,5,15889.8430356216,180
10,5,17000.8360045012,180
11,5,18069.6549573289,160
12,5,19094.6720178202,270
13,5,20126.5009361142,90
14,5,21062.2459309474,340
15,5,21599.2911549248,360
16,5,21578.7369736936,320
17,5,21064.5049998891,360
18,5,20362.3808106799,50
19,5,19698.269937424,50
20,5,19309.3388318643,50
21,5,20076.4129752461,70
22,5,20023.6728447168,70
23,5,19184.6579457585,70
24,5,18351.6129780645,140
1,6,17389.2140516816,160
2,6,16473.8748906404,0
3,6,15685.3448519213,50
4,6,15131.221054446,340
5,6,14697.2898545442,290
6,6,14449.7121198317,290
7,6,14159.4550594203,320
8,6,13665.1409426397,270
9,6,14339.4159888243,320
10,6,15287.2490639156,320
11,6,15957.083216005,270
12,6,16711.1608926253,320
13,6,17600.6301503452,340
14,6,18493.8073235741,360
15,6,19130.7420836659,360
16,6,19299.1371338936,360
17,6,19254.2560611302,320
18,6,18982.2849365352,270
19,6,18133.1938793054,230
20,6,17671.8719112566,230
21,6,18515.6550466055,320
22,6,18300.4640249405,270
23,6,17512.1230909396,270
24,6,16851.0590783265,270
1,7,16200.6649701698,270
2,7,15386.6098109148,0
3,7,14572.1790228039,140
4,7,13981.0018397532,140
5,7,13565.0801031943,90
6,7,13141.3039426154,90
7,7,12644.2540134317,90
8,7,11891.8059768258,140
9,7,12142.6879379069,140
10,7,12745.7319341367,140
11,7,13385.837876237,110
12,7,14014.3550824774,110
13,7,14729.5770942852,90
14,7,15357.8877603924,90
15,7,15641.4210159956,340
16,7,15898.9690050939,50
17,7,15981.5450411523,360
18,7,15833.9368587891,360
19,7,15448.5259163538,360
20,7,15340.9781514173,360
21,7,16545.741905761,50
22,7,16889.1531789834,50
23,7,16695.3621701524,50
24,7,16173.2899119162,70
1,1,15404.3010793477,50
2,1,14538.5930698533,20
3,1,13918.5519737918,360
4,1,13515.5520802606,360
5,1,13355.0598836113,360
6,1,13437.1398872696,360
7,1,13904.5811349805,360
8,1,14140.2581052313,20
9,1,15138.0400342601,20
10,1,16257.3548253584,360
11,1,17110.2998999897,360
12,1,17953.7570529766,360
13,1,18903.0808732212,340
14,1,19865.0611068681,290
15,1,20665.8279774878,320
16,1,21002.5739567801,340
17,1,21111.1391864028,340
18,1,20697.881032642,340
19,1,19801.8371399194,340
20,1,19370.3278197702,20
21,1,20449.7048905091,50
22,1,20632.6158910394,50
23,1,20050.0869747549,50
24,1,19296.8801290579,50
1,2,18246.4581718147,50
2,2,17215.5940812361,50
3,2,16372.8749856623,50
4,2,15841.6289889943,90
5,2,15530.7510468848,50
6,2,15442.7431677571,360
7,2,15681.0869720588,360
8,2,15832.9210839379,360
9,2,16957.6119657848,360
10,2,18330.9249332566,320
11,2,19504.6261888575,320
12,2,20694.1820421461,320
13,2,22187.8731060214,320
14,2,23522.7591221463,270
15,2,24488.6542269886,320
16,2,24861.3300337493,270
17,2,24764.7517509758,320
18,2,24227.1308493167,340
19,2,23101.0948612858,340
20,2,22433.3489051051,340
21,2,23441.0168904737,340
22,2,23607.339244632,340
23,2,23098.2343589868,360
24,2,22224.0961920153,20
1,3,20839.8610032126,340
2,3,19543.0168770961,340
3,3,18526.6210759617,360
4,3,17889.6590584069,340
5,3,17490.8849097472,340
6,3,17246.0681035966,340
7,3,17337.698129436,340
8,3,17146.270923703,340
9,3,17984.7159229592,320
10,3,19266.2328608204,320
11,3,20406.388913637,320
12,3,21730.3450835273,320
13,3,22980.5648635365,270
14,3,24161.6370787993,320
15,3,24873.5170752406,320
16,3,24933.2102466095,320
17,3,18618.2550475791,320
18,3,13936.5948884477,290
19,3,16116.8518876366,320
20,3,19396.7899542182,320
21,3,22085.8682141245,320
22,3,22485.7040472198,360
23,3,22184.1289432468,360
24,3,21347.2753019407,360
1,4,20048.7318906141,320
2,4,18806.940977416,320
3,4,17878.2499091048,320
4,4,17278.2698563561,320
5,4,16844.8350617457,320
6,4,16645.8200146928,320
7,4,16843.1949114464,270
8,4,16678.811811462,320
9,4,17754.8748421222,320
10,4,19063.8100229334,270
11,4,20327.293890452,270
12,4,21706.4917329045,270
13,4,22837.9668550268,270
14,4,23902.8560431357,290
15,4,24540.4783500731,340
16,4,24659.4941194057,360
17,4,24661.7448914722,360
18,4,24214.4078654293,360
19,4,23316.8530804031,360
20,4,22903.03415378,340
21,4,23732.1811432149,340
22,4,23870.5186467711,340
23,4,23121.6159928702,20
24,4,22208.6857512593,340
1,5,20960.3091716263,20
2,5,19704.9980763588,340
3,5,18814.3779788762,340
4,5,18138.9991219281,340
5,5,17806.1480582821,340
6,5,17583.6342429612,340
7,5,17716.7887813468,340
8,5,17314.0669031674,340
9,5,18374.2951146327,320
10,5,19705.6779324504,340
11,5,21039.000750361,340
12,5,22265.1580328634,320
13,5,23488.7900594156,340
14,5,24611.9229254089,340
15,5,25351.1149259433,360
16,5,25455.5588420909,360
17,5,25113.8810944334,20
18,5,24426.679596683,20
19,5,23328.1531571299,20
20,5,22767.6750966571,340
21,5,23490.1001015604,340
22,5,23283.896873733,320
23,5,22633.6416213252,320
24,5,21983.7272073561,360
1,6,21009.4989207005,50
2,6,19994.2771861469,320
3,6,19069.0019806782,360
4,6,18321.881183981,360
5,6,17793.7730017072,360
6,6,17306.979042354,270
7,6,16935.6860336261,270
8,6,16220.5499284128,270
9,6,16779.6831158018,340
10,6,17930.3141340851,270
11,6,18919.0569658871,270
12,6,19893.6221468514,90
13,6,20940.5698799188,270
14,6,21944.0717747351,140
15,6,22403.0608517984,90
16,6,22584.59518502,90
17,6,22386.1312593608,90
18,6,21798.8099088082,90
19,6,20782.1981218467,90
20,6,20217.299064598,90
21,6,20947.3871081667,90
22,6,20551.9719475294,90
23,6,19672.4860310638,140
24,6,19133.4670109125,90
1,7,18565.2270958098,90
2,7,17908.4919503219,90
3,7,17230.6339329239,90
4,7,16660.1580462847,90
5,7,16225.1538960654,90
6,7,15845.283194216,50
7,7,15262.4150023181,360
8,7,14422.9118473651,360
9,7,14712.3860781575,360
10,7,15466.8738330109,90
11,7,16357.8070244784,360
12,7,17468.3498829072,20
13,7,18894.2289769459,360
14,7,20065.1327382103,20
15,7,20946.8578599384,20
16,7,21525.4300802033,360
17,7,21606.9110223595,90
18,7,21147.3968159177,90
19,7,20413.1768973945,50
20,7,20029.2920758808,50
21,7,21326.9579554191,50
22,7,22031.2278528716,50
23,7,22085.2227010429,90
24,7,21843.2251390032,50
1,1,20967.581979353,50
2,1,19739.9928703913,360
3,1,18848.8661211822,360
4,1,18111.4468415706,360
5,1,17712.9361639963,320
6,1,17540.8640784994,360
7,1,17784.4020326287,360
8,1,17593.5339741204,360
9,1,18649.6511486117,360
10,1,19906.663838692,360
11,1,21075.8859256916,360
12,1,22272.2611214202,360
13,1,23466.0607254282,360
14,1,24735.4782287627,360
15,1,25505.9968735035,360
16,1,25677.4907129947,360
17,1,25268.3641056027,360
18,1,24258.6538693318,360
19,1,22719.5620216094,50
20,1,22182.664121259,50
21,1,23000.3359246161,90
22,1,23053.245735351,140
23,1,22494.1350720637,90
24,1,21629.7967736013,50
1,2,20089.1729485467,50
2,2,18651.1010253802,360
3,2,17706.0028738584,360
4,2,17114.201951867,50
5,2,16723.0882731769,20
6,2,16558.7739580534,360
7,2,16764.8900191262,360
8,2,16656.8038892094,340
9,2,17356.3651669677,340
10,2,18285.3820705172,340
11,2,19246.5610862728,20
12,2,20328.2050275113,360
13,2,21388.7097535115,340
14,2,22463.853110861,20
15,2,23357.5521742515,20
16,2,23629.4610360041,20
17,2,23353.7527299727,20
18,2,22605.0608213432,20
19,2,21556.9333109017,20
20,2,21308.2488948628,110
21,2,22311.1377058418,90
22,2,22387.7070034872,90
23,2,21748.8558612,90
24,2,20799.0451331232,90
1,3,19618.376921556,50
2,3,18470.184088327,50
3,3,17604.6048064083,0
4,3,17036.481838895,90
5,3,16632.1868410539,140
6,3,16403.5901933862,90
7,3,16688.1902077905,0
8,3,16592.9618501845,0
9,3,17530.3028878234,140
10,3,18923.8681157753,140
11,3,20184.0629305858,140
12,3,21446.660908943,90
13,3,22627.7471990939,20
14,3,23841.6266861539,140
15,3,24769.2427326664,90
16,3,25026.5731192864,90
17,3,24771.8263964318,90
18,3,24026.5169467796,50
19,3,22800.9159027766,140
20,3,22165.1789611317,90
21,3,23040.3961416204,90
22,3,23032.9718900267,50
23,3,22378.3299183957,70
24,3,21557.6601058952,90
1,4,20394.2199347243,70
2,4,19274.8549861461,90
3,4,18332.062150456,90
4,4,17719.8929706626,90
5,4,17250.7199713048,70
6,4,17004.4479491226,90
7,4,17276.189862933,90
8,4,17096.9069025703,90
9,4,18151.2991037276,90
10,4,19485.1250343318,90
11,4,20705.3532047477,90
12,4,21903.005239144,50
13,4,23094.3772609998,70
14,4,24146.123012729,90
15,4,24970.1202486139,90
16,4,25062.1186213028,90
17,4,24615.3187649511,50
18,4,23797.2954092529,230
19,4,22503.4258207455,140
20,4,22089.4200463835,140
21,4,22896.2892344054,90
22,4,22999.9819028359,90
23,4,22541.1296964083,90
24,4,21896.6112210099,50
1,5,20869.1619758736,50
2,5,19778.3151238505,360
3,5,18959.5970522724,360
4,5,18382.0649947729,360
5,5,17947.6180898733,360
6,5,17691.2859588787,360
7,5,17901.5419523083,360
8,5,17729.4798082858,360
9,5,18735.5390196592,360
10,5,20106.4268940222,360
11,5,21413.9269557586,360
12,5,22831.1438634414,340
13,5,24224.6912016943,320
14,5,25568.6746920887,340
15,5,26406.0942019606,360
16,5,26485.0219820011,360
17,5,26215.3148024138,360
18,5,25459.0791462772,360
19,5,24252.1420076694,360
20,5,23898.2399984114,360
21,5,24613.4393673111,360
22,5,24227.5079143159,90
23,5,23556.4590688664,110
24,5,22882.6640140749,90
1,6,21962.9747714801,90
2,6,21061.3169755689,90
3,6,20204.7951490269,50
4,6,19527.8821418174,50
5,6,19039.4480454745,20
6,6,18497.9190266598,20
7,6,18250.4348679995,0
8,6,17477.9558672709,20
9,6,18103.939831689,20
10,6,19373.5119141256,360
11,6,20683.2350623971,360
12,6,21976.3567788145,360
13,6,23389.3939896869,360
14,6,24465.320147515,320
15,6,25019.1731687551,360
16,6,25091.7971500575,360
17,6,24942.127077193,360
18,6,24404.2407763293,360
19,6,23407.3370280382,360
20,6,22990.7231959747,360
21,6,23656.6671432303,20
22,6,23335.5401953347,50
23,6,22682.5048725419,50
24,6,22260.9128692513,90
1,7,21665.7911309479,50
2,7,21020.9382150788,50
3,7,20278.3609368792,50
4,7,19697.7128912285,50
5,7,19142.7041995889,360
6,7,18602.9208816104,50
7,7,17962.4269225216,360
8,7,16763.234206344,320
9,7,16889.2680832017,340
10,7,17711.6299955854,340
11,7,18704.074782324,340
12,7,19957.3359983182,320
13,7,21368.9168736404,360
14,7,22486.5310987299,360
15,7,23172.104947024,360
16,7,23473.9400841193,360
17,7,23454.8721002489,20
18,7,22897.4921000013,20
19,7,21849.3720784737,50
20,7,21603.4978067232,70
21,7,22871.1941653332,90
22,7,23469.3150681574,90
23,7,23669.294001786,70
24,7,23249.1980049908,90
1,1,22196.939879844,20
2,1,20978.1670029275,20
3,1,20064.115066532,360
4,1,19427.8779462073,360
5,1,19016.7151971329,360
6,1,18844.4461178575,360
7,1,19126.8540102988,360
8,1,18900.1130326632,360
9,1,19969.7957520932,20
10,1,21309.1072122809,360
11,1,22451.948130344,50
12,1,23702.666722612,340
13,1,25004.0517615629,50
14,1,26161.2985942243,360
15,1,26809.551845686,20
16,1,26909.355174385,360
17,1,26460.317108253,360
18,1,25627.2141026608,50
19,1,24154.1897379057,50
20,1,23766.1431745253,90
21,1,24717.7150354176,50
22,1,24907.1010998562,90
23,1,24665.4720493308,90
24,1,23993.312993869,90
1,2,22763.8547521697,360
2,2,21587.7507501109,360
3,2,20683.7151798753,50
4,2,19952.5232073381,50
5,2,19523.0711251567,360
6,2,19295.1349940742,360
7,2,19451.4747349615,360
8,2,19202.7533714222,50
9,2,20059.0349211504,20
10,2,21071.8616235461,20
11,2,22147.1401137169,20
12,2,23245.4757344797,340
13,2,24275.3952092808,340
14,2,25136.2202850822,340
15,2,25526.9078019895,20
16,2,24299.7950231656,20
17,2,24518.0882414361,20
18,2,23971.4348655133,70
19,2,23027.4099183918,70
20,2,22998.7290705256,70
21,2,24075.3839551732,110
22,2,24237.7391278315,70
23,2,23676.2649515867,360
24,2,22838.9008571989,340
1,3,21610.1818612255,320
2,3,20414.5578878969,340
3,3,19547.1459105425,20
4,3,19073.0778798666,20
5,3,18671.9831394609,20
6,3,18471.9307887163,340
7,3,18852.3818836585,340
8,3,18442.0757558728,340
9,3,19262.032852286,320
10,3,20400.4380162787,340
11,3,21277.9230406079,320
12,3,22243.5270019174,230
13,3,23133.8400037587,230
14,3,23988.8652669173,50
15,3,24379.0178589933,320
16,3,24208.1233241539,50
17,3,23998.6558308806,50
18,3,23303.7911536098,50
19,3,22210.7917789705,50
20,3,22251.6181039419,50
21,3,23028.7558756247,90
22,3,23022.6849520877,90
23,3,22442.7926664371,50
24,3,21448.9643045701,90
1,4,20235.6910262676,0
2,4,19057.9398871697,0
3,4,18258.6798773371,0
4,4,17659.8359329887,0
5,4,17259.0527536534,0
6,4,17162.3698052913,0
7,4,17616.6299344096,990
8,4,17461.9222179968,180
9,4,18197.1940958593,180
10,4,19280.4120455158,160
11,4,20303.6271988824,110
12,4,21475.4588520043,110
13,4,22624.1491015144,160
14,4,23809.5889642537,160
15,4,24575.2198022548,70
16,4,24649.821917329,20
17,4,24267.9730929248,20
18,4,23530.9717510473,20
19,4,22420.5231380815,70
20,4,22245.0637580976,20
21,4,23198.596939411,50
22,4,23241.5560196172,90
23,4,22692.8659883142,50
24,4,21839.6648939438,90
1,5,20680.1679050977,90
2,5,19509.929867249,90
3,5,18574.8619338274,140
4,5,17988.9911494423,140
5,5,17605.6239850111,90
6,5,17444.8231534138,90
7,5,17771.3010943625,320
8,5,17607.8900927603,50
9,5,18586.7342053931,360
10,5,20024.547876766,230
11,5,21300.5221056361,180
12,5,22497.6987098809,230
13,5,23663.8634331673,200
14,5,24730.6286763912,0
15,5,25345.1958093932,90
16,5,25403.198917327,360
17,5,25044.4147993727,20
18,5,24091.8872155985,20
19,5,22807.4948218883,20
20,5,22600.3670269242,90
21,5,23136.8259382042,90
22,5,22709.7229239885,50
23,5,21981.6438283762,50
24,5,21309.5530908285,90
1,6,20431.33483727,140
2,6,19485.2918519122,140
3,6,18676.7251220294,140
4,6,18076.9921214235,90
5,6,17500.2611661986,90
6,6,17071.8781063692,140
7,6,16905.591063897,140
8,6,16157.0760410139,140
9,6,16477.5999870892,180
10,6,17347.6341700959,140
11,6,18219.9410333363,140
12,6,18994.0169477756,50
13,6,19904.4201292391,70
14,6,20767.6722137281,90
15,6,21284.9438395649,90
16,6,21089.364164406,50
17,6,20947.2600981835,50
18,6,20547.5370691535,90
19,6,19656.3448125059,90
20,6,19714.6310082665,90
21,6,20366.4299450694,110
22,6,20091.9530759035,70
23,6,19435.276121648,70
24,6,18925.1018384965,110
1,7,18411.0720267333,70
2,7,17734.4540694375,20
3,7,17044.5300510991,70
4,7,16613.3751742654,70
5,7,16249.7688578377,70
6,7,15902.2740622151,90
7,7,15569.0940204345,20
8,7,14752.9839861438,340
9,7,14917.9609550171,360
10,7,15598.3970880383,360
11,7,16123.2961075243,360
12,7,16600.8680979218,180
13,7,17638.7159571381,90
14,7,18703.8798164083,50
15,7,19554.5342153744,50
16,7,20017.4878264316,270
17,7,19996.614031544,90
18,7,19291.6289764964,340
19,7,18667.2061254289,250
20,7,19055.7341610184,140
21,7,20156.1929785563,70
22,7,20383.7807519492,90
23,7,20114.1168847065,110
24,7,19412.6401921734,140
1,1,18330.2209141441,140
2,1,17356.032055676,140
3,1,16576.8689402379,160
4,1,16030.8410058543,140
5,1,15646.9028801918,180
6,1,15484.1771823966,180
7,1,15942.081961896,160
8,1,15845.6298607197,180
9,1,16320.2548681498,140
10,1,17046.0519215874,160
11,1,17647.857890985,140
12,1,18175.9289496867,180
13,1,18804.2460164679,160
14,1,19439.0648299451,160
15,1,19881.0738736838,160
16,1,19889.2442074954,140
17,1,19513.6920190286,140
18,1,18865.2741320841,90
19,1,18031.3160662428,90
20,1,18498.8627881873,90
21,1,19391.8081776463,110
22,1,19203.1050698273,90
23,1,18428.9348775018,90
24,1,17779.8830889631,90
1,2,16730.1857889947,90
2,2,15856.573080603,90
3,2,15254.4349111876,90
4,2,14895.3869459443,90
5,2,14668.886954139,360
6,2,14671.6698132884,140
7,2,15292.4878754503,90
8,2,15344.4671044583,90
9,2,15917.8199436199,140
10,2,16715.1050303215,90
11,2,17308.5098290711,360
12,2,17809.3320407578,360
13,2,18209.8461417034,50
14,2,18652.1638311809,50
15,2,18739.7459311015,50
16,2,18490.4190992727,50
17,2,18215.2451156972,50
18,2,17769.395970201,70
19,2,17247.0669602228,90
20,2,18043.2401586006,90
21,2,18692.4609450565,140
22,2,18493.9081954,90
23,2,17865.1020417642,140
24,2,17056.7779980534,70
1,3,16064.5620294865,90
2,3,15096.9750247895,90
3,3,14600.9210955668,50
4,3,14244.0800101951,90
5,3,14025.3070073759,90
6,3,14137.0831045066,360
7,3,14684.4920938611,50
8,3,14888.891098246,90
9,3,15338.8999460824,110
10,3,16077.0338276681,70
11,3,16676.5390987247,70
12,3,17286.0171047617,20
13,3,17644.1097876318,20
14,3,18055.1927814372,70
15,3,18177.6110766827,70
16,3,18010.2959878445,70
17,3,17784.5811114254,70
18,3,17439.9288848599,70
19,3,17037.9631568203,70
20,3,17823.4300226248,70
21,3,18520.12613729,90
22,3,18385.4390516093,90
23,3,17728.6118453066,90
24,3,16969.2289719228,20
1,4,16015.8609202351,50
2,4,15091.313978699,90
3,4,14541.8879733458,360
4,4,14195.2109490875,360
5,4,14045.589999781,360
6,4,14057.9869875144,320
7,4,14754.7931362628,0
8,4,15099.2840750385,0
9,4,15835.8420248274,340
10,4,16381.8558237328,0
11,4,17050.5470494116,270
12,4,17850.0757867116,270
13,4,18447.9260245324,0
14,4,19011.9008234534,270
15,4,19122.8659842201,290
16,4,18942.9390412597,360
17,4,18638.3971179351,360
18,4,18174.4397599604,270
19,4,17671.8191430271,180
20,4,18513.6969705876,180
21,4,19053.4339326099,180
22,4,18603.3031858066,180
23,4,17751.7300275052,160
24,4,17055.8300236743,90
1,5,15998.4728368586,90
2,5,15026.3551552766,90
3,5,14385.3228768557,140
4,5,13994.7792069959,140
5,5,13702.5050085168,180
6,5,13406.4829457374,160
7,5,13304.9020980448,140
8,5,12853.4700988112,180
9,5,13139.0469670529,140
10,5,13876.7140103625,140
11,5,14523.027125557,140
12,5,15107.0209267614,140
13,5,15637.99502433,90
14,5,15984.2329059551,90
15,5,15994.8281402616,140
16,5,15775.2599510206,140
17,5,15516.351951343,140
18,5,15359.00591134,90
19,5,15309.5998750636,110
20,5,16368.7770349672,90
21,5,17007.4851131913,110
22,5,16789.0770821134,110
23,5,16236.9738869313,110
24,5,15534.5159280738,140
1,6,14811.4370442564,110
2,6,14036.1771049649,110
3,6,13452.706980668,90
4,6,13057.9750722814,140
5,6,12813.1021424076,110
6,6,12704.9031827747,70
7,6,12704.6119338172,90
8,6,12449.6039650114,110
9,6,12543.5620408962,110
10,6,13353.6199017242,180
11,6,13954.2601182432,230
12,6,14516.1481167022,230
13,6,15099.3601221703,230
14,6,15425.0089886235,160
15,6,15412.7510891212,160
16,6,15380.7559223571,50
17,6,15347.6568740015,20
18,6,15259.0749576958,90
19,6,15224.3098976938,360
20,6,16261.115083213,0
21,6,16896.7029895261,180
22,6,16476.8590995595,180
23,6,15681.2129680039,160
24,6,14816.1350339847,160
1,7,13950.6500847116,160
2,7,13214.2190587223,180
3,7,12578.4170119567,180
4,7,12103.4300306886,180
5,7,11725.2919265209,200
6,7,11568.5120552797,230
7,7,11417.2930712136,200
8,7,10678.3869437547,230
9,7,10756.5289901634,200
10,7,11323.4849500316,180
11,7,11859.3059398858,180
12,7,12364.7999883804,180
13,7,12818.4530585378,180
14,7,12992.6189409923,250
15,7,12963.432206877,180
16,7,13011.9248586192,180
17,7,13007.8190412582,180
18,7,13036.144070175,180
19,7,13007.7420724323,160
20,7,14304.5960260713,160
21,7,15231.1368926922,140
22,7,15173.4059492471,90
23,7,14649.0101312862,140
24,7,13927.8970267205,90
1,1,13096.783989206,90
2,1,12339.8869721172,90
3,1,11904.2740581334,50
4,1,11615.1599688412,360
5,1,11666.1029479122,0
6,1,11992.4640756621,0
7,1,13001.3300188798,360
8,1,13296.1339738368,360
9,1,14025.2759954797,20
10,1,14694.714102175,20
11,1,15270.9948673984,20
12,1,15798.6740419352,340
13,1,16053.2928671553,20
14,1,16265.7969831983,20
15,1,16442.7939910423,20
16,1,16373.9940019194,20
17,1,16286.5270024575,20
18,1,16087.6741183007,340
19,1,15883.930027104,340
20,1,16891.326971743,340
21,1,17591.4560530911,340
22,1,17271.8838991837,340
23,1,16380.3239385968,360
24,1,15426.595988374,360
1,2,14431.2931149108,360
2,2,13620.3868652077,360
3,2,13015.9410510496,360
4,2,12693.5929135972,320
5,2,12694.1920369104,340
6,2,12855.7958980773,340
7,2,13821.3471413688,360
8,2,13990.398960562,20
9,2,14639.8729813279,360
10,2,15418.3850415623,360
11,2,16060.7458686186,360
12,2,16794.8739760139,340
13,2,17250.7391451828,340
14,2,17814.2869519719,340
15,2,18315.4559158774,340
16,2,18500.2459671563,20
17,2,18522.0041165387,20
18,2,18166.3289736619,20
19,2,17693.3861498919,20
20,2,18654.4970571322,360
21,2,19355.5061569451,360
22,2,18929.4140901488,340
23,2,18109.0658306885,340
24,2,17139.7989370243,340
1,3,15900.6947988325,340
2,3,14925.7811165096,340
3,3,14349.6369379831,340
4,3,14053.5679274923,340
5,3,13914.0509545631,340
6,3,14019.1551189881,340
7,3,14703.8509529827,340
8,3,14958.5039838122,340
9,3,15617.0249831874,320
10,3,16399.2479041049,270
11,3,17101.5318429596,230
12,3,17761.3311655237,180
13,3,18353.250922974,180
14,3,18847.1389775123,230
15,3,18976.0560107005,140
16,3,18559.7328294828,180
17,3,17906.380323905,140
18,3,17287.6990121489,140
19,3,16888.5937111317,140
20,3,17776.6199693864,140
21,3,18221.0580076086,180
22,3,17824.0660961173,230
23,3,16948.9950531384,140
24,3,16094.8090907922,140
1,4,14990.8980555845,140
2,4,14116.3220833852,140
3,4,13558.6290919328,230
4,4,13251.1600542299,230
5,4,13046.1239943797,230
6,4,13166.6550831397,250
7,4,13840.3590142546,250
8,4,14191.3251152539,250
9,4,14576.4887858962,140
10,4,15058.6760221355,140
11,4,15514.3809058402,110
12,4,15846.1400529215,90
13,4,16062.2540988418,90
14,4,16168.0297554862,140
15,4,16251.1849391088,90
16,4,16163.4168474878,140
17,4,16151.9071665014,90
18,4,15982.8350818621,90
19,4,15861.9359253417,90
20,4,16929.4440414531,90
21,4,17586.8852370174,110
22,4,17325.6279227639,140
23,4,16539.8949748983,90
24,4,15636.1528163587,180
1,5,14649.2069320525,180
2,5,13756.1697951907,270
3,5,13201.3319107459,270
4,5,13040.7409998213,230
5,5,12921.2918529653,270
6,5,13083.820969084,230
7,5,13963.7859759423,180
8,5,14342.7220814842,230
9,5,14874.5680917593,230
10,5,15503.1399289983,230
11,5,15752.3030363022,180
12,5,16027.0440199485,230
13,5,16055.2980264089,180
14,5,16045.5000430848,230
15,5,15925.5657773723,230
16,5,15673.6840261871,230
17,5,15389.5249311437,180
18,5,15142.914883198,180
19,5,15014.9609505176,180
20,5,16286.7119113724,230
21,5,16799.2979820685,250
22,5,16309.8300226356,180
23,5,15581.333930518,160
24,5,14807.5759632363,160
1,6,13790.6458490749,200
2,6,13040.1919255534,160
3,6,12484.4809560854,180
4,6,12072.1310383951,180
5,6,11996.1599384065,180
6,6,11913.7159264464,200
7,6,12074.8799754031,200
8,6,11850.5179624676,180
9,6,12237.8679556954,180
10,6,12904.9811291395,160
11,6,13264.7350488635,140
12,6,13413.7049634032,140
13,6,13464.512140828,320
14,6,13398.7589723208,320
15,6,13213.0800385491,320
16,6,13075.0169531563,320
17,6,13047.0719260839,320
18,6,13094.0231367503,20
19,6,13363.5430401305,50
20,6,14721.6019275378,50
21,6,15183.0230076801,70
22,6,14752.5550493582,70
23,6,13993.4569432589,70
24,6,13259.5551278222,50
1,7,12518.1778938256,50
2,7,11873.7059142708,0
3,7,11370.0389415891,0
4,7,10990.8808607057,20
5,7,10725.3711086352,360
6,7,10587.0028635997,360
7,7,10494.591146276,360
8,7,10052.8940021404,340
9,7,10121.140007867,360
10,7,10754.5358905355,340
11,7,11331.518025243,320
12,7,11804.2499777959,320
13,7,12210.1870125057,320
14,7,12303.6090162685,320
15,7,12161.9480037707,320
16,7,12078.3789162756,0
17,7,12100.5259730637,140
18,7,12242.5939872905,140
19,7,12606.6458701773,140
20,7,13996.6911372307,0
21,7,14719.6161182697,140
22,7,14685.1288460772,140
23,7,14131.101772833,140
24,7,13421.2849904997,110
1,1,12478.0020199504,110
2,1,11737.4131624858,140
3,1,11316.4890989899,140
4,1,11082.0900630833,140
5,1,11151.53206009,140
6,1,11523.4960136845,0
7,1,12538.3570730267,0
8,1,13202.3460647574,140
9,1,13633.2621288098,360
10,1,14351.5259651452,20
11,1,14823.2820222052,20
12,1,15254.8568193973,20
13,1,15432.6099896878,20
14,1,15569.5198375377,340
15,1,15508.174786102,340
16,1,15384.3250720274,340
17,1,15285.0388248144,340
18,1,15131.146901896,20
19,1,15270.82300825,20
20,1,16559.611129168,20
21,1,17076.2228806277,70
22,1,16733.1380265614,180
23,1,15905.9261218344,320
24,1,14892.3218471499,270
1,2,13824.4158884075,230
2,2,12949.4259895866,0
3,2,12444.6169122767,140
4,2,12180.4129310504,0
5,2,12152.4178216651,0
6,2,12341.7089797382,230
7,2,13329.3390349611,180
8,2,13831.8311304799,160
9,2,14274.8459155548,160
10,2,14760.0900282983,180
11,2,15157.6240583188,110
12,2,15520.4941007658,160
13,2,15538.0970205831,180
14,2,15500.2891446962,140
15,2,15352.1190046573,160
16,2,15097.1888491929,90
17,2,14952.6150208029,50
18,2,14890.5349148004,90
19,2,15098.8838071132,90
20,2,16427.3419708565,90
21,2,16911.4389990785,110
22,2,16506.5359262878,110
23,2,15656.4119382368,110
24,2,14599.8119420309,110
1,3,13475.7928466479,90
2,3,12632.3900423775,90
3,3,12185.0648790448,70
4,3,11953.4159819613,70
5,3,11922.691954227,70
6,3,12207.5620622596,90
7,3,13259.6800657527,70
8,3,13886.3611095843,20
9,3,14252.5288873221,50
10,3,14836.6740445708,70
11,3,15212.2238767219,50
12,3,15599.3891441394,20
13,3,15754.2380813509,50
14,3,15711.8241050169,50
15,3,15545.4769585817,50
16,3,15414.9948454872,70
17,3,15348.6041084267,50
18,3,15162.7900481723,90
19,3,15224.7280591668,90
20,3,16463.9881272881,90
21,3,16809.0270536987,90
22,3,16379.4839635396,90
23,3,15621.142126167,90
24,3,14734.0847915045,70
1,4,13799.827921581,50
2,4,12980.7229466855,50
3,4,12484.4679849467,50
4,4,12276.378000922,50
5,4,12189.6140057651,20
6,4,12297.6190548984,50
7,4,12904.3859774142,50
8,4,12956.667883476,50
9,4,13490.9900833457,50
10,4,14351.7640550545,360
11,4,14909.7008746655,360
12,4,15316.8288700038,20
13,4,15601.8720068854,50
14,4,15649.6599742825,360
15,4,15444.9272057487,360
16,4,15376.4691564626,360
17,4,15162.0959407182,110
18,4,15086.5399277116,110
19,4,15132.1420176806,90
20,4,16392.024074931,110
21,4,16626.0528154067,90
22,4,16145.2969457355,90
23,4,15314.9010187908,70
24,4,14553.5489881921,20
1,5,13696.5369176071,70
2,5,12816.6470347424,70
3,5,12258.9229479084,50
4,5,11875.6560236801,50
5,5,11539.4189156552,50
6,5,11411.975949193,20
7,5,11298.5439636897,20
8,5,10901.6719578822,50
9,5,11052.6259869837,50
10,5,11861.8179777897,20
11,5,12487.8480221226,20
12,5,12942.2420204923,360
13,5,13309.0230456941,90
14,5,13440.6340472008,50
15,5,13330.4349895366,20
16,5,13240.966008323,50
17,5,13228.7780112183,50
18,5,13196.9030169201,90
19,5,13352.6070477801,90
20,5,14757.011042888,90
21,5,15135.3881184297,90
22,5,14917.125121273,90
23,5,14270.4029441109,50
24,5,13509.6599020071,90
1,6,12777.6229870177,90
2,6,12072.1670095528,360
3,6,11522.8310106859,360
4,6,11207.674993797,360
5,6,11080.6080709816,50
6,6,11135.8339318563,360
7,6,11314.8800445669,360
8,6,11044.8399117874,320
9,6,11469.494939282,340
10,6,12330.5470778943,20
11,6,12904.5199175861,360
12,6,13368.3500788704,360
13,6,13707.1040811359,50
14,6,13876.0259014879,360
15,6,13749.4070929338,20
16,6,13727.3741232072,20
17,6,13754.4529534254,340
18,6,13810.8888786891,50
19,6,14024.4211173644,50
20,6,15173.9748912292,90
21,6,15440.2340157323,90
22,6,14959.9410817712,90
23,6,14266.2798917341,90
24,6,13580.6780370425,50
1,7,12820.740997112,70
2,7,12137.6339123179,110
3,7,11597.9859940392,50
4,7,11236.5530162666,340
5,7,11022.16695978,340
6,7,10863.2010067313,340
7,7,10822.5861450509,320
8,7,10314.4899127042,320
9,7,10427.2820230372,340
10,7,11115.5489954149,340
11,7,11868.9350756642,340
12,7,12382.4739666478,360
13,7,12773.8689258167,340
14,7,12856.349891688,340
15,7,12816.0009034404,360
16,7,12938.6461107086,290
17,7,13113.8041444541,20
18,7,13188.6921013484,360
19,7,13429.3660432331,360
20,7,14813.32307272,360
21,7,15334.1790009845,360
22,7,15178.6368804283,340
23,7,14667.5979541984,360
24,7,13877.4680488051,360
1,1,12973.8140799978,50
2,1,12264.4401432093,50
3,1,11795.3510257135,50
4,1,11517.9790476485,0
5,1,11601.6159253332,0
6,1,11865.9159696382,320
7,1,12930.2451834099,0
8,1,13505.7740772876,0
9,1,13942.1801244278,0
10,1,14708.4357930736,0
11,1,15474.9607650413,200
12,1,16008.209890643,0
13,1,16385.6758146712,360
14,1,16652.4042746666,360
15,1,16845.7448692394,360
16,1,16922.2559670914,360
17,1,16827.3819859191,360
18,1,16432.1729186805,360
19,1,16277.5440252328,50
20,1,17455.1351770045,50
21,1,17658.8880263472,90
22,1,17187.759772183,90
23,1,16342.0598746011,90
24,1,15359.7750457244,90
1,2,14346.35920401,90
2,2,13479.2769853359,90
3,2,12949.1140109632,140
4,2,12656.6379706411,90
5,2,12659.9080365649,90
6,2,12821.5419432723,0
7,2,13646.8281524047,270
8,2,14055.2459684643,270
9,2,14545.4247697532,320
10,2,15352.3390210825,360
11,2,15960.8059173111,320
12,2,16559.1948452345,360
13,2,16996.3750297778,360
14,2,17360.578046402,320
15,2,17567.6979333734,340
16,2,17611.123059753,360
17,2,17531.3890186164,360
18,2,17229.441909647,360
19,2,17036.1678329862,340
20,2,18243.8677670456,360
21,2,18584.6591852687,340
22,2,18139.7421268595,360
23,2,17312.9321374481,360
24,2,16305.6630828806,320
1,3,15133.2748638632,270
2,3,14170.3062430635,230
3,3,13449.8321655297,270
4,3,13119.7709835708,270
5,3,13023.7340227418,270
6,3,13153.3498965553,270
7,3,13974.7999141343,180
8,3,14349.5149174089,180
9,3,14657.9669506841,200
10,3,15241.9477516089,200
11,3,15690.2088809764,200
12,3,16141.7221278376,200
13,3,16220.8900017396,200
14,3,16460.1530927842,160
15,3,16352.0900334133,160
16,3,15996.4179250834,200
17,3,15836.1528878666,200
18,3,15674.8510126355,200
19,3,15901.2850854516,200
20,3,17043.8940510839,200
21,3,17321.1471133509,230
22,3,16970.0368374629,230
23,3,16135.0710922668,230
24,3,15088.5660735309,230
1,4,13991.4910172314,230
2,4,13009.0049526829,230
3,4,12379.6319072051,230
4,4,12150.0490657159,230
5,4,12017.7819867221,180
6,4,12209.8790651594,180
7,4,13132.0500676854,200
8,4,13751.9718563481,180
9,4,14100.1869868115,200
10,4,14642.2161518801,180
11,4,15004.5319666532,180
12,4,15193.0378520701,180
13,4,15006.2809198443,180
14,4,14831.2799252365,230
15,4,14546.4210342569,180
16,4,14365.9810011772,140
17,4,14289.7111110089,140
18,4,14247.5618900228,140
19,4,14828.0439532971,160
20,4,16307.6219343754,140
21,4,16670.0739335282,200
22,4,16361.2909556878,160
23,4,15671.4330445149,160
24,4,14620.774003099,160
1,5,13506.7759795443,180
2,5,12553.0269876973,160
3,5,12074.9049865035,160
4,5,11867.4211520796,140
5,5,11795.7659895465,160
6,5,12144.5570476558,160
7,5,13169.9219653015,180
8,5,13920.2090526501,180
9,5,14312.9381145935,0
10,5,14865.113922385,140
11,5,15102.1090387867,140
12,5,15237.3457572963,0
13,5,15263.5639065661,140
14,5,15048.6540866671,140
15,5,14699.0359690316,140
16,5,14422.1810405942,90
17,5,14333.0211591423,50
18,5,14304.8369627557,20
19,5,14947.2790543204,110
20,5,16329.5381121987,110
21,5,16638.8109920203,90
22,5,16333.1150255128,140
23,5,15647.0041428841,230
24,5,14773.4149638105,140
1,6,13793.1828862033,140
2,6,12854.8921565972,0
3,6,12257.3630775574,0
4,6,11900.969054712,50
5,6,11755.9939891999,50
6,6,11747.117024224,50
7,6,11932.5700597452,50
8,6,12091.4131176913,50
9,6,12374.6819763917,70
10,6,13153.8120454539,70
11,6,13555.9718877464,50
12,6,13656.2879497114,70
13,6,13774.2238744897,20
14,6,13609.0769048808,20
15,6,13260.263020764,360
16,6,13021.8410434655,20
17,6,12962.6649827254,50
18,6,13140.5970544087,90
19,6,13902.4970387621,110
20,6,15230.3079810598,110
21,6,15494.8708872786,90
22,6,15187.0949330617,90
23,6,14454.1800578209,110
24,6,13690.949076618,110
1,7,12869.8931586824,90
2,7,12177.1159004103,90
3,7,11583.7190305023,90
4,7,11195.8429133678,70
5,7,10999.342945177,90
6,7,10878.3000632711,70
7,7,10919.1549266017,90
8,7,10552.5400146338,0
9,7,10530.8040302097,0
10,7,11172.2469907999,0
11,7,11767.3820124081,70
12,7,12189.5670900997,50
13,7,12470.1969014811,50
14,7,12485.115921773,320
15,7,12220.7389508155,360
16,7,12054.752004193,20
17,7,12073.3590519181,50
18,7,12314.3509977869,50
19,7,13256.2250926009,320
20,7,14638.7719960506,0
21,7,15196.2520653213,230
22,7,15186.7349563488,230
23,7,14577.3789098067,230
24,7,13700.2399989966,230
1,1,12672.0070749421,230
2,1,11817.0700364837,230
3,1,11365.3519065988,230
4,1,11188.5010314459,230
5,1,11249.2569456517,250
6,1,11604.4099934872,270
7,1,12857.3880480255,230
8,1,13664.4600432408,0
9,1,14088.83794965,0
10,1,14722.2332306026,320
11,1,15004.7992122564,230
12,1,15260.4738338487,200
13,1,15176.4650957731,230
14,1,14986.0898295604,200
15,1,14782.2470654696,180
16,1,14522.6258757152,230
17,1,14411.2530658394,50
18,1,14396.5861784033,50
19,1,14981.8279868512,20
20,1,16460.012934316,360
21,1,16950.4042882975,360
22,1,16667.1351489478,360
23,1,15880.4650588835,360
24,1,14843.7359436228,200
1,2,13579.7469614493,200
2,2,12620.875965108,180
3,2,12077.2149182714,250
4,2,11873.068047162,0
5,2,11873.5539839705,0
6,2,12243.3900544801,320
7,2,13346.7760508888,320
8,2,14157.8068348111,320
9,2,14606.0179780818,230
10,2,15262.4530158542,320
11,2,15673.4460104116,250
12,2,15932.5370915782,230
13,2,15839.3750740279,230
14,2,15673.611948166,250
15,2,15399.7802174771,250
16,2,15212.3921536539,270
17,2,15147.9470670423,270
18,2,15273.2569908451,230
19,2,15873.3727448451,270
20,2,17532.7741071515,250
21,2,17989.7521091521,270
22,2,17703.8721434526,270
23,2,16879.2159532455,270
24,2,15684.0458818151,270
1,3,14369.701139475,270
2,3,13271.8381283784,250
3,3,12711.9920297766,270
4,3,12462.5320039893,270
5,3,12453.7260974811,320
6,3,12735.9678840945,0
7,3,13884.3609751899,0
8,3,14682.3888516751,270
9,3,14985.9558497078,250
10,3,15484.1648202762,250
11,3,15830.106990654,200
12,3,16039.5330792246,200
13,3,15883.206972735,200
14,3,15678.9300183058,200
15,3,15475.9530030824,160
16,3,15232.4550882708,200
17,3,15108.8361132587,200
18,3,15132.934142852,200
19,3,15698.8760323435,160
20,3,17258.4611004049,230
21,3,17753.5918539593,200
22,3,17614.8489637652,200
23,3,16939.5698722487,200
24,3,15777.4740015582,0
1,4,14432.3508587755,0
2,4,13339.9809834929,200
3,4,12817.8790346971,0
4,4,12548.1741357921,0
5,4,12609.3871169304,0
6,4,12898.3540224786,0
7,4,14107.638003313,0
8,4,14899.0850709871,0
9,4,15200.0969951914,0
10,4,15633.1580381317,0
11,4,15778.9437954443,320
12,4,15893.002099417,320
13,4,15676.429153094,320
14,4,15268.7408419614,320
15,4,14990.4361595194,360
16,4,14807.4789057969,360
17,4,14663.7119701457,360
18,4,14648.3567537809,360
19,4,15342.557964131,50
20,4,16912.7290808222,20
21,4,17323.5579716461,50
22,4,17030.8772212876,50
23,4,16251.0020969025,50
24,4,15245.4348795147,50
1,5,14052.2081126965,320
2,5,13071.3850624,290
3,5,12467.9619892918,230
4,5,12274.361954878,320
5,5,12226.0990502229,270
6,5,12601.1340131535,230
7,5,13674.5710385058,230
8,5,14526.9078226795,230
9,5,14807.0248600629,360
10,5,15344.0772492138,320
11,5,15626.2869698628,340
12,5,15696.7590979189,360
13,5,15532.544018406,340
14,5,15186.5979839746,340
15,5,14873.8930310886,360
16,5,14675.0340045516,360
17,5,14622.3960365686,340
18,5,14675.5900008072,320
19,5,15394.3878175423,20
20,5,16626.2878958515,50
21,5,16844.9199086273,0
22,5,16528.6330649609,50
23,5,15806.6352614685,90
24,5,14917.1360676659,50
1,6,13999.0449478742,90
2,6,13070.7919236808,50
3,6,12469.9120002647,230
4,6,12155.3130227689,90
5,6,11932.6269804778,0
6,6,11960.76094281,0
7,6,12221.2668815682,0
8,6,12413.5781024217,0
9,6,12721.5649758333,0
10,6,13433.1870267089,0
11,6,13776.444071667,0
12,6,13735.1889041408,110
13,6,13730.2889881583,140
14,6,13487.7039363239,140
15,6,13166.5258672412,90
16,6,12970.9751372047,50
17,6,12885.1562219623,50
18,6,13023.4390258549,50
19,6,13914.7199520448,70
20,6,15264.4500388212,110
21,6,15456.6488871936,110
22,6,15084.362082524,110
23,6,14323.8190620679,160
24,6,13594.8631372333,160
1,7,12828.6108631648,160
2,7,12111.125004417,160
3,7,11502.1020125364,160
4,7,11193.0120345344,160
5,7,10983.2269858605,160
6,7,10884.4360271674,160
7,7,10838.2929437654,160
8,7,10644.209029166,160
9,7,10589.2999245668,110
10,7,11174.732898182,140
11,7,11812.6620486069,140
12,7,12175.5929958768,90
13,7,12469.1171472732,90
14,7,12436.7309571633,90
15,7,12106.7009720436,110
16,7,11974.8759307216,90
17,7,12047.0979434223,140
18,7,12257.9109201046,90
19,7,13353.1721825243,180
20,7,14681.8029797229,110
21,7,15044.7598683878,110
22,7,14981.365076728,110
23,7,14383.4400826877,110
24,7,13514.1279515417,110
1,1,12487.530963402,110
2,1,11684.2190971577,110
3,1,11294.2029612507,110
4,1,11087.8689925743,110
5,1,11137.9459105392,110
6,1,11500.2129948225,110
7,1,12748.9648598057,110
8,1,13678.2991154161,110
9,1,14018.8408926639,110
10,1,14614.336092066,110
11,1,15064.8739195329,110
12,1,15343.1201362384,160
13,1,15281.6609584165,90
14,1,15085.0069327705,90
15,1,14836.816187975,70
16,1,14527.9478734368,70
17,1,14413.0929867029,90
18,1,14431.7359783944,90
19,1,15318.3771352663,160
20,1,16554.7720789638,160
21,1,16824.4029753822,90
22,1,16561.6370918005,90
23,1,15647.7169601613,110
24,1,14575.0110180991,110
1,2,13369.373041661,90
2,2,12434.9190109973,140
3,2,11950.6929459258,110
4,2,11698.5560509197,140
5,2,11679.6179730602,110
6,2,11942.9260210422,90
7,2,13010.661107335,160
8,2,13951.8870279519,160
9,2,14215.2549835972,0
10,2,14705.3660456443,70
11,2,15076.4389355273,0
12,2,15385.370223385,0
13,2,15342.8830398227,0
14,2,15164.1210760361,140
15,2,14924.1688889039,50
16,2,14771.9061270112,50
17,2,14710.2321107362,50
18,2,14748.8130521288,50
19,2,15386.6400470128,0
20,2,16596.6140703884,0
21,2,16850.9439445724,20
22,2,16558.2150990282,0
23,2,15755.5612426482,0
24,2,14660.3108493643,0
1,3,13473.4349737631,0
2,3,12516.4149697365,0
3,3,12000.9119424791,0
4,3,11822.0400802584,0
5,3,11830.3949546178,290
6,3,12107.1289992348,0
7,3,13296.2279853111,0
8,3,14089.3079757348,0
9,3,14313.2188708389,0
10,3,14808.4881674475,0
11,3,15183.5930892469,230
12,3,15558.1650979926,230
13,3,15543.3039115814,230
14,3,15372.0632842053,230
15,3,15049.8850430697,180
16,3,14948.5741730053,180
17,3,14857.0381287597,160
18,3,14783.0829820647,0
19,3,15492.616995906,50
20,3,16713.0629284203,50
21,3,16866.4229566285,20
22,3,16503.5540083384,20
23,3,15658.9888928586,340
24,3,14618.8561093805,0
1,4,13477.3559123854,320
2,4,12503.1760296709,0
3,4,11978.4600756818,320
4,4,11803.0530233157,320
5,4,11823.2661032638,290
6,4,12140.5721396803,290
7,4,13248.9920459668,290
8,4,14043.8458158521,290
9,4,14275.3909693407,250
10,4,14755.2149183534,270
11,4,15052.4499546818,250
12,4,15387.5079685894,290
13,4,15395.8262948166,270
14,4,15258.1541216911,320
15,4,15121.421990657,320
16,4,14949.4081493092,320
17,4,14864.8068548548,340
18,4,14859.447052201,360
19,4,15520.0367763652,360
20,4,16691.948112644,360
21,4,16878.387982327,360
22,4,16472.0350328961,360
23,4,15609.0920725565,360
24,4,14534.1439510387,320
1,5,13414.7489254212,320
2,5,12447.4880257857,360
3,5,11984.0141034647,320
4,5,11758.1419681123,320
5,5,11812.012001058,320
6,5,12103.58805315,320
7,5,13159.2740282154,360
8,5,13914.6730844115,320
9,5,14238.4570229647,320
10,5,14769.0370046147,360
11,5,15108.3540121426,360
12,5,15442.8070310982,360
13,5,15483.8228923567,360
14,5,15359.1717426144,360
15,5,15148.2179239579,320
16,5,15060.5230535548,360
17,5,15005.2909577433,360
18,5,14892.8028413747,360
19,5,15539.409954755,320
20,5,16576.3370149907,360
21,5,16557.9766550481,360
22,5,16088.5019319726,360
23,5,15268.2879254537,360
24,5,14382.612087595,360
1,6,13489.1920030329,320
2,6,12670.5839797359,360
3,6,12072.916958762,360
4,6,11773.466954544,360
5,6,11540.8220429553,360
6,6,11548.4240743162,360
7,6,11803.0380238479,360
8,6,11857.9229892127,320
9,6,12182.3459803304,340
10,6,12979.0050369662,340
11,6,13463.7758771747,340
12,6,13707.0610541545,340
13,6,13856.5612105528,340
14,6,13776.259973078,50
15,6,13581.2349660397,360
16,6,13454.3749898172,50
17,6,13522.1208616744,360
18,6,13617.153076754,340
19,6,14435.1921210678,360
20,6,15524.7710177959,360
21,6,15497.6990735389,360
22,6,14892.7801801094,360
23,6,14232.6741954514,360
24,6,13555.2658808739,360
1,7,12827.881994169,360
2,7,12091.8919824546,360
3,7,11542.3840400423,360
4,7,11267.6660184411,50
5,7,11010.2790518998,50
6,7,10843.146977331,50
7,7,10952.0660804098,360
8,7,10772.4219507311,360
9,7,10677.3779701799,360
10,7,11312.4909629982,360
11,7,11906.5708849169,360
12,7,12431.2149467098,360
13,7,12919.5959234668,340
14,7,13084.4831191027,320
15,7,12930.221121128,320
16,7,12713.5400274553,270
17,7,12603.870051249,230
18,7,12759.8340206452,180
19,7,13590.8050753939,180
20,7,14595.0519911877,200
21,7,14806.5299590311,180
22,7,14649.1419644773,140
23,7,14130.2630954896,180
24,7,13457.3020918744,230
1,1,12641.0850620128,230
2,1,11924.6869491882,230
3,1,11300.6520179908,180
4,1,10860.6110189239,230
5,1,10582.8908923534,230
6,1,10453.8629945003,230
7,1,10533.3139879308,180
8,1,10424.3349361065,230
9,1,10380.4049591812,200
10,1,11101.1359299527,200
11,1,11737.0859110513,200
12,1,12073.5749286761,160
13,1,12134.1160755781,200
14,1,11860.6770498096,200
15,1,11425.031986601,200
16,1,11201.3930295389,160
17,1,11212.3429929665,200
18,1,11533.6920794577,200
19,1,12837.6219187126,180
20,1,14345.2979109104,140
21,1,14869.8841032301,140
22,1,14857.009113212,0
23,1,14289.8680260122,0
24,1,13405.1208854872,270
1,2,12420.4990770816,230
2,2,11565.1980112745,230
3,2,11117.1719961762,180
4,2,10969.8230000436,180
5,2,11079.4998593013,180
6,2,11589.7590400018,180
7,2,12944.7319872119,180
8,2,14126.0777301805,180
9,2,14560.5470773594,160
10,2,15128.624884378,0
11,2,15464.0680632582,180
12,2,15613.1809795778,140
13,2,15437.8360910397,230
14,2,15118.3069822863,180
15,2,14798.1959842029,160
16,2,14520.4738995982,140
17,2,14488.9679967844,140
18,2,14640.3250737329,160
19,2,15756.8791130072,180
20,2,17237.1449801776,140
21,2,17730.5519266425,140
22,2,17654.1760224717,90
23,2,16781.939908063,90
24,2,15738.0200511809,90
1,3,14450.2150379856,140
2,3,13373.6440018377,0
3,3,12823.7421163032,140
4,3,12515.1120153051,0
5,3,12430.5539575946,0
6,3,12907.5449611656,0
7,3,14184.5581358075,230
8,3,15143.3647443857,0
9,3,15362.1600341712,0
10,3,15839.9718858413,140
11,3,16031.9130706801,50
12,3,16150.4321019053,50
13,3,15916.3440492767,140
14,3,15581.0848884471,50
15,3,15241.8510824244,90
16,3,14840.8550320369,360
17,3,14804.1170653496,50
18,3,14954.5838754996,20
19,3,16157.321092326,50
20,3,17530.310022905,90
21,3,17975.8720922954,140
22,3,17856.0831618671,110
23,3,17070.2810028176,160
24,3,15976.3698106315,90
1,4,14505.2778873629,90
2,4,13428.7670287304,90
3,4,12853.6870012245,90
4,4,12616.1540030688,0
5,4,12671.300053481,0
6,4,12982.6799498758,180
7,4,14282.4050931074,180
8,4,15273.5651141515,180
9,4,15583.6791432741,180
10,4,16017.2558369541,140
11,4,16087.2060498777,20
12,4,16036.0551171543,90
13,4,15740.3770502333,90
14,4,15363.2180551681,50
15,4,15015.3390607907,360
16,4,14725.6453286688,360
17,4,14728.835961079,20
18,4,14853.8451334012,50
19,4,16036.0048531716,50
20,4,17220.7440457231,50
21,4,17589.5469989664,90
22,4,17422.4567547664,90
23,4,16486.387162255,90
24,4,15438.7939479777,90
1,5,14314.4290094607,90
2,5,13274.0579948628,90
3,5,12666.442114992,140
4,5,12411.8400292749,140
5,5,12399.0099306161,90
6,5,12763.9669852641,140
7,5,13912.7941544097,140
8,5,14866.0690785385,90
9,5,14965.961912156,90
10,5,15461.5889768933,90
11,5,15702.7399346222,90
12,5,15854.1209175882,90
13,5,15663.3499451353,110
14,5,15436.7709513323,110
15,5,15120.6561318625,90
16,5,14990.1767031084,110
17,5,14863.1408744284,110
18,5,15196.540924156,110
19,5,16132.5329952033,110
20,5,16989.9981115571,110
21,5,17236.7539822978,110
22,5,16896.875878814,110
23,5,16086.1351109294,110
24,5,15205.1682159348,110
1,6,14283.5630083231,90
2,6,13318.9671312168,110
3,6,12684.1689756376,110
4,6,12213.3729742223,110
5,6,12133.7140245702,90
6,6,12049.5199689909,110
7,6,12378.9390349637,70
8,6,12618.5969382902,70
9,6,12782.7237811132,50
10,6,13480.4608968798,20
11,6,13989.9059678958,340
12,6,14138.6801538747,20
13,6,14148.0709912925,20
14,6,14053.9351508188,360
15,6,13675.9140415944,20
16,6,13476.4261468553,360
17,6,13497.3309995531,20
18,6,13841.9609600303,340
19,6,14878.3610969463,340
20,6,15734.5021917437,340
21,6,15941.4090900709,340
22,6,15538.6382062332,340
23,6,14913.7461341106,340
24,6,14154.4008848894,340
1,7,13265.0200060428,320
2,7,12505.9880080986,290
3,7,11843.96111337,320
4,7,11410.7859661561,340
5,7,11252.1600026749,270
6,7,11149.1710564606,250
7,7,11237.6301044282,320
8,7,11143.3789806911,230
9,7,10924.7970070224,320
10,7,11558.9060842916,320
11,7,12316.3489971635,290
12,7,12675.4729708591,290
13,7,12936.0230606655,270
14,7,12764.0960261737,270
15,7,12446.0898672509,230
16,7,12252.5918530347,270
17,7,12276.6480670086,270
18,7,12512.2290826541,270
19,7,13507.2849221601,270
20,7,14639.6520490311,270
21,7,15426.7778829456,230
22,7,15435.1660954524,270
23,7,14870.2140680467,270
24,7,14034.7159135947,270
1,1,12999.444125073,230
2,1,12150.5479571037,230
3,1,11657.308080365,270
4,1,11462.239159856,270
5,1,11513.2409357182,180
6,1,11907.0869984291,230
7,1,13270.4090847205,180
8,1,14396.0970230306,180
9,1,14686.0229347926,0
10,1,15389.9357484169,180
11,1,15637.5519461909,140
12,1,15772.6808728455,180
13,1,15648.4639931466,0
14,1,15264.181039429,230
15,1,14941.3508503118,230
16,1,14710.651987528,230
17,1,14561.2179180807,270
18,1,14692.1150526404,230
19,1,15736.4780289112,230
20,1,16987.0199617089,0
21,1,17432.1121837449,270
22,1,17313.4892483917,230
23,1,16597.3458963281,230
24,1,15417.8549291061,200
1,2,14161.0419346016,180
2,2,13140.9570004314,200
3,2,12519.8169447155,180
4,2,12409.6370925307,180
5,2,12359.2309845621,180
6,2,12643.7360625918,230
7,2,13977.2471282126,230
8,2,15124.0851231206,0
9,2,15427.9350936392,290
10,2,15857.7229108375,250
11,2,15952.2421296281,200
12,2,16035.2799446711,250
13,2,15864.3099895185,340
14,2,15575.2638169847,250
15,2,15240.8239526268,250
16,2,15028.4692079917,290
17,2,14953.0670262662,340
18,2,15094.5298200597,340
19,2,16403.5880192125,290
20,2,17489.678165098,250
21,2,17881.6330223213,110
22,2,17660.0618732747,0
23,2,16847.4630554745,320
24,2,15774.2051679723,0
1,3,14491.1390857826,0
2,3,13427.0231082846,320
3,3,12814.12390715,250
4,3,12527.6311042623,250
5,3,12614.3409969669,0
6,3,12856.1248944903,250
7,3,14052.3239693762,230
8,3,15088.12198625,250
9,3,15317.51317891,230
10,3,15777.9619470672,230
11,3,15973.7539053746,200
12,3,16056.1981158881,230
13,3,15846.6359766619,230
14,3,15506.8839782109,180
15,3,15202.0128012351,160
16,3,15030.6481532878,180
17,3,15021.9899516793,140
18,3,15139.8650261273,140
19,3,16413.7641220576,230
20,3,17602.3440203236,140
21,3,17941.0591368953,140
22,3,17787.2579873771,180
23,3,17095.5549485217,140
24,3,15926.5870945788,140
1,4,14546.7170062193,90
2,4,13591.3519412967,140
3,4,12895.9300691399,140
4,4,12616.7000284528,0
5,4,12578.0749187625,140
6,4,12909.4140824036,180
7,4,14142.7379242702,140
8,4,15247.1451177949,140
9,4,15486.7649807183,160
10,4,16015.952011188,140
11,4,16258.8398221617,110
12,4,16333.8170154941,180
13,4,15987.949019853,180
14,4,15693.728817245,90
15,4,15453.4739521961,50
16,4,15219.8560240266,50
17,4,15103.2251071192,50
18,4,15267.0642769316,50
19,4,16635.6670123439,90
20,4,17853.6549365534,90
21,4,18317.8420066665,90
22,4,18201.6749193153,90
23,4,17332.1039976119,90
24,4,16279.9751306435,0
1,5,14855.5478832375,0
2,5,13873.5451407868,360
3,5,13174.5200855401,320
4,5,12866.1871014904,320
5,5,12949.8380925008,0
6,5,13227.7960554786,270
7,5,14309.6861304042,320
8,5,15352.9739347262,320
9,5,15578.4259053483,340
10,5,16077.0668105145,340
11,5,16245.7371277912,340
12,5,16291.0688396394,360
13,5,15996.2769633159,320
14,5,15705.5688786739,320
15,5,15402.1980075869,320
16,5,15173.5570622691,320
17,5,15113.5568541696,320
18,5,15217.5509833486,340
19,5,16411.08207117,320
20,5,17490.5360181755,340
21,5,17759.3180019779,320
22,5,17403.6379772292,320
23,5,16630.2369769698,320
24,5,15731.4429233882,320
1,6,14620.4541399828,320
2,6,13634.4631015074,320
3,6,12994.0420503018,320
4,6,12587.2029729437,270
5,6,12453.7560284331,320
6,6,12411.3810235839,320
7,6,12712.2390928362,270
8,6,13054.0880873547,320
9,6,13369.6330070649,270
10,6,13950.0299084978,290
11,6,14150.0981413451,270
12,6,14107.8730581449,270
13,6,13973.2949713785,320
14,6,13646.8418425688,270
15,6,13303.170087398,270
16,6,13100.7590300539,270
17,6,13022.4200717034,230
18,6,13318.6050145924,0
19,6,14581.159944145,0
20,6,15674.0389385484,0
21,6,15881.572067094,20
22,6,15520.5569149279,50
23,6,14839.0839955639,50
24,6,14132.6730103167,50
1,7,13326.4479596047,20
2,7,12555.8649892518,360
3,7,11830.4400550565,360
4,7,11463.0430414109,340
5,7,11286.3599434727,340
6,7,11211.6790852407,320
7,7,11292.9169568839,320
8,7,11270.5599942366,340
9,7,11098.8290365457,290
10,7,11704.2910829302,320
11,7,12220.3200805439,320
12,7,12449.4420528793,320
13,7,12639.3988769226,320
14,7,12502.049952084,320
15,7,12167.5649269037,320
16,7,11953.2129879039,320
17,7,11839.1161210126,290
18,7,12098.4541843478,320
19,7,13477.1901886318,320
20,7,14711.7517569147,320
21,7,15054.9770341504,270
22,7,14909.0201228689,320
23,7,14340.7580998483,320
24,7,13469.5459676813,320
1,1,12551.690982682,320
2,1,11709.2650083825,270
3,1,11293.8109875432,270
4,1,11109.4499761086,320
5,1,11171.8831167885,0
6,1,11565.9420967025,0
7,1,12907.8661502206,270
8,1,13938.5690061187,230
9,1,14208.5879570486,0
10,1,14710.702028578,0
11,1,15000.0251223919,110
12,1,15289.3390326011,320
13,1,15220.8141469394,50
14,1,14963.7988965191,50
15,1,14723.8529424849,360
16,1,14574.2150676827,360
17,1,14523.7650895751,360
18,1,14591.7140785194,50
19,1,15551.0269672311,0
20,1,16674.2921114897,50
21,1,16894.367052905,90
22,1,16543.1910901486,90
23,1,15648.1760248521,50
24,1,14597.2520375506,50
1,2,13266.851917411,50
2,2,12429.5889356022,50
3,2,11884.6869552189,360
4,2,11747.329937587,50
5,2,11844.043027892,360
6,2,12126.6659020538,360
7,2,13308.492981478,50
8,2,14313.6271169102,360
9,2,14497.1219557762,340
10,2,15053.6911384425,340
11,2,15305.7251682818,340
12,2,15499.9259668642,20
13,2,15434.2839808324,340
14,2,15197.2649640786,340
15,2,14940.0879732613,20
16,2,14799.3172077872,20
17,2,14779.0300018061,20
18,2,14836.5530766491,20
19,2,15942.7990650698,20
20,2,16861.1830209044,50
21,2,17043.7239012902,50
22,2,16654.0981687044,360
23,2,15730.1259997913,360
24,2,14678.4170585999,360
1,3,13543.5139962209,50
2,3,12634.3849967069,360
3,3,12082.5829485651,360
4,3,11820.6940524539,360
5,3,11858.1560067211,50
6,3,12177.2449406103,360
7,3,13288.3940849249,360
8,3,14191.242890507,360
9,3,14457.3950512204,360
10,3,14909.4290479254,360
11,3,15171.1751840459,360
12,3,15432.2368619386,360
13,3,15395.0599076548,360
14,3,15221.5648571996,360
15,3,15028.98282988,360
16,3,14848.2021325789,360
17,3,14812.2820057384,20
18,3,15000.180111747,20
19,3,15973.9847803484,360
20,3,16740.8747366031,50
21,3,16929.8289517285,70
22,3,16548.9309431438,50
23,3,15633.6719110336,20
24,3,14635.1009094652,360
1,4,13441.4970477043,340
2,4,12482.0679211783,340
3,4,11976.3961409191,340
4,4,11811.1570140597,340
5,4,11805.2359618422,360
6,4,12139.180981545,320
7,4,13267.5769704975,250
8,4,14239.8392174297,250
9,4,14461.3320827833,250
10,4,15001.3600608089,270
11,4,15266.2741109093,270
12,4,15536.4680195394,250
13,4,15453.7350414619,230
14,4,15258.6230578625,250
15,4,14983.9200131594,270
16,4,14775.2969099333,320
17,4,14724.0510145592,320
18,4,14773.7868107322,270
19,4,15980.3550513252,250
20,4,16958.9757932063,270
21,4,17210.7081228977,230
22,4,16883.7799957689,230
23,4,16121.4089325337,0
24,4,15141.7720211403,0
1,5,13925.9030855789,320
2,5,12930.2109542872,320
3,5,12396.9800013544,270
4,5,12226.134951353,0
5,5,12221.1821395211,90
6,5,12537.1619720928,50
7,5,13650.1989873328,50
8,5,14692.9449372718,360
9,5,14973.0179619603,50
10,5,15346.2367564365,50
11,5,15708.0919839087,50
12,5,15926.0970037822,50
13,5,15909.7149697915,160
14,5,15877.261847766,140
15,5,15734.3032330666,140
16,5,15606.8821043816,180
17,5,15687.5260142064,180
18,5,16029.0520623022,180
19,5,17061.8660781545,160
20,5,17800.9390165646,90
21,5,17905.6548448129,230
22,5,17590.7950904685,180
23,5,16788.3159859412,180
24,5,15826.9788515295,140
1,6,14743.5690718897,180
2,6,13740.8960541915,140
3,6,13089.9959623188,180
4,6,12665.5119701643,180
5,6,12590.0641196603,140
6,6,12554.2279916368,180
7,6,12892.4082316225,140
8,6,13307.6009014322,140
9,6,13586.6921270647,160
10,6,14370.3999103744,180
11,6,14846.3170227527,140
12,6,14850.0999651112,140
13,6,14744.6100037636,140
14,6,14476.8041974589,140
15,6,14124.7370679587,140
16,6,13903.8559378324,90
17,6,13893.7721388125,90
18,6,14396.2281359253,90
19,6,15884.695182109,110
20,6,16665.5880849845,140
21,6,16913.2881229975,90
22,6,16591.4679869514,90
23,6,15846.689018797,90
24,6,14976.0039249127,50
1,7,14043.3970901704,90
2,7,13135.5339931975,360
3,7,12456.2491264716,50
4,7,12028.9700967725,50
5,7,11799.656144985,50
6,7,11671.7710571438,50
7,7,11679.7888180249,360
8,7,11867.7548717892,50
9,7,11769.0050840313,50
10,7,12341.7178780346,50
11,7,13082.8450111654,20
12,7,13640.7879101009,50
13,7,13983.4378368825,20
14,7,13863.3380203586,360
15,7,13558.2361576156,20
16,7,13295.5819936851,360
17,7,13285.6608915459,360
18,7,13648.0709958662,50
19,7,14965.8758186362,360
20,7,15946.7849408934,20
21,7,16344.2939623956,20
22,7,16220.2228875002,20
23,7,15550.6038912514,50
24,7,14603.2641638945,20
1,1,13426.8901226054,20
2,1,12469.0129021341,360
3,1,11900.4410206507,360
4,1,11675.6889657116,340
5,1,11706.8470101613,340
6,1,12082.6239150255,340
7,1,13372.5250824254,340
8,1,14533.4840471724,360
9,1,14635.2470323629,340
10,1,15262.84518299,360
11,1,15723.5989190362,360
12,1,15945.7089248215,360
13,1,15840.1299207283,360
14,1,15561.8370122024,360
15,1,15301.2627938441,340
16,1,15052.5319924018,360
17,1,14995.9830337602,360
18,1,15211.4962116041,320
19,1,16473.196170002,320
20,1,17274.5000866877,320
21,1,17564.7849608379,360
22,1,17324.3928474502,360
23,1,16481.9991204808,360
24,1,15333.8769191874,360
1,2,13900.1420709246,360
2,2,12928.5270987151,360
3,2,12364.9141008382,0
4,2,12139.2009609041,320
5,2,12119.3699405248,0
6,2,12441.9990801709,360
7,2,13640.5858775767,0
8,2,14766.1321105955,360
9,2,14938.235181743,0
10,2,15366.5391308352,20
11,2,15688.8769095461,20
12,2,15936.7829730283,360
13,2,15916.9109699688,360
14,2,15752.5420671385,20
15,2,15457.8079830295,20
16,2,15312.0960047429,360
17,2,15312.2879313088,50
18,2,15487.5452048962,90
19,2,16539.9619282351,90
20,2,17289.6859213661,90
21,2,17572.1571154137,90
22,2,17266.9811245415,20
23,2,16434.2850442987,20
24,2,15323.6397510467,20
1,3,13998.6739788284,20
2,3,12948.6519392262,20
3,3,12407.0701077103,360
4,3,12134.6209383053,20
5,3,12066.8760050886,360
6,3,12340.6790026106,360
7,3,13199.8350944638,270
8,3,14238.3311170877,320
9,3,14608.6489708305,360
10,3,15072.4342486614,0
11,3,15500.0100212167,50
12,3,15913.9999977548,0
13,3,16002.9567764115,320
14,3,15832.1049746105,320
15,3,15632.1189703902,360
16,3,15437.7020575849,340
17,3,15392.7290033882,340
18,3,15437.1491213471,340
19,3,16343.4440625615,320
20,3,17000.869060402,320
21,3,17092.6660314424,320
22,3,16638.0398669855,320
23,3,15738.6779394657,340
24,3,14828.2549630699,360
1,4,13696.7079426923,0
2,4,12839.8761197613,0
3,4,12219.7030455645,50
4,4,11873.7539644239,360
5,4,11664.5140772692,0
6,4,11581.5520327648,50
7,4,11881.2231045886,50
8,4,12230.6611060338,50
9,4,12320.5230468684,360
10,4,12851.4198638962,50
11,4,13500.110043803,50
12,4,13966.7970012154,50
13,4,14140.8349955683,360
14,4,13990.287948309,0
15,4,13799.0780942132,360
16,4,13669.2630954601,360
17,4,13746.7070583653,360
18,4,14172.8329304799,360
19,4,15105.8419087495,360
20,4,15759.1989669655,320
21,4,15874.4090587706,360
22,4,15575.2961728896,50
23,4,14925.3199024932,50
24,4,14085.5581617567,20
1,5,13023.033017172,50
2,5,12173.9940127793,50
3,5,11530.1608486944,20
4,5,11118.0629617932,0
5,5,11000.0099725395,360
6,5,10994.8299444134,320
7,5,11256.4790210743,340
8,5,11592.8439668065,340
9,5,11708.7210366465,200
10,5,12382.0219758123,160
11,5,13173.3309265147,140
12,5,13750.5308499171,140
13,5,14049.8798395294,180
14,5,14074.6990469489,180
15,5,13788.7638034489,180
16,5,13567.5868560404,250
17,5,13527.4250795047,160
18,5,13823.6589442756,200
19,5,15124.9310722628,200
20,5,15989.6250449277,200
21,5,16163.101852768,140
22,5,15967.798050687,180
23,5,15400.6168987288,180
24,5,14642.2690691997,180
1,6,13719.5249283395,140
2,6,12852.5769521636,180
3,6,12184.5568955541,160
4,6,11858.8380376538,230
5,6,11653.8230034923,230
6,6,11660.0069253808,180
7,6,11953.8989211421,230
8,6,12291.542069677,180
9,6,12488.6719800606,230
10,6,13303.8160557969,180
11,6,13933.2259408454,230
12,6,14244.8409248482,180
13,6,14358.687903182,230
14,6,14229.8931482107,180
15,6,13938.860993301,180
16,6,13805.3128133877,180
17,6,13894.8599695759,180
18,6,14435.3580389208,180
19,6,16043.2989124346,180
20,6,16999.3160751711,140
21,6,17312.6519115482,160
22,6,17134.2230489635,180
23,6,16549.6840410314,160
24,6,15788.8938268878,160
1,7,14826.7289765462,180
2,7,13789.9449916058,180
3,7,13061.7018871985,200
4,7,12596.3349111779,0
5,7,12366.8891491022,180
6,7,12221.4070034418,180
7,7,12265.4650738193,180
8,7,12397.7210015869,0
9,7,12315.9891163474,0
10,7,13037.8189574002,0
11,7,13794.5150246159,0
12,7,14153.5670621125,140
13,7,14170.9979253592,90
14,7,13917.8990900717,230
15,7,13516.4407958421,360
16,7,13333.3050757776,320
17,7,13383.9210753799,360
18,7,13974.6630940875,360
19,7,16000.2711439133,20
20,7,17383.666831358,360
21,7,18002.2210862311,0
22,7,18039.4238856221,0
23,7,17408.3850271143,320
24,7,16307.5969296363,320
1,1,15007.8210044969,320
2,1,13769.5560083017,0
3,1,13119.2300912476,320
4,1,12833.3151065558,320
5,1,12844.4319109814,360
6,1,13256.4040484764,360
7,1,14718.0940491706,320
8,1,16105.958023346,320
9,1,16597.6030392284,320
10,1,17288.7258307068,340
11,1,17651.4748652875,360
12,1,17741.9709676537,340
13,1,17459.8999524247,340
14,1,17183.5530452095,340
15,1,16900.8928424455,340
16,1,16631.348826156,340
17,1,16563.2020419203,20
18,1,17002.3578864429,360
19,1,18543.0740654245,20
20,1,19631.6587883886,20
21,1,20156.0828777775,20
22,1,20127.8830218706,50
23,1,19300.6279977448,360
24,1,17982.1839798037,360
1,2,16222.576008575,340
2,2,14869.2529963627,320
3,2,14141.8010631409,340
4,2,13799.2970631681,320
5,2,13769.292140426,320
6,2,14096.7830004487,340
7,2,15454.6329552317,20
8,2,16769.1929493006,360
9,2,17102.742134437,340
10,2,17640.2479398954,340
11,2,17818.0430584755,360
12,2,17732.4999427255,360
13,2,17335.0240153817,360
14,2,17041.5220666472,360
15,2,16843.6709719617,360
16,2,16598.5300697088,20
17,2,16490.958988294,20
18,2,16815.3681448801,20
19,2,18275.3229242237,360
20,2,19202.6728733424,20
21,2,19824.3829391878,360
22,2,19651.480108479,360
23,2,18788.832118233,360
24,2,17527.9551239646,360
1,3,15874.10601894,50
2,3,14536.5080649573,360
3,3,13820.8589204261,360
4,3,13468.2950395644,360
5,3,13460.2729575047,360
6,3,13809.450006648,50
7,3,15094.971118642,360
8,3,16275.6902868635,50
9,3,16444.4549735496,360
10,3,16827.9519458171,320
11,3,17083.3700910751,320
12,3,17321.8781834841,360
13,3,17006.9629829824,50
14,3,16367.3120016996,320
15,3,15881.8708347413,50
16,3,15572.7201880133,50
17,3,15480.7020852491,360
18,3,15721.328076778,50
19,3,17174.3749327138,50
20,3,18250.6179915052,360
21,3,18680.6338149942,320
22,3,18387.8238410372,360
23,3,17477.0939280437,320
24,3,16233.9109895693,320
1,4,14944.6270538885,320
2,4,13782.264930537,320
3,4,13061.9439172521,320
4,4,12838.3308642022,320
5,4,12904.9421239523,0
6,4,13349.5370780206,0
7,4,14539.7029809039,0
8,4,15836.8548744656,0
9,4,16012.331067971,0
10,4,16481.2238011397,0
11,4,16604.4791288823,0
12,4,16587.8198430957,0
13,4,16281.0188932158,140
14,4,15901.5510523347,200
15,4,15638.9059676742,290
16,4,15317.5420092251,340
17,4,15229.9911161503,20
18,4,15415.2350652823,360
19,4,16869.861305261,70
20,4,17758.5579494266,0
21,4,18138.3981071655,0
22,4,17959.3477763329,50
23,4,17188.862826148,360
24,4,16128.3550096694,360
1,5,14746.0090452079,360
2,5,13630.900945073,360
3,5,13036.5830554441,360
4,5,12683.7110496797,50
5,5,12675.7549175974,50
6,5,12992.6479956023,360
7,5,14142.9280675463,50
8,5,15241.7052330878,360
9,5,15379.4411073085,360
10,5,15722.6560464539,360
11,5,15977.3860259149,20
12,5,16102.644077098,340
13,5,15999.5520486049,340
14,5,15773.38699756,340
15,5,15456.8960444685,360
16,5,15219.2620091978,50
17,5,15047.2499764487,360
18,5,15291.1360923275,360
19,5,16500.4960537506,20
20,5,17147.5601730198,20
21,5,17222.6981199253,20
22,5,16845.4618397579,20
23,5,16035.8079172508,360
24,5,15161.7880374016,340
1,6,14122.0010210122,340
2,6,13192.8979368648,320
3,6,12585.7630797811,340
4,6,12191.9219481209,290
5,6,11993.4508778192,180
6,6,12041.5940128556,160
7,6,12304.2170476168,110
8,6,12747.9669618094,140
9,6,12981.1350612799,0
10,6,13704.147913171,50
11,6,14136.67996585,140
12,6,14165.3459143713,0
13,6,14185.0730149411,90
14,6,14044.5080672251,360
15,6,13630.583872159,140
16,6,13382.1869312329,50
17,6,13417.739983324,50
18,6,13768.6878165081,90
19,6,15262.6420361474,140
20,6,16001.7310133977,90
21,6,16057.9509331146,90
22,6,15725.8968491331,90
23,6,15050.384125764,50
24,6,14270.9348929821,90
1,7,13409.5650051355,50
2,7,12597.618966365,50
3,7,12005.1931053435,0
4,7,11574.4040075102,0
5,7,11313.4089298899,180
6,7,11192.7770105776,180
7,7,11257.0979481973,230
8,7,11381.3718608757,180
9,7,11219.6719424491,180
10,7,11747.386025615,230
11,7,12443.7020253184,180
12,7,12837.4698998582,180
13,7,13134.4090651136,140
14,7,13124.8229085895,140
15,7,12904.0810313262,140
16,7,12756.4430521837,180
17,7,12760.073038965,200
18,7,13350.8070306823,140
19,7,15055.1381474024,140
20,7,16103.7001453274,200
21,7,16590.6908093084,180
22,7,16634.9689878769,180
23,7,16122.2040838747,180
24,7,15223.9329169634,160
1,1,14201.0740471444,200
2,1,13286.4560431762,180
3,1,12706.8279041926,180
4,1,12445.3769253343,180
5,1,12489.3178916606,200
6,1,12949.0360100156,180
7,1,14346.5740705001,180
8,1,15830.3952203537,140
9,1,16368.0489234866,160
10,1,16966.4021769031,160
11,1,17277.6859607919,160
12,1,17324.3680087607,50
13,1,17009.2671720572,50
14,1,16595.0659340657,70
15,1,16248.4279491914,20
16,1,15977.8040944766,110
17,1,15939.5259768775,110
18,1,16333.8620991054,20
19,1,17885.1568804838,50
20,1,18965.521154454,50
21,1,19499.7551013156,50
22,1,19404.6301921662,0
23,1,18542.6308920067,360
24,1,17287.4509117826,360
1,2,15756.5239365007,360
2,2,14557.5850588455,360
3,2,13945.5029596312,340
4,2,13533.2150719943,340
5,2,13503.1858600916,320
6,2,13799.6899848745,340
7,2,15035.0329868476,360
8,2,16215.2361550629,360
9,2,16486.435047387,340
10,2,16891.159952266,360
11,2,17124.8450852269,340
12,2,17249.0149932294,320
13,2,17057.9140536301,360
14,2,16670.3551294301,320
15,2,16426.6812807834,320
16,2,16219.830929352,320
17,2,16107.0011951644,320
18,2,16387.9779798044,340
19,2,17525.6661873045,340
20,2,18302.0419202056,0
21,2,18638.9320578147,320
22,2,18355.3900401273,320
23,2,17523.3190285693,0
24,2,16398.9148965924,0
1,3,14996.6990616357,320
2,3,13799.6688855271,250
3,3,13193.8030733489,270
4,3,12937.8949216884,0
5,3,12858.9980972167,200
6,3,13187.1001099645,200
7,3,14278.9761424009,200
8,3,15563.6490514074,160
9,3,15782.3531279647,140
10,3,16238.6900626994,140
11,3,16500.4880292201,90
12,3,16608.458154775,90
13,3,16423.1741777565,90
14,3,16141.4919830933,70
15,3,15755.2609246047,140
16,3,15592.6159024416,90
17,3,15553.9479645276,50
18,3,15874.9020512865,90
19,3,17194.3369551849,110
20,3,17977.0431016032,140
21,3,18254.5361445099,90
22,3,18047.789780517,90
23,3,17219.7558833377,140
24,3,16107.6220465896,140
1,4,14744.2299082296,50
2,4,13524.5141875966,50
3,4,12919.3818978695,50
4,4,12733.6930652818,360
5,4,12711.3920096996,50
6,4,12989.0869615654,50
7,4,14083.4878717901,360
8,4,15227.4287446751,360
9,4,15405.1578780457,340
10,4,15697.1849131525,320
11,4,16038.6591051442,360
12,4,16227.8049277714,320
13,4,16088.4980458261,320
14,4,15853.9641818199,360
15,4,15511.8411785,320
16,4,15428.2389480638,320
17,4,15402.2989563037,320
18,4,15537.5449714008,340
19,4,16766.9561021549,340
20,4,17392.5099814268,340
21,4,17525.2241605137,340
22,4,16896.7280158735,340
23,4,16277.0080646452,340
24,4,15274.7549112643,340
1,5,13931.1380227449,340
2,5,13075.9690741057,340
3,5,12448.0860115057,320
4,5,12194.0420973854,320
5,5,12174.9249758346,320
6,5,12381.7869617566,320
7,5,13424.7578456941,320
8,5,14603.8660250027,290
9,5,14915.4499237741,320
10,5,15378.3321092962,320
11,5,15703.6669421785,230
12,5,15991.9711013854,180
13,5,16031.3841144233,180
14,5,15927.2280302993,180
15,5,15615.6858794538,180
16,5,15454.5759984665,180
17,5,15528.5110225733,180
18,5,15966.8469696995,180
19,5,17289.0709605999,180
20,5,18077.141961852,180
21,5,18303.623005202,180
22,5,18131.3360896758,180
23,5,17418.1381637431,180
24,5,16645.7488880726,180
1,6,15609.2030259714,180
2,6,14560.2041160064,180
3,6,13889.522913699,180
4,6,13335.7600473565,180
5,6,13246.9598409925,180
6,6,13140.4798502879,0
7,6,13474.7790160971,180
8,6,14134.5230099452,180
9,6,14412.8908943038,140
10,6,15226.33792041,180
11,6,15836.9461551075,230
12,6,16100.6900842551,0
13,6,16190.5427814159,250
14,6,16194.7411516476,270
15,6,16109.8778503062,270
16,6,15984.3209603702,230
17,6,15925.2947852955,270
18,6,16242.1357853967,230
19,6,17881.0699366227,270
20,6,18681.9407978347,230
21,6,18855.5989071755,230
22,6,18593.4663785445,230
23,6,17964.4701113894,230
24,6,17013.4938858477,180
1,7,16006.5989385853,230
2,7,14982.3429403417,180
3,7,14196.1639705747,230
4,7,13649.9391258083,0
5,7,13361.3229503157,230
6,7,13207.150000149,230
7,7,13374.1551174601,180
8,7,13591.3169764476,230
9,7,13543.4148171274,230
10,7,14396.9350873557,230
11,7,15242.0830235663,230
12,7,15703.0561827918,230
13,7,15769.2547846053,230
14,7,15543.1560791855,200
15,7,15213.0739527671,250
16,7,15044.4089880786,230
17,7,15107.6379429502,230
18,7,15746.4569254773,270
19,7,17871.1369662369,230
20,7,19288.0631831185,270
21,7,19989.3470725068,0
22,7,20020.9761574966,0
23,7,19417.3320881194,320
24,7,18048.6270442717,0
1,1,16582.4209991691,320
2,1,15284.0278989375,320
3,1,14561.0281667988,320
4,1,14295.1529900897,270
5,1,14294.0990600954,270
6,1,14684.4370144024,270
7,1,16304.9670361076,320
8,1,18024.6448866613,270
9,1,18668.9110480007,270
10,1,19554.267882796,250
11,1,20179.3258877657,200
12,1,20282.8049848713,200
13,1,19869.0010874309,200
14,1,19438.0001073033,200
15,1,19196.2698851116,200
16,1,19014.247940814,160
17,1,18928.40815272,230
18,1,19287.0501935034,200
19,1,21127.6757317305,200
20,1,22424.7139055617,200
21,1,23010.4337200355,180
22,1,22977.7133033792,0
23,1,22116.1938381195,250
24,1,20418.2751215436,0
1,2,18489.0131014342,0
2,2,16970.7632287778,0
3,2,16125.9487786311,0
4,2,15728.6491423436,0
5,2,15608.0408548638,0
6,2,15914.9333104491,250
7,2,17341.7079047877,250
8,2,18992.4591753855,230
9,2,19618.8109727165,0
10,2,20395.1292339263,230
11,2,20708.3517607171,230
12,2,20463.9039836563,230
13,2,19926.4260612689,320
14,2,19420.5052921921,180
15,2,19091.528309593,230
16,2,18656.1200346947,230
17,2,18536.4060000069,230
18,2,19102.1978640109,0
19,2,21186.531111436,230
20,2,22611.8892000504,0
21,2,23286.2407510076,0
22,2,23271.8769178838,0
23,2,22296.3481365219,0
24,2,20769.7371466681,320
1,3,18804.3570100218,320
2,3,17273.3541098926,0
3,3,16267.2740626819,320
4,3,15809.1269285418,320
5,3,15536.0060730381,0
6,3,15871.4800939355,320
7,3,17397.8999203555,320
8,3,19140.1210383549,320
9,3,19779.9842225034,0
10,3,20471.5860730577,360
11,3,20666.1129721357,320
12,3,20381.3601586437,320
13,3,19761.9340078915,320
14,3,19201.2961466573,320
15,3,18839.1549065812,360
16,3,18545.3078930634,50
17,3,18484.1649058443,360
18,3,18911.8269518465,360
19,3,20992.0789167136,360
20,3,22263.070677801,360
21,3,22800.3618413955,340
22,3,22792.8218861688,340
23,3,21951.7468082567,340
24,3,20525.4429713003,340
1,4,18732.1856939048,340
2,4,17171.8560016488,320
3,4,16318.4139357293,340
4,4,15865.0367870796,340
5,4,15737.3819672517,340
6,4,15998.1867953107,0
7,4,17432.8808042426,0
8,4,19132.835014645,0
9,4,19792.8481189357,0
10,4,20609.6812534225,360
11,4,20785.1867787577,360
12,4,20428.6541374102,50
13,4,19678.3680211101,320
14,4,19094.5331219174,140
15,4,18714.1100736335,360
16,4,18363.6929403562,90
17,4,18324.8100691371,50
18,4,18732.9429416917,50
19,4,20621.8408400266,90
20,4,21902.7997262543,0
21,4,22595.0301021999,50
22,4,22586.3067140132,50
23,4,21815.0310942698,70
24,4,20374.5380477867,50
1,5,18571.4099821522,0
2,5,17026.0540146702,50
3,5,16071.0239795833,20
4,5,15709.2980026584,0
5,5,15575.7849371666,0
6,5,15852.8822164861,50
7,5,17089.2959072096,0
8,5,18674.5899860094,0
9,5,19257.5829010359,0
10,5,19860.617007351,0
11,5,19986.7092138613,0
12,5,19817.2710749451,270
13,5,19456.0008234233,180
14,5,19161.2020470609,0
15,5,18862.499963237,250
16,5,18555.4851509006,250
17,5,18339.7961737466,230
18,5,18538.3209176725,0
19,5,20057.6651145478,0
20,5,21086.0560358483,0
21,5,21589.5259033873,0
22,5,21475.5719764538,0
23,5,20827.758965595,270
24,5,19813.3439400521,0
1,6,18316.2241315907,270
2,6,16956.763144045,0
3,6,15966.6730490307,0
4,6,15351.235040781,0
5,6,15014.8408780904,0
6,6,14792.4710268968,0
7,6,14933.7701096932,230
8,6,15537.7098845559,230
9,6,16078.6631439783,200
10,6,17000.7610418019,200
11,6,17232.0477592582,200
12,6,17021.3238790408,180
13,6,16783.0180524969,200
14,6,16402.0490643139,180
15,6,16068.9821081315,200
16,6,15863.0570360846,230
17,6,15948.4590379796,250
18,6,16601.6350823795,230
19,6,18551.8722244918,230
20,6,19892.0432935467,230
21,6,20419.8148667281,230
22,6,20391.0859489612,180
23,6,19854.0379153262,180
24,6,18901.8030258865,180
1,7,17667.344086738,200
2,7,16456.6290455594,0
3,7,15437.9781134627,0
4,7,14790.2000100135,0
5,7,14388.4051724563,0
6,7,14206.1061366287,0
7,7,14295.4039917684,0
8,7,14596.0228269957,0
9,7,14854.4618202157,0
10,7,15930.7330416524,0
11,7,16579.3848190522,0
12,7,16456.3460120959,320
13,7,15670.3010149164,340
14,7,14653.3769249227,360
15,7,13912.7259530397,360
16,7,13875.8949824814,360
17,7,14255.0499247825,20
18,7,15168.4409384774,360
19,7,17228.8919321731,50
20,7,18649.3717603404,360
21,7,19283.6080940701,360
22,7,19320.8373898405,70
23,7,18803.171898297,20
24,7,18026.7959397621,20
1,1,16841.1290969206,20
2,1,15610.9311507139,20
3,1,14721.0879163219,20
4,1,14152.9632411404,20
5,1,13892.3709681461,360
6,1,13900.6139811231,360
7,1,14137.1339292843,20
8,1,14544.785054489,20
9,1,14850.7981250719,50
10,1,15873.358988962,50
11,1,16694.9121924452,50
12,1,16920.8639742037,360
13,1,16885.3189823383,360
14,1,16543.9320885502,360
15,1,16183.8631354822,50
16,1,16025.5049831159,140
17,1,16079.2200991516,140
18,1,16780.9347005552,140
19,1,18515.6559869841,140
20,1,19520.6589105157,140
21,1,19965.4559769714,90
22,1,19919.1561432006,90
23,1,19199.5929205966,140
24,1,18111.3949977448,140
1,2,16730.0300334962,140
2,2,15424.1460077072,140
3,2,14469.8759549786,180
4,2,13933.8941608499,180
5,2,13665.6669341464,140
6,2,13643.0659625537,180
7,2,13939.8961746523,180
8,2,14424.9488284996,180
9,2,14703.2481616063,180
10,2,15582.9758275792,180
11,2,16463.9401118112,140
12,2,16930.0601152729,140
13,2,17160.2410562835,140
14,2,17112.1350167142,140
15,2,16845.0661137858,140
16,2,16728.489117912,90
17,2,16792.4318917533,90
18,2,17426.3129297242,90
19,2,19073.2417916432,90
20,2,20040.8901353069,110
21,2,20504.1222036406,140
22,2,20395.9333694382,140
23,2,19564.0849932441,140
24,2,18122.9838587482,140
1,3,16452.5548868065,140
2,3,15006.6570899568,180
3,3,14249.4799825787,180
4,3,13828.8131243553,180
5,3,13742.5781726378,0
6,3,14190.8019576014,0
7,3,15596.4259508769,140
8,3,17231.769850858,140
9,3,18016.6599674477,140
10,3,18669.0510829812,160
11,3,19265.1101692467,140
12,3,19498.4369125738,160
13,3,19435.395140684,180
14,3,19172.2920687477,160
15,3,18986.5150931417,200
16,3,18676.2468839751,200
17,3,18477.6291012167,200
18,3,18758.758941751,0
19,3,20060.7921608686,180
20,3,21067.508914398,0
21,3,21537.4360966401,270
22,3,21529.9659152492,180
23,3,20821.2280290531,0
24,3,19453.5201511395,0
1,4,17576.1752083479,0
2,4,16069.8181232621,0
3,4,15194.8780202225,0
4,4,14791.862041007,230
5,4,14721.6820177815,0
6,4,14972.3750777518,0
7,4,16176.2549070558,230
8,4,17719.4808358504,0
9,4,18475.5847548652,0
10,4,19281.1018397694,0
11,4,19800.9190668648,340
12,4,19958.567136239,320
13,4,19679.7319179846,270
14,4,19196.4888075767,320
15,4,18712.6988446284,340
16,4,18361.955962926,340
17,4,18306.4339333428,340
18,4,18685.1332166992,20
19,4,20235.0660047992,20
20,4,21263.2431589067,20
21,4,21742.4729027026,360
22,4,21665.114098289,360
23,4,20902.2990791787,360
24,4,19474.3657976456,320
1,5,17664.3430800061,360
2,5,16145.1101165306,360
3,5,15200.8100219801,320
4,5,14809.8068500789,320
5,5,14697.4240215764,360
6,5,15001.9980199666,320
7,5,16333.3861903762,320
8,5,17938.4759062448,320
9,5,18473.7659362427,340
10,5,19147.3390230136,320
11,5,19503.7439641742,320
12,5,19696.8192189431,340
13,5,19477.8709551482,20
14,5,19176.0178622556,270
15,5,18917.5539948428,320
16,5,18590.8778187935,360
17,5,18351.3799562273,250
18,5,18639.7589943468,270
19,5,19868.8932079924,340
20,5,20658.7402675225,320
21,5,21013.1832504151,320
22,5,20874.1087165009,320
23,5,20072.7873542177,360
24,5,18983.7727808085,320
1,6,17573.1210122992,0
2,6,16176.3030845699,320
3,6,15197.2179232229,320
4,6,14663.1070531716,270
5,6,14326.9999967038,270
6,6,14319.4530126487,320
7,6,14589.3229162729,320
8,6,15136.7029644146,320
9,6,15615.9750033262,320
10,6,16228.6430222469,340
11,6,16716.9077895087,320
12,6,16822.4860871508,340
13,6,16710.8110377276,360
14,6,16465.0230506449,320
15,6,16165.0981943188,0
16,6,15871.5759665295,0
17,6,15799.0889170392,0
18,6,16164.414930933,0
19,6,17440.1500064833,0
20,6,18281.6480590869,0
21,6,18427.9440578371,180
22,6,18215.962031437,0
23,6,17591.4901220751,340
24,6,16773.9928633655,230
1,7,15698.6689342847,0
2,7,14620.4780517154,270
3,7,13812.4799075638,270
4,7,13222.056996244,270
5,7,12951.1258825174,270
6,7,12767.233159609,230
7,7,12856.6220435991,230
8,7,13043.3699312811,180
9,7,12859.9471679605,20
10,7,13456.5430962982,20
11,7,14073.7120887305,140
12,7,14463.1679682382,0
13,7,14499.5208749593,20
14,7,14256.2999290512,50
15,7,13849.4850158142,110
16,7,13713.7519571166,90
17,7,13815.1679460774,340
18,7,14474.3509377763,90
19,7,16293.526090228,50
20,7,17676.01902528,50
21,7,18158.8559863744,20
22,7,18333.9399435334,50
23,7,17812.3620573469,360
24,7,16784.7670436946,360
1,1,15451.7621295857,360
2,1,14216.3608875033,360
3,1,13555.7619107756,320
4,1,13187.2239801418,320
5,1,13205.4790998137,360
6,1,13590.1018876376,320
7,1,14927.8371250676,360
8,1,16309.1348058133,270
9,1,16855.9760076934,270
10,1,17201.6220838752,230
11,1,17602.6420548585,20
12,1,17610.2499831074,230
13,1,17359.4779615178,200
14,1,17066.376101987,180
15,1,16651.0841181687,180
16,1,16354.2261143475,270
17,1,16160.2139836997,140
18,1,16297.2802650686,90
19,1,17735.5750550458,110
20,1,18795.3739535436,180
21,1,19320.9747651909,180
22,1,19275.7798946835,180
23,1,18543.2987667322,140
24,1,17425.3650138116,180
1,2,15883.5130463708,180
2,2,14729.7117924485,0
3,2,14077.1489434354,360
4,2,13731.7060432843,140
5,2,13728.6022045221,140
6,2,13997.6638783887,90
7,2,15262.1101001278,90
8,2,16673.1240259967,140
9,2,17181.6519372454,140
10,2,17737.3182065686,140
11,2,18130.0829257999,140
12,2,18376.011965591,90
13,2,18128.8300582094,90
14,2,17866.3667400646,90
15,2,17643.6681460673,90
16,2,17416.5101441387,140
17,2,17388.3689931887,140
18,2,17682.6179222907,140
19,2,19182.3141494849,140
20,2,20295.4159597736,180
21,2,20876.3592486763,160
22,2,20819.631305756,160
23,2,20006.1381466127,140
24,2,18531.2847825158,140
1,3,16899.4669516813,110
2,3,15561.1871631377,140
3,3,14760.2130435221,230
4,3,14442.451000276,230
5,3,14419.4950533528,0
6,3,14678.9382513631,270
7,3,16110.008011438,230
8,3,17646.0829570851,230
9,3,18191.101084766,230
10,3,18807.9590414595,230
11,3,19054.6090181385,230
12,3,18962.9209446171,230
13,3,18427.3461827663,230
14,3,17910.1710836496,230
15,3,17560.3039475158,230
16,3,17202.1629952824,180
17,3,17166.8588805122,230
18,3,17572.6218317733,230
19,3,19323.2168914088,230
20,3,20501.5298967622,230
21,3,21262.2422999199,230
22,3,21244.9197549783,230
23,3,20575.3759735115,180
24,3,19317.952956654,180
1,4,17509.1972732693,140
2,4,16071.8300593868,0
3,4,15327.9830900617,140
4,4,14941.3741833344,140
5,4,14875.3371906728,140
6,4,15221.837023178,140
7,4,16597.282040555,140
8,4,18233.2988580745,180
9,4,18744.3469185364,160
10,4,19276.1229600683,180
11,4,19514.9219130182,140
12,4,19411.5789035659,90
13,4,18894.278921888,90
14,4,18405.4849445632,20
15,4,18138.0288754702,20
16,4,17902.2048644945,20
17,4,17850.3008354249,20
18,4,17982.0779865421,20
19,4,19511.8439882881,90
20,4,21046.954882022,90
21,4,21648.300893141,0
22,4,21668.5921478439,0
23,4,20923.3343119658,140
24,4,19461.5820472817,50
1,5,17669.9689356182,360
2,5,16233.270019682,50
3,5,15375.7120578326,360
4,5,15060.3699376321,360
5,5,15046.9862010907,360
6,5,15333.1330266854,360
7,5,16710.1489071249,360
8,5,18319.6980287181,0
9,5,18767.223125984,360
10,5,19230.0078733331,360
11,5,19399.6909757173,340
12,5,19217.2860165293,340
13,5,18632.7980646333,340
14,5,18041.3949853145,360
15,5,17671.346906438,50
16,5,17435.2118156012,360
17,5,17296.029057825,360
18,5,17466.3541065548,50
19,5,19078.8847564365,50
20,5,20290.7921542581,90
21,5,20685.3882130962,0
22,5,20613.5078796223,90
23,5,19962.3430219535,50
24,5,18849.2440679325,50
1,6,17432.5409929035,90
2,6,16102.463112344,50
3,6,15157.418078687,90
4,6,14679.2309789034,50
5,6,14429.7752049323,50
6,6,14340.1081169853,50
7,6,14650.0018797955,50
8,6,15208.7799768606,50
9,6,15482.1090777077,0
10,6,16176.3351171267,180
11,6,16351.0379083388,0
12,6,16006.785108746,360
13,6,15483.4867987777,50
14,6,14992.4678781362,340
15,6,14494.6951634525,110
16,6,14264.1309301886,90
17,6,14280.6568966373,140
18,6,14903.1738869618,90
19,6,16691.7438470582,50
20,6,17890.6940163774,90
21,6,18306.7441271255,50
22,6,18108.3939353293,90
23,6,17386.1521206265,90
24,6,16563.7588046425,50
1,7,15543.7320384616,360
2,7,14489.4330910603,360
3,7,13682.9709963807,50
4,7,13172.7480656196,360
5,7,12868.3340608225,360
6,7,12707.3619844363,90
7,7,12803.2901498199,90
8,7,13024.0811628028,50
9,7,12937.2069243444,360
10,7,13464.7061319028,50
11,7,13978.0289676687,20
12,7,14119.9340767966,20
13,7,13978.9569143909,20
14,7,13674.1659754416,50
15,7,13303.7910081795,360
16,7,13086.1820856701,50
17,7,13175.1929929847,50
18,7,13727.3120512529,50
19,7,15419.2419674814,20
20,7,16529.9721452137,50
21,7,17017.4620357774,20
22,7,17019.3358905129,20
23,7,16426.7811042527,360
24,7,15435.3689490231,360
1,1,14194.4307715845,360
2,1,13150.9140140498,20
3,1,12482.6530208018,20
4,1,12243.473898537,340
5,1,12315.1090344557,360
6,1,12743.6220084045,360
7,1,13994.0921230441,340
8,1,15485.9190853041,0
9,1,15747.3841310772,360
10,1,16287.9942357055,340
11,1,16628.6717646084,340
12,1,16752.8711944909,20
13,1,16465.2241480517,340
14,1,16126.092142553,360
15,1,15840.3812043004,70
16,1,15413.7319054854,20
17,1,15272.0289276957,20
18,1,15495.0280700953,20
19,1,16744.2309281089,20
20,1,17653.151869608,50
21,1,17942.0261739761,360
22,1,17701.0090397223,360
23,1,16939.7130093555,320
24,1,15714.3711814953,50
1,2,14366.7050458546,50
2,2,13195.8138948118,360
3,2,12567.4630695729,360
4,2,12274.3678706064,320
5,2,12311.9399859065,360
6,2,12640.7860182577,360
7,2,13905.7660844787,320
8,2,15161.7439634702,360
9,2,15457.637921602,340
10,2,15742.7039496966,340
11,2,16057.6116815727,360
12,2,16250.0509243048,340
13,2,16133.2280620968,50
14,2,15913.3369327746,340
15,2,15670.586837912,360
16,2,15318.5039579513,340
17,2,15176.8251500143,340
18,2,15467.7079255147,340
19,2,16502.0109757964,360
20,2,17399.6380302965,180
21,2,17663.8650808976,180
22,2,17421.1559496316,0
23,2,16469.2909974492,180
24,2,15299.2700338659,0
1,3,13948.9230530874,0
2,3,12908.9338868072,230
3,3,12413.8520260991,230
4,3,12194.3980446875,230
5,3,12206.9979720837,180
6,3,12508.687947905,180
7,3,13618.1428771213,180
8,3,15041.1581735197,180
9,3,15395.2191803089,140
10,3,15800.6237874412,140
11,3,16023.7908577479,140
12,3,16343.1340494815,90
13,3,16195.4601852826,140
14,3,15888.8839050567,90
15,3,15643.3717999607,70
16,3,15378.8939546831,110
17,3,15310.7910134586,110
18,3,15526.208074277,140
19,3,16827.0351798661,110
20,3,17758.6119061466,110
21,3,18083.3768210197,110
22,3,17818.0809347703,110
23,3,17102.9579824152,110
24,3,15960.2098972247,70
1,4,14668.872021865,90
2,4,13600.1778914257,140
3,4,12876.1599320917,140
4,4,12617.0279996721,160
5,4,12581.645996,140
6,4,12842.7058284447,110
7,4,13817.4259328408,140
8,4,15352.1117903179,160
9,4,15900.1408452695,70
10,4,16408.7578373766,160
11,4,16813.8028082269,160
12,4,17042.9092106734,140
13,4,16901.6611819658,160
14,4,16613.6951253506,160
15,4,16335.2170315292,110
16,4,16026.1058988646,110
17,4,16016.4119148161,140
18,4,16270.8199215271,140
19,4,17703.0946881436,90
20,4,18658.1080824807,140
21,4,19068.6930158247,140
22,4,18975.081019514,140
23,4,18361.4059877422,140
24,4,17223.8820275386,140
1,5,15905.3890342558,160
2,5,14698.8690960821,160
3,5,13925.9508350883,180
4,5,13608.9861437194,180
5,5,13557.6170413763,140
6,5,13825.2171053318,140
7,5,15028.5129010662,140
8,5,16523.6157302375,140
9,5,17090.5440369936,140
10,5,17698.8700879196,140
11,5,18006.286981657,140
12,5,17994.7930766585,160
13,5,17792.8509935248,110
14,5,17378.5460664256,140
15,5,16943.5738134589,90
16,5,16670.9141666348,90
17,5,16582.6460621561,50
18,5,17017.7140281795,90
19,5,18490.9690556616,90
20,5,19542.6671488765,140
21,5,19889.6391009279,140
22,5,19646.3858811777,140
23,5,18911.6320303623,140
24,5,17904.4999313861,90
1,6,16632.1799044765,50
2,6,15431.0567702567,140
3,6,14558.768941001,90
4,6,14100.3260230933,50
5,6,13846.0949546908,90
6,6,13788.7530397167,90
7,6,14064.2181306228,140
8,6,14657.9349433656,140
9,6,15091.0980029077,90
10,6,15782.4568283808,90
11,6,16192.8521838456,90
12,6,16240.7339076264,90
13,6,16260.3972578002,90
14,6,16070.1221144348,90
15,6,15830.484886116,50
16,6,15663.3578819395,50
17,6,15662.6251117199,140
18,6,16154.4900957202,90
19,6,17481.3311210301,90
20,6,18424.748173947,140
21,6,18614.3778329571,90
22,6,18293.5508397338,50
23,6,17575.819957271,50
24,6,16721.5719238166,50
1,7,15636.7611273304,50
2,7,14451.3640160132,90
3,7,13604.03501142,50
4,7,13107.8830304914,50
5,7,12720.9139790897,360
6,7,12543.3108867974,360
7,7,12555.7770562402,360
8,7,12734.795986845,50
9,7,12681.521907161,360
10,7,13185.4729429344,360
11,7,13839.5330638967,340
12,7,14225.1861185275,340
13,7,14297.6220745113,20
14,7,14181.9920867672,20
15,7,13885.9669869794,20
16,7,13761.4359305147,290
17,7,13853.7739363685,320
18,7,14428.4158469159,0
19,7,15896.7709828345,0
20,7,16978.2169268177,0
21,7,17443.6192074631,0
22,7,17450.3938845763,140
23,7,16892.0889720239,180
24,7,15879.5470909313,0
1,1,14655.4032196007,140
2,1,13530.8731614328,140
3,1,12782.3661014973,180
4,1,12501.6509230579,180
5,1,12501.4351082311,180
6,1,12908.2560326698,180
7,1,14240.8190159834,140
8,1,15672.9368924266,140
9,1,16369.6249627895,140
10,1,17075.2060733971,140
11,1,17625.4578029842,140
12,1,17784.8131765191,140
13,1,17584.7610936891,140
14,1,17309.6482006889,140
15,1,16931.1717866122,140
16,1,16688.7671484723,140
17,1,16593.364971943,20
18,1,16927.5679600136,20
19,1,18418.3300861749,50
20,1,19454.8061508832,50
21,1,19944.6059805132,90
22,1,19883.6780464425,90
23,1,19173.3781708831,90
24,1,17957.392964808,90
1,2,16271.0470640714,90
2,2,14884.7489122655,0
3,2,14068.5718926805,140
4,2,13723.5249229614,140
5,2,13678.9262059946,50
6,2,13945.1560528018,90
7,2,15109.1091217771,90
8,2,16547.3978628702,90
9,2,17241.6001876177,90
10,2,17919.4832794347,110
11,2,18476.1872379794,70
12,2,18819.8797421077,110
13,2,18777.0959030676,110
14,2,18817.3779484991,90
15,2,18873.5332935712,70
16,2,18800.1580074346,110
17,2,18908.5709052178,110
18,2,19317.467022942,110
19,2,20474.8421381949,110
20,2,21324.8668655035,140
21,2,21755.7110159546,90
22,2,21412.3421144913,90
23,2,20597.3069904129,90
24,2,19306.6690191216,90
1,3,17457.0271203108,90
2,3,15944.2308870666,90
3,3,15093.9591035116,140
4,3,14704.1749932915,90
5,3,14581.5220240988,90
6,3,14890.3559681511,90
7,3,15977.1369720874,140
8,3,17473.1811888078,90
9,3,18533.6759857219,70
10,3,19292.8289999682,140
11,3,20115.3740434971,140
12,3,20665.560959924,140
13,3,20833.9761399226,990
14,3,20817.9110601377,140
15,3,20637.4980318509,140
16,3,20460.2240106687,180
17,3,20331.2159435637,90
18,3,20506.5279750968,160
19,3,21510.6661675642,180
20,3,22348.5537673528,180
21,3,22656.115899838,180
22,3,22393.1020311451,140
23,3,21455.7041774392,180
24,3,19967.4958794079,180
1,4,18229.9588998741,180
2,4,16614.990913067,180
3,4,15675.4450856615,180
4,4,15237.7349226712,180
5,4,15128.6199841849,180
6,4,15352.1291028047,180
7,4,16568.5589568949,180
8,4,18106.8358323062,230
9,4,19054.5711112784,180
10,4,20098.9199514872,180
11,4,20789.3142805211,230
12,4,21019.2660693767,180
13,4,20696.5869361106,140
14,4,20202.0939030545,180
15,4,19879.1643405315,180
16,4,19621.9960834123,180
17,4,19446.7951027863,270
18,4,19575.8159556314,180
19,4,21069.4997607023,230
20,4,22398.6371806674,230
21,4,22964.4221232235,200
22,4,22893.6760376095,230
23,4,22116.4570515417,230
24,4,20743.1762262913,230
1,5,18891.0940348149,250
2,5,17324.4631138545,0
3,5,16303.4378757577,0
4,5,15834.8830688865,250
5,5,15665.9360084962,0
6,5,15943.3618179726,250
7,5,17159.9280038045,0
8,5,18774.9308461433,0
9,5,19718.6130218538,0
10,5,20547.6629306412,0
11,5,20881.4546465314,230
12,5,21011.2210243959,0
13,5,20714.9540052544,360
14,5,20533.8831215743,320
15,5,20542.5120504171,320
16,5,20372.9989531095,320
17,5,20181.2410525829,320
18,5,20260.0233713136,320
19,5,21549.9347199643,320
20,5,22667.3530400535,320
21,5,23016.323100835,320
22,5,22756.0261351035,360
23,5,21977.0050364964,360
24,5,20796.2147796153,360
1,6,19160.6970133985,360
2,6,17680.6571715545,360
3,6,16535.6808988394,340
4,6,15882.6149160246,340
5,6,15532.9979710797,360
6,6,15460.2418111413,360
7,6,15766.92885626,360
8,6,16329.3107890318,360
9,6,16812.0009991777,320
10,6,17905.0907998894,340
11,6,18409.6750981063,320
12,6,18259.2219493119,320
13,6,17770.0280464226,320
14,6,17385.6689753933,320
15,6,17210.4189927847,320
16,6,17080.5788178553,320
17,6,16976.079196235,270
18,6,17305.60712445,320
19,6,18710.9489964197,270
20,6,20082.7330788,270
21,6,20471.1401076156,250
22,6,20411.2897759191,250
23,6,19774.3046481358,270
24,6,18981.5407767802,270
1,7,17784.0020860452,230
2,7,16550.3801473487,250
3,7,15629.3270286117,230
4,7,14969.0211164784,230
5,7,14581.5928708464,200
6,7,14454.680870235,200
7,7,14539.5518521088,230
8,7,14780.6349098347,250
9,7,14813.1052205805,230
10,7,15688.9641878754,230
11,7,16422.8721033534,200
12,7,16606.7958400829,230
13,7,16504.5528853841,200
14,7,16100.3168390412,200
15,7,15685.0670990165,230
16,7,15512.0290143871,230
17,7,15639.7142830853,270
18,7,16239.7339809784,270
19,7,18136.9589905654,230
20,7,19812.8920244452,230
21,7,20561.6928157383,230
22,7,20668.0479416996,230
23,7,20240.6658554559,200
24,7,19220.8850523138,200
1,1,17626.3798827687,200
2,1,16266.8238505507,200
3,1,15374.2200111261,180
4,1,14911.9689163882,200
5,1,14832.9128213488,230
6,1,15165.7461340847,200
7,1,16297.8240493517,200
8,1,17813.4731867348,200
9,1,19077.1290384162,230
10,1,20312.0821474352,230
11,1,21104.8551976845,200
12,1,21262.7189042548,200
13,1,21069.0597278177,180
14,1,20814.8611820022,200
15,1,20452.1643374747,230
16,1,20107.6339226956,180
17,1,19897.8930304729,230
18,1,20080.1447750106,230
19,1,21646.7072587125,230
20,1,23083.7447810078,230
21,1,23688.1408609203,230
22,1,23606.6708839214,180
23,1,22751.4880461595,230
24,1,21392.7698124717,200
1,2,19519.0318801914,200
2,2,17836.861969491,200
3,2,16715.3789498066,0
4,2,16128.1031600616,200
5,2,15944.1801074995,0
6,2,16135.7748953118,0
7,2,17196.1568396509,180
8,2,18528.2460636734,180
9,2,19498.7819661759,160
10,2,20860.2141569479,180
11,2,21365.2989397942,140
12,2,21270.5917500759,140
13,2,20889.7979111904,140
14,2,20366.9798702718,360
15,2,19978.9520287894,110
16,2,19570.7726488233,360
17,2,19376.109962448,20
18,2,19571.6179582141,50
19,2,21280.1452305485,20
20,2,22895.2839442489,90
21,2,23539.1549647632,90
22,2,23537.7682431457,90
23,2,22792.014099627,50
24,2,21353.1729078646,50
1,3,19391.1319957012,50
2,3,17690.6060867067,50
3,3,16692.9720930448,50
4,3,16151.8558677265,50
5,3,15961.393123498,360
6,3,16173.0839665458,50
7,3,17237.0540008526,50
8,3,18799.8890377521,50
9,3,19833.0420153346,320
10,3,20766.2118423209,360
11,3,21228.7001113053,320
12,3,21317.5961524749,340
13,3,21089.2290375908,340
14,3,20873.6803115397,20
15,3,20633.4266806897,360
16,3,20356.2681750022,360
17,3,20109.1660767365,50
18,3,20091.3726712205,360
19,3,21397.9826962592,50
20,3,22743.9980081649,50
21,3,23169.5260502038,50
22,3,23034.9911201497,360
23,3,22329.3838889129,50
24,3,20974.2817390338,50
1,4,19127.8200311784,50
2,4,17601.1349034597,50
3,4,16534.8599356238,50
4,4,15841.4269185207,50
5,4,15616.5410837973,50
6,4,15704.0991795561,360
7,4,16608.7779706599,360
8,4,18005.1550790862,50
9,4,18866.0710741462,360
10,4,19764.4779422138,360
11,4,19959.4570197815,340
12,4,19615.6787857693,360
13,4,19016.8450217022,360
14,4,18469.7861683192,20
15,4,17946.9289585883,360
16,4,17401.469946879,50
17,4,17033.7929770248,50
18,4,17141.9818007972,50
19,4,18596.7272245529,360
20,4,19987.2530616884,360
21,4,20466.6027621641,20
22,4,20224.0488475214,20
23,4,19451.8809506884,20
24,4,18408.9989085842,20
1,5,17126.9459775549,20
2,5,15860.4599349251,20
3,5,14996.8871698392,20
4,5,14472.1009585354,20
5,5,14217.3199171739,360
6,5,14376.4108434351,360
7,5,15086.6201377874,340
8,5,16115.7809031982,340
9,5,16591.4279445861,20
10,5,17209.7949611794,20
11,5,17434.8869322125,20
12,5,17225.2609276212,20
13,5,16810.3121949778,20
14,5,16387.7952154734,360
15,5,15944.7240173026,360
16,5,15509.3081760646,20
17,5,15275.165164709,360
18,5,15346.5510270938,360
19,5,16489.8510836898,20
20,5,17404.1660991412,20
21,5,17580.4428472992,360
22,5,17284.5271689877,360
23,5,16406.7360044954,320
24,5,15522.3970064373,340
1,6,14486.976836846,20
2,6,13454.2841750466,360
3,6,12720.2079980018,360
4,6,12288.5899574186,360
5,6,12054.4540579027,360
6,6,11999.7459442996,360
7,6,12259.8719928124,320
8,6,12670.0119945703,360
9,6,12844.822108208,360
10,6,13523.6520910588,360
11,6,14020.738981283,360
12,6,14165.4311080843,320
13,6,14124.2932132005,320
14,6,13850.1049323778,360
15,6,13489.3639559959,320
16,6,13248.71202132,340
17,6,13311.9640550938,320
18,6,13697.4619574262,320
19,6,14867.9161565671,320
20,6,15817.4489740011,270
21,6,16047.9939900403,200
22,6,15838.0820352294,200
23,6,15275.0502855364,180
24,6,14627.3289988467,180
1,7,13767.3891583912,200
2,7,12910.9169121365,230
3,7,12263.0651003314,200
4,7,11900.6281070641,250
5,7,11694.6619963401,230
6,7,11623.5009548783,230
7,7,11762.7809031172,230
8,7,11886.2159485908,230
9,7,11618.5540406861,230
10,7,12377.5510008398,230
11,7,13278.4951233,230
12,7,13710.3859436391,270
13,7,13761.9070475837,270
14,7,13538.0529321291,270
15,7,13210.4549886032,250
16,7,13037.2960653689,180
17,7,13115.3139504365,200
18,7,13617.0940066369,200
19,7,15457.0807726721,200
20,7,16808.4059337665,180
21,7,17457.1207235669,180
22,7,17626.9201684369,180
23,7,17241.2309312726,180
24,7,16367.2630251701,160
1,1,15177.32704645,140
2,1,14069.5039774921,140
3,1,13406.5700724364,140
4,1,13070.79814429,140
5,1,13043.3169567211,140
6,1,13381.6830075233,180
7,1,14477.3770245153,160
8,1,16038.9269336283,140
9,1,16857.8979641682,70
10,1,17781.0621255916,70
11,1,18480.2320178332,70
12,1,18856.0499441229,110
13,1,18939.4747842922,110
14,1,18868.9289050548,70
15,1,18620.9901108788,70
16,1,18391.1700252834,70
17,1,18157.160858862,70
18,1,18100.1741498307,140
19,1,19235.4049182308,70
20,1,20582.4420559916,140
21,1,21183.1760794277,140
22,1,21176.6947308127,140
23,1,20422.9678333473,90
24,1,19120.7569882311,90
1,2,17406.6329941301,140
2,2,15956.8989351782,140
3,2,15057.7192280384,140
4,2,14622.0078089022,90
5,2,14489.0339556818,90
6,2,14731.3060292092,140
7,2,15773.2600133938,90
8,2,17096.4759767826,140
9,2,17904.3419408759,140
10,2,18668.3740950456,90
11,2,19156.630158821,50
12,2,19317.2459655475,90
13,2,18937.1012102249,90
14,2,18514.5729972086,70
15,2,18096.3459267577,90
16,2,17747.9432579315,90
17,2,17631.655978193,70
18,2,17785.1819893233,90
19,2,19096.605101464,140
20,2,20292.0459342329,50
21,2,20854.3809470534,90
22,2,20751.6739085129,0
23,2,19866.5122294724,140
24,2,18655.7408999073,140
1,3,16936.2240096573,140
2,3,15477.1199783757,180
3,3,14625.7619938715,180
4,3,14227.6620363514,180
5,3,14131.1149474158,180
6,3,14333.7779677341,180
7,3,15374.5828932392,180
8,3,16762.7807683907,230
9,3,17450.9678973648,230
10,3,18401.0949625744,250
11,3,18775.8949158554,250
12,3,18764.9448165483,230
13,3,18427.484827564,230
14,3,17902.5379120138,230
15,3,17487.2992359605,230
16,3,17070.5178424694,250
17,3,16856.4171633491,230
18,3,16992.5120870507,250
19,3,18212.1448777148,230
20,3,19669.8960691056,250
21,3,20354.2570044524,230
22,3,20434.50121269,230
23,3,19865.6961756794,180
24,3,18713.2251049642,230
1,4,17176.2150969235,230
2,4,15816.0639488134,180
3,4,14936.5980881989,180
4,4,14504.8639724439,0
5,4,14442.7860213144,140
6,4,14677.8978892377,140
7,4,15694.1748354137,140
8,4,17271.0680352811,160
9,4,18101.7759664971,180
10,4,18981.2630891966,180
11,4,19343.2149296495,140
12,4,19234.647056774,140
13,4,18833.9797311107,160
14,4,18258.8720156233,140
15,4,17814.2150543127,50
16,4,17592.0939846686,90
17,4,17599.1388721932,50
18,4,17746.9300184042,90
19,4,19032.1390915457,160
20,4,20452.7891586142,0
21,4,21053.6886887845,140
22,4,21099.577314334,180
23,4,20359.3318030367,140
24,4,19165.6919127516,140
1,5,17565.8008233216,140
2,5,16182.9930341654,140
3,5,15235.8970756643,140
4,5,14771.7440605834,140
5,5,14636.5591054391,140
6,5,14901.9210902452,140
7,5,15902.6599250007,140
8,5,17318.0520251077,160
9,5,17991.4498145131,0
10,5,18744.0530307385,0
11,5,18827.6870169787,70
12,5,18538.8790233728,50
13,5,17987.6408556483,50
14,5,17395.3331874833,50
15,5,16887.3639673095,360
16,5,16492.9119359123,50
17,5,16309.3198058937,90
18,5,16512.4480391308,50
19,5,17929.9637762419,90
20,5,19521.4742193259,360
21,5,20082.5747435492,50
22,5,20050.870163152,50
23,5,19387.8146359976,70
24,5,18522.8240770603,50
1,6,17241.8370204754,50
2,6,16032.1269781458,20
3,6,15136.0530775674,20
4,6,14546.2648894059,20
5,6,14237.8171220514,340
6,6,14213.4671005883,340
7,6,14501.8599833648,360
8,6,14908.3970688096,340
9,6,15372.5400153406,340
10,6,16197.7608589751,360
11,6,16463.4040756345,360
12,6,16331.6960180055,340
13,6,16032.042072863,340
14,6,15527.5629910274,360
15,6,14832.5461036998,340
16,6,14455.4980869651,340
17,6,14308.4289150676,20
18,6,14524.3130599773,360
19,6,15981.6707838577,340
20,6,17484.3080162719,340
21,6,17962.8198496271,360
22,6,17877.9431520384,360
23,6,17304.2079102481,360
24,6,16515.9559769861,360
1,7,15518.3459323689,360
2,7,14507.0431982294,360
3,7,13674.026790161,360
4,7,13188.4460570317,360
5,7,12845.9330381051,360
6,7,12779.2438749046,360
7,7,12830.1731537078,320
8,7,12869.1179226664,360
9,7,12750.3159743305,340
10,7,13418.1030012108,340
11,7,13912.0079363285,360
12,7,13973.5728756151,320
13,7,13779.6038249095,320
14,7,13376.3669346039,320
15,7,12815.4941301428,320
16,7,12520.9590316721,340
17,7,12379.4791315915,320
18,7,12664.5818977065,320
19,7,14164.8458721702,360
20,7,15857.8009635595,0
21,7,16559.827109688,160
22,7,16757.7982169538,0
23,7,16218.2347895846,320
24,7,15305.9088944523,0
1,1,14053.529053166,320
2,1,13045.6331572533,360
3,1,12456.9640834787,320
4,1,12166.4289294593,320
5,1,12215.2889829716,340
6,1,12664.223958684,0
7,1,14079.5380232669,0
8,1,15476.2320911548,0
9,1,15996.9598596952,320
10,1,16662.2269133951,0
11,1,16872.717024898,20
12,1,16816.7259102685,360
13,1,16372.6271851956,360
14,1,15881.7189841883,360
15,1,15494.9800659547,340
16,1,15171.3078861923,50
17,1,14990.2059954328,50
18,1,15037.4301933416,50
19,1,15899.3270904511,50
20,1,17272.8668801533,50
21,1,17768.2830320726,360
22,1,17701.8868553562,360
23,1,16880.8521505081,360
24,1,15777.5600801932,360
1,2,14305.5158731107,360
2,2,13204.21098488,50
3,2,12588.557834586,360
4,2,12298.3710478413,360
5,2,12259.0830627139,360
6,2,12545.0979148634,320
7,2,13692.2999534103,360
8,2,14728.6760059706,320
9,2,14823.8209632095,320
10,2,15210.88107503,340
11,2,15398.1940991541,340
12,2,15515.7481882225,340
13,2,15358.6808421179,320
14,2,15274.2077564446,340
15,2,15099.9988435877,320
16,2,14911.3859626079,340
17,2,14789.4278856913,320
18,2,14807.204901397,320
19,2,15497.8381504202,50
20,2,16667.594950035,50
21,2,16876.8691359101,50
22,2,16531.5270218641,50
23,2,15620.5500720011,50
24,2,14608.9679476906,90
1,3,13363.4930427484,90
2,3,12387.2399065885,20
3,3,11801.4639752338,20
4,3,11588.2030796836,20
5,3,11536.7300946489,340
6,3,11837.6299920043,340
7,3,12957.7410851883,320
8,3,14094.8660212398,340
9,3,14218.5589458382,340
10,3,14790.7300922775,340
11,3,15218.3028517682,320
12,3,15588.2589277234,320
13,3,15606.5088636483,320
14,3,15594.0010951366,320
15,3,15461.0681469869,270
16,3,15267.0648161322,270
17,3,15055.3281807851,140
18,3,14979.5081015262,140
19,3,15622.0278895134,140
20,3,16856.461841434,140
21,3,17187.8829778972,140
22,3,16925.8191556705,160
23,3,16121.1209552456,160
24,3,15148.6099967491,110
1,4,13941.1399626024,140
2,4,12933.4661535117,160
3,4,12370.5870788107,160
4,4,12134.8679799642,200
5,4,12127.9559827892,160
6,4,12493.2478953511,140
7,4,13694.0059841941,180
8,4,15026.6699959012,140
9,4,15453.8739180472,110
10,4,16221.5530551905,110
11,4,16786.5449864697,140
12,4,17127.2411301825,90
13,4,17069.3460896779,110
14,4,16850.843040566,90
15,4,16576.7909453679,90
16,4,16366.6100296602,110
17,4,16213.2280781264,90
18,4,16313.6937756957,110
19,4,17297.3481449559,70
20,4,18690.9758625198,90
21,4,19240.1341859847,140
22,4,19103.2080813083,90
23,4,18331.9431760833,90
24,4,17183.1600517294,90
1,5,15772.639062562,50
2,5,14577.4769776016,50
3,5,13879.6529825376,50
4,5,13536.1959973304,0
5,5,13430.6620824151,0
6,5,13661.293118853,180
7,5,14935.892021317,180
8,5,16237.1042377836,0
9,5,16519.9150229972,0
10,5,17124.5550474655,200
11,5,17285.1751432361,180
12,5,17137.8561420493,230
13,5,16777.653942382,180
14,5,16432.2180897777,230
15,5,15989.8799086004,180
16,5,15646.9500299376,230
17,5,15175.5150940698,200
18,5,15279.422254946,180
19,5,16331.4341139942,160
20,5,17916.2420057831,180
21,5,18376.9119784904,160
22,5,18395.6591455471,160
23,5,17854.4708787249,140
24,5,17051.7470988303,110
1,6,15987.8039342975,110
2,6,14841.8389970446,0
3,6,14088.9439696006,0
4,6,13638.6069347719,160
5,6,13451.4460465461,140
6,6,13344.9209536929,140
7,6,13678.7151408307,0
8,6,14199.8302330826,70
9,6,14577.0408319316,50
10,6,15428.1370112625,50
11,6,15664.4121928168,50
12,6,15488.4789127996,360
13,6,15136.8489899215,50
14,6,14772.1908481391,50
15,6,14343.4288557535,70
16,6,14061.1529184402,50
17,6,14129.9238368616,360
18,6,14434.0370982187,90
19,6,15542.3949641442,90
20,6,17030.5871085122,90
21,6,17415.5307841739,50
22,6,17162.8028570553,90
23,6,16395.7010723175,360
24,6,15591.014013241,50
1,7,14570.906905801,90
2,7,13673.4989453643,50
3,7,12864.4240148857,90
4,7,12413.2620716901,90
5,7,12115.0309025384,0
6,7,11990.0048695342,0
7,7,11968.0620933604,90
8,7,12014.0060997987,360
9,7,11777.3799470672,50
10,7,12384.0829992238,90
11,7,12852.3929804922,50
12,7,13141.5988650536,360
13,7,13330.4339292431,180
14,7,13430.5491208928,230
15,7,13237.9299628595,230
16,7,13023.1400129357,180
17,7,12857.4588909326,180
18,7,12896.934044688,180
19,7,13928.7160118939,200
20,7,15666.9140267959,180
21,7,16260.1510089681,160
22,7,16409.339116415,160
23,7,15991.718942571,200
24,7,15201.1121560875,180
1,1,14220.6949884086,160
2,1,13213.6261077072,160
3,1,12625.3301724042,160
4,1,12274.8910134342,160
5,1,12328.995005166,160
6,1,12773.0450336188,180
7,1,14299.4031697509,160
8,1,15751.7020221576,160
9,1,16394.6839541663,140
10,1,17240.9119670168,140
11,1,17684.7759853546,140
12,1,17888.9348510503,140
13,1,17595.8149145991,160
14,1,17221.2872111481,160
15,1,16732.3589183521,140
16,1,16438.2809147518,90
17,1,16334.5508642457,140
18,1,16494.6199228074,140
19,1,17712.300015928,90
20,1,19696.779824959,140
21,1,20454.4490149895,110
22,1,20494.5198112987,110
23,1,19695.2222162858,110
24,1,18348.5589025465,90
1,2,16615.7580408342,90
2,2,15268.5457975417,70
3,2,14523.9458639137,50
4,2,14164.822996225,70
5,2,14176.2549163774,50
6,2,14547.2249617735,50
7,2,15999.9389100316,50
8,2,17428.9381256658,50
9,2,17910.5438661641,50
10,2,18711.2159348745,90
11,2,18968.6378605291,70
12,2,18906.7660123277,360
13,2,18438.5957267391,20
14,2,17795.1070489995,20
15,2,17364.2891772686,20
16,2,16994.5551003254,360
17,2,16780.7840881178,20
18,2,16837.1810983089,360
19,2,17954.2027704036,90
20,2,19702.7982278224,90
21,2,20441.1981103774,90
22,2,20480.5369637087,50
23,2,19687.6571175046,50
24,2,18434.9039557111,90
1,3,16699.0928909162,50
2,3,15227.4221360309,50
3,3,14482.6750339158,90
4,3,14164.9989338741,50
5,3,14102.2218587677,50
6,3,14406.9648836236,50
7,3,15825.0220538359,50
8,3,17181.7179575153,90
9,3,17563.659038709,70
10,3,18162.9438418541,50
11,3,18281.8930204269,20
12,3,18121.2620853353,360
13,3,17522.8178185001,50
14,3,16904.7920844983,360
15,3,16378.8259743153,340
16,3,16064.4090199242,70
17,3,15876.8740526564,360
18,3,15921.3519739003,50
19,3,16992.814121956,70
20,3,18699.0901580881,70
21,3,19342.0628552586,0
22,3,19309.343753295,50
23,3,18515.9581303401,70
24,3,17411.7291188443,90
1,4,15874.4260452632,50
2,4,14581.7638141811,50
3,4,13821.6200607903,20
4,4,13510.4341089278,20
5,4,13464.8428411521,20
6,4,13747.2850108696,20
7,4,15031.7270233333,20
8,4,16220.5200151652,360
9,4,16388.587895317,360
10,4,16873.6648707595,360
11,4,17106.2980329003,340
12,4,17112.3139137195,360
13,4,16791.2631618455,360
14,4,16446.0030035726,340
15,4,16188.676126169,20
16,4,15960.0878910401,50
17,4,15906.068038051,20
18,4,15963.1551021803,360
19,4,16822.1461018529,360
20,4,18188.0727647152,360
21,4,18663.130128053,360
22,4,18625.2619262318,320
23,4,17769.9569342264,320
24,4,16638.1700568458,320
1,5,15192.9879258387,320
2,5,14027.4061379503,320
3,5,13436.0640898608,230
4,5,13080.6849121414,230
5,5,13073.4729727693,200
6,5,13427.2210532837,230
7,5,14629.3410879485,230
8,5,15969.5548554882,230
9,5,16522.3439468443,230
10,5,17207.4219275545,230
11,5,17513.3460860597,230
12,5,17585.9319432843,230
13,5,17321.9411425097,230
14,5,16949.8370404224,230
15,5,16580.33308313,230
16,5,16320.3679565466,230
17,5,16244.2841502856,230
18,5,16347.1890641656,230
19,5,17421.2972107659,230
20,5,19100.7880470636,230
21,5,19640.6210299116,230
22,5,19573.7241399246,230
23,5,18871.1038487852,230
24,5,17843.3229912519,230
1,6,16618.15173251,230
2,6,15521.359082561,320
3,6,14687.405000452,230
4,6,14235.5720987916,230
5,6,14037.2480999865,230
6,6,13997.7779197712,270
7,6,14322.6048714733,320
8,6,14840.121060038,270
9,6,15433.7441476425,230
10,6,16477.6651085159,250
11,6,16999.9391416896,230
12,6,16969.2340667162,230
13,6,16756.3468626224,230
14,6,16362.6127750059,230
15,6,15896.285011976,230
16,6,15617.8019021084,230
17,6,15629.8639006064,230
18,6,16047.1492093098,230
19,6,17295.5368086537,230
20,6,19000.8030033102,230
21,6,19480.5887943842,180
22,6,19399.371820312,230
23,6,18810.3400030546,0
24,6,17949.730974542,0
1,7,16748.7148264293,0
2,7,15659.0511872172,0
3,7,14776.9201330487,270
4,7,14178.0899483655,0
5,7,13864.1658927761,0
6,7,13778.226913154,0
7,7,13900.245826175,0
8,7,14016.061885381,270
9,7,14165.6898096148,340
10,7,14958.7288895666,320
11,7,15385.9690267247,360
12,7,15284.1489641108,320
13,7,14900.8640098972,360
14,7,14376.3390056705,340
15,7,13810.3138375215,340
16,7,13450.0509250211,340
17,7,13383.8031852401,340
18,7,13769.7809410971,340
19,7,15318.760027471,340
20,7,17407.4408787079,340
21,7,18263.6140104746,360
22,7,18560.6869528126,360
23,7,18202.0391197093,340
24,7,17239.5679900626,320
1,1,15875.2000563517,320
2,1,14595.2819915581,320
3,1,13812.903861137,320
4,1,13355.2608561439,320
5,1,13297.5319496421,320
6,1,13711.8629076476,340
7,1,15019.0799820924,320
8,1,16368.4268966015,320
9,1,17055.8759740402,320
10,1,17733.8239881173,340
11,1,17869.441986857,340
12,1,17690.8799510391,320
13,1,17143.8822628204,270
14,1,16419.8580378676,320
15,1,15910.3347357935,320
16,1,15418.398120001,320
17,1,15136.498278623,320
18,1,15077.997203866,320
19,1,15852.4749253448,320
20,1,17370.7960067987,320
21,1,17872.8211845569,320
22,1,17710.9009922761,320
23,1,16885.0779453628,320
24,1,15767.9641591227,340
1,2,14362.9809191637,340
2,2,13278.3691531419,340
3,2,12742.5239054243,340
4,2,12498.654927501,340
5,2,12438.0918293949,340
6,2,12779.0638984549,320
7,2,14074.2118675706,320
8,2,15198.2358200955,340
9,2,15484.6210827173,360
10,2,15885.9400720741,360
11,2,16070.5621114001,340
12,2,16132.5740686264,360
13,2,15911.3539872332,340
14,2,15644.7350242697,360
15,2,15297.1950461445,360
16,2,15070.8149851873,20
17,2,14912.9850033298,360
18,2,14910.1451178081,20
19,2,15484.0840293504,20
20,2,16923.8861325132,20
21,2,17362.5141947772,360
22,2,17191.6860316042,50
23,2,16315.7410692833,50
24,2,15220.9309242256,360
1,3,13935.9449982196,360
2,3,12882.1141248811,360
3,3,12348.9490029621,360
4,3,12113.4119211324,360
5,3,12137.9880258776,360
6,3,12398.7720170766,360
7,3,13516.2908615181,360
8,3,14568.6289010546,20
9,3,14736.7050827434,360
10,3,15282.2520418502,360
11,3,15665.5699834507,340
12,3,15982.9649568256,340
13,3,16026.3298634178,20
14,3,16014.8890181889,230
15,3,15829.5680577378,180
16,3,15762.73405268,90
17,3,15635.0980952382,90
18,3,15515.3350092508,90
19,3,16076.1118608788,90
20,3,17335.8770734593,90
21,3,17682.950010702,140
22,3,17491.679166574,140
23,3,16689.4029899314,140
24,3,15637.9220139645,140
1,4,14443.7680350253,110
2,4,13414.610873281,140
3,4,12903.9390590359,140
4,4,12633.4280589595,140
5,4,12574.1338930652,140
6,4,12833.3610694231,180
7,4,13838.7180466102,140
8,4,14956.591844257,140
9,4,15505.9761499828,140
10,4,16196.2408692073,140
11,4,16897.5279007703,110
12,4,17260.4299343918,180
13,4,17422.9958124808,110
14,4,17502.0260130875,110
15,4,17529.7339868732,110
16,4,17247.5211054664,50
17,4,17101.4909114698,50
18,4,17015.3180122226,50
19,4,17590.6990311798,50
20,4,18694.2639115229,50
21,4,19052.1550109591,50
22,4,18848.3730501225,360
23,4,17975.4740235172,50
24,4,16769.2330595851,0
1,5,15378.4309986644,230
2,5,14236.0380034372,0
3,5,13546.8169109169,140
4,5,13206.8050735777,180
5,5,13151.33610381,200
6,5,13363.6910360111,180
7,5,14336.6508683665,180
8,5,15493.4399860902,140
9,5,16039.7048222423,270
10,5,16696.6929791486,180
11,5,17196.5429779729,230
12,5,17504.3888635198,200
13,5,17404.2041225038,230
14,5,17060.8840950411,230
15,5,16510.6269034185,180
16,5,16108.2039818987,230
17,5,15855.1150322314,200
18,5,15874.6199007814,230
19,5,16643.6758670295,230
20,5,18275.802194979,230
21,5,18937.9110358302,270
22,5,18930.2939228564,270
23,5,18377.6060575191,230
24,5,17569.1771886144,230
1,6,16359.5048799948,230
2,6,15243.1059441406,270
3,6,14479.9450480328,270
4,6,14087.7648974257,270
5,6,13909.3180136746,270
6,6,13923.7609025044,270
7,6,14193.5958735505,270
8,6,14542.6301361778,270
9,6,15105.4368601134,0
10,6,16071.4519236933,0
11,6,16405.9250826323,270
12,6,16279.0380348773,270
13,6,16095.5001010139,270
14,6,15849.2899277889,270
15,6,15650.2081105663,270
16,6,15609.5309774363,270
17,6,15643.810047562,320
18,6,15840.4290030929,270
19,6,16615.3449974847,270
20,6,18149.3559804603,270
21,6,18612.1268617739,250
22,6,18466.3597649103,250
23,6,17850.9708295735,250
24,6,17022.5120865284,230
1,7,15991.1089789169,230
2,7,14885.6170419035,250
3,7,14055.2190574807,250
4,7,13514.8790650601,250
5,7,13227.696999331,230
6,7,13077.1649915343,250
7,7,13208.016900611,230
8,7,13147.7008880234,230
9,7,13181.8019491686,230
10,7,14052.0779890314,230
11,7,14718.2670888145,230
12,7,14978.0351109211,230
13,7,15005.8388510318,230
14,7,14726.2201710873,230
15,7,14361.580926896,230
16,7,14198.2421655562,200
17,7,14195.3221130697,200
18,7,14403.5550983557,230
19,7,15374.0919922581,230
20,7,17070.3848705618,0
21,7,17674.7641871395,230
22,7,17772.9951611152,270
23,7,17340.6520817005,270
24,7,16536.0400881255,270
1,1,15478.4748526802,0
2,1,14402.3730547326,0
3,1,13609.5869385442,0
4,1,13195.3219638569,320
5,1,12930.2638697838,0
6,1,12754.9829682177,140
7,1,12834.3388020778,360
8,1,12931.8670303328,360
9,1,13159.7799379807,360
10,1,14231.9471100501,360
11,1,15049.8551460882,360
12,1,15428.6470041936,360
13,1,15439.3719403213,360
14,1,15213.2101525152,50
15,1,14749.4301388348,360
16,1,14391.6201076459,50
17,1,14212.4580086274,50
18,1,14449.2590061221,50
19,1,15399.0539874909,0
20,1,17039.171161768,50
21,1,17663.0298696822,140
22,1,17635.9231512807,50
23,1,16860.9719948787,50
24,1,15800.6899546795,50
1,2,14449.0989016853,90
2,2,13303.5648272671,90
3,2,12636.3178342654,20
4,2,12211.9980213671,230
5,2,12224.0879977942,180
6,2,12658.8430387387,160
7,2,14019.6278500666,180
8,2,15266.7360177897,160
9,2,15910.1810787539,160
10,2,16501.012091435,160
11,2,17361.4010403808,160
12,2,17635.634030282,180
13,2,17313.3690839884,140
14,2,16867.2898987578,160
15,2,16522.2049737385,140
16,2,16347.1949249888,200
17,2,16206.0299989991,180
18,2,16089.2010809239,160
19,2,16842.4598371163,140
20,2,18545.7900513355,180
21,2,19228.4919574987,180
22,2,19254.4512241501,0
23,2,18577.5490525346,0
24,2,17461.4790616556,0
1,3,15910.62506813,180
2,3,14776.220955668,0
3,3,14059.2761100399,230
4,3,13745.2808404542,230
5,3,13675.0458588759,230
6,3,13976.1590382652,0
7,3,15147.6949177575,230
8,3,16286.7827739064,230
9,3,16740.4950800347,230
10,3,17501.103903839,180
11,3,17873.6290003806,230
12,3,18113.3980019279,230
13,3,18023.578093031,230
14,3,17758.9279719796,230
15,3,17563.2471154686,270
16,3,17305.7689771298,180
17,3,17125.0429047011,230
18,3,17087.7699111421,230
19,3,17799.7721155463,230
20,3,19389.0659461566,230
21,3,20003.6677934919,200
22,3,19836.6771324016,200
23,3,19040.846050486,270
24,3,17879.9098686911,200
1,4,16347.0581201911,200
2,4,14941.4689358859,270
3,4,14199.1459714341,200
4,4,13869.4948824006,250
5,4,13801.6439807094,200
6,4,14064.1101918551,250
7,4,15291.7440714156,270
8,4,16372.6740840757,230
9,4,16749.5789815295,230
10,4,17457.850027483,230
11,4,17796.0478981899,230
12,4,17847.8469638461,230
13,4,17671.7210648181,200
14,4,17179.4178232579,230
15,4,16789.1790487655,230
16,4,16499.6781423576,250
17,4,16378.2860359753,180
18,4,16448.789140377,250
19,4,17151.535263447,270
20,4,19018.1729404664,290
21,4,19767.0440687498,0
22,4,19832.6610517594,270
23,4,19101.9520094336,270
24,4,17942.7870269064,0
1,5,16303.7829687791,270
2,5,14998.2339199315,320
3,5,14232.9948683335,270
4,5,13968.1018972402,230
5,5,13961.733967097,290
6,5,14288.4790231432,230
7,5,15463.7727061957,230
8,5,16669.1978242713,180
9,5,17128.2370331639,160
10,5,17791.3281731027,180
11,5,18035.754975574,160
12,5,17683.3478912273,230
13,5,17570.6269255639,230
14,5,17090.3678558907,230
15,5,16717.9238795219,180
16,5,16320.7038257066,230
17,5,16081.6300666127,230
18,5,16157.3989998605,230
19,5,16955.8441024492,180
20,5,18756.4170608184,230
21,5,19457.2108307965,230
22,5,19471.5380799434,180
23,5,18854.7830321952,180
24,5,17983.3200032711,180
1,6,16724.7041568793,230
2,6,15469.2411035262,200
3,6,14654.2549472319,200
4,6,14182.9029411557,200
5,6,13980.0789371299,200
6,6,13940.5330287879,200
7,6,14313.3869054536,200
8,6,14530.3140415903,0
9,6,15233.2990211778,180
10,6,16142.4949938495,0
11,6,16381.2241029185,180
12,6,16239.152201517,180
13,6,15882.2580149201,180
14,6,15386.0811143636,140
15,6,14927.9409129992,230
16,6,14520.1682876647,270
17,6,14402.0790960128,140
18,6,14643.0802002074,180
19,6,15771.3471029927,90
20,6,17797.5620385287,180
21,6,18500.7969114762,140
22,6,18441.2199412528,90
23,6,17814.5359109547,90
24,6,16963.1738694999,140
1,7,15867.0449893249,180
2,7,14831.9950282441,140
3,7,14053.4951395593,140
4,7,13567.4369647563,0
5,7,13325.3377796854,0
6,7,13166.9280660199,0
7,7,13138.3759689217,270
8,7,12894.4629708387,270
9,7,13064.2560251956,270
10,7,13945.5780461859,320
11,7,14422.4069218603,340
12,7,14553.4351060786,360
13,7,14433.0340348328,360
14,7,14024.923999561,340
15,7,13492.4888890293,20
16,7,13135.2599813666,50
17,7,13083.0728954346,20
18,7,13422.0501921214,70
19,7,14712.6490507973,90
20,7,17210.6440523834,90
21,7,18303.3810501834,50
22,7,18558.9049686918,50
23,7,18037.8689253422,90
24,7,16885.0770643614,50
1,1,15498.4629074736,50
2,1,14260.511031108,50
3,1,13598.1889511048,50
4,1,13318.5041500698,50
5,1,13349.0109020022,20
6,1,13756.2821443034,50
7,1,15262.8239657541,50
8,1,16558.1459732591,20
9,1,17265.4628052311,360
10,1,18173.4401555406,320
11,1,18453.7720308313,340
12,1,18509.6260780203,50
13,1,18137.268920084,360
14,1,17572.1161784026,50
15,1,17076.7128545957,50
16,1,16694.4041769634,20
17,1,16391.2652322445,20
18,1,16416.0598927112,50
19,1,17243.739091258,20
20,1,19305.941931285,20
21,1,20214.5890805786,50
22,1,20236.5421002227,50
23,1,19350.291052633,50
24,1,18072.0401098112,360
1,2,16395.0029208153,50
2,2,15111.0920660906,50
3,2,14321.925947655,360
4,2,14026.1388557849,360
5,2,14033.0652684756,360
6,2,14391.7432268261,360
7,2,15739.2529919925,360
8,2,16756.9378125905,360
9,2,17189.0379721681,20
10,2,17815.0900047398,360
11,2,17908.2181563946,360
12,2,17714.3160278945,360
13,2,17287.0091496332,360
14,2,16624.3270042723,140
15,2,16038.3040146901,50
16,2,15648.578082634,140
17,2,15477.8848129283,50
18,2,15465.4778250745,360
19,2,16184.3669588163,50
20,2,18207.9949388551,50
21,2,19100.8059492726,90
22,2,19110.9600131698,70
23,2,18519.8709858526,20
24,2,17308.1271062677,50
1,3,15759.638773717,50
2,3,14503.9850593861,50
3,3,13831.2420073859,20
4,3,13532.7530236579,20
5,3,13561.9459305294,20
6,3,13889.9311564299,360
7,3,15235.5351629555,20
8,3,15966.0872195399,360
9,3,16613.0938265398,360
10,3,16924.1180051749,360
11,3,17115.1228437291,360
12,3,17052.2689827383,360
13,3,16665.1020464725,360
14,3,16147.9850008837,20
15,3,15738.4750224389,50
16,3,15381.4369528578,50
17,3,15274.9869236965,50
18,3,15246.1407158691,320
19,3,15714.2398582837,320
20,3,17349.597843498,0
21,3,17998.3048501723,20
22,3,17930.2992329709,200
23,3,17225.8119654581,180
24,3,16225.166053053,180
1,4,14874.6990878284,180
2,4,13738.8971557147,180
3,4,13175.1239621337,200
4,4,12853.4520512065,250
5,4,12871.0710779862,250
6,4,13217.1491417252,230
7,4,14522.9781181421,230
8,4,15503.6138964575,230
9,4,16104.3709084606,230
10,4,16657.299226542,230
11,4,16806.3679231904,230
12,4,16848.2519068406,230
13,4,16577.6469144998,250
14,4,16097.4820753436,200
15,4,15787.3469839785,90
16,4,15519.9000146166,50
17,4,15389.9751160312,20
18,4,15435.290836269,20
19,4,16027.1199473236,360
20,4,17814.5661752707,360
21,4,18599.9961585868,50
22,4,18594.2529443465,360
23,4,17897.8590319231,90
24,4,16730.3090026267,360
1,5,15324.4739704467,50
2,5,14115.2489669751,0
3,5,13518.8330263849,50
4,5,13284.0588836726,50
5,5,13249.0878809337,360
6,5,13486.6668184251,50
7,5,14549.45804343,50
8,5,15378.3088544309,360
9,5,15703.5619516857,360
10,5,16071.0590269677,50
11,5,16238.5450066682,50
12,5,16240.9329823591,360
13,5,16031.8610343803,50
14,5,15694.5188623797,90
15,5,15392.9428463653,50
16,5,15141.3199470695,360
17,5,14927.4778713733,50
18,5,14994.6221430488,140
19,5,15467.609897038,140
20,5,16823.9580363687,140
21,5,17239.8497873433,110
22,5,16979.3157963026,70
23,5,16101.4960311614,50
24,5,15275.2131242333,20
1,6,14147.6348595163,250
2,6,13229.3889069026,160
3,6,12637.5549736945,0
4,6,12230.4571220232,70
5,6,12070.838984807,160
6,6,12083.3988311021,140
7,6,12359.5049685547,160
8,6,12447.4029678209,140
9,6,12844.5719740139,110
10,6,13771.5801417911,140
11,6,14459.4391930373,140
12,6,14785.7621107781,140
13,6,14964.0308662737,140
14,6,15016.0268699164,140
15,6,14763.8580888966,160
16,6,14611.6460505007,140
17,6,14693.232124296,140
18,6,15111.8808943853,140
19,6,15988.4840719113,140
20,6,17485.7230405575,180
21,6,17914.9951009462,140
22,6,17699.323110831,140
23,6,17003.1009176625,140
24,6,16293.0648597563,90
1,7,15122.675173738,90
2,7,14154.7671732949,140
3,7,13471.8979761442,140
4,7,13000.852052697,140
5,7,12748.2279073121,140
6,7,12665.9481355464,140
7,7,12695.9599615326,140
8,7,12585.3479231717,180
9,7,12680.8320122669,140
10,7,13646.2979351524,180
11,7,14611.1171251172,140
12,7,15553.2140058605,160
13,7,16152.2889324641,140
14,7,16208.1709464015,140
15,7,15972.8810050497,140
16,7,15822.9750080733,180
17,7,15840.6739447471,180
18,7,16074.1109895688,180
19,7,16834.8832055582,160
20,7,18267.4900218402,180
21,7,18925.4908251073,160
22,7,18933.492939787,160
23,7,18233.1470199617,160
24,7,17048.735090917,160
1,1,15612.8160430994,160
2,1,14403.7508968674,180
3,1,13733.0490245987,200
4,1,13379.7408876419,180
5,1,13385.6291026417,180
6,1,13724.4360905923,200
7,1,15208.6331402287,200
8,1,16273.4409650713,160
9,1,16965.6820014715,180
10,1,17915.4658234715,180
11,1,18538.3868341632,180
12,1,18861.7611112129,160
13,1,18835.6977996044,200
14,1,18570.6519008204,160
15,1,18221.9018795937,140
16,1,17872.510942949,180
17,1,17729.7759635709,180
18,1,17591.0770780332,180
19,1,18203.565076245,180
20,1,20136.2397645134,180
21,1,20937.7919397336,140
22,1,21069.0732173584,180
23,1,20269.441208642,140
24,1,18930.3808609024,140
1,2,17165.3250062391,140
2,2,15669.9178790147,140
3,2,14867.5897852704,140
4,2,14593.5670857728,180
5,2,14535.8038687073,140
6,2,14858.4769482557,140
7,2,16212.1391291413,140
8,2,17394.3891598545,180
9,2,18051.5500159059,180
10,2,18919.9769860841,180
11,2,19139.4688482322,140
12,2,19068.9848159552,140
13,2,18616.9559277929,180
14,2,18034.2319609709,90
15,2,17531.0140455551,360
16,2,17023.7280815113,50
17,2,16829.5571956374,360
18,2,17000.7510638777,90
19,2,17816.0941278022,90
20,2,19976.3842349686,90
21,2,21001.0080694091,90
22,2,21105.9258969724,90
23,2,20319.9043056369,90
24,2,18984.8840489462,90
1,3,17277.8939845152,50
2,3,15829.6169245243,50
3,3,15035.8110596426,50
4,3,14697.9641069807,50
5,3,14611.1430497952,50
6,3,14903.3049759977,50
7,3,16201.4069967531,90
8,3,17122.7189891562,50
9,3,17852.9580705836,50
10,3,18620.2359008119,50
11,3,19191.1912176181,50
12,3,19429.0289709158,90
13,3,19203.2888838723,50
14,3,18832.5429806188,50
15,3,18748.6181696653,50
16,3,18572.9800197985,90
17,3,18529.8601743877,90
18,3,18521.5949256159,90
19,3,19114.3002483584,90
20,3,20608.9969828725,90
21,3,21198.5178961195,90
22,3,21164.9619420283,110
23,3,20125.2650352083,70
24,3,18763.1530468948,70
1,4,16963.0178408474,70
2,4,15581.9441588874,70
3,4,14665.1449702308,70
4,4,14164.688902732,70
5,4,14034.7819089666,20
6,4,14216.2759298366,50
7,4,15302.1849156097,70
8,4,16141.0869215503,70
9,4,16618.7230286914,90
10,4,17387.0131176319,90
11,4,17901.8229834531,90
12,4,18216.4490883164,110
13,4,18199.3303244226,110
14,4,17986.2511201464,110
15,4,17676.401989229,110
16,4,17231.1711829416,0
17,4,16964.2027551141,270
18,4,16902.2052770457,230
19,4,17254.6689823149,230
20,4,18726.5329420734,230
21,4,19492.5120326374,230
22,4,19357.5301700719,230
23,4,18595.5050693303,230
24,4,17563.9708419293,250
1,5,16072.8450419381,230
2,5,14741.6521645988,230
3,5,13993.271081306,230
4,5,13639.4378953129,230
5,5,13594.4790208712,180
6,5,13942.1377380695,200
7,5,15243.1579800062,230
8,5,16198.714985013,230
9,5,16949.2439923845,270
10,5,17578.0359482616,230
11,5,17635.6321739592,230
12,5,17546.7941827904,230
13,5,17125.8540158235,230
14,5,16552.4609226752,180
15,5,16074.7331546415,230
16,5,15737.8568752669,200
17,5,15539.6978749344,230
18,5,15624.637166854,230
19,5,16247.1210557781,230
20,5,17860.1130690239,230
21,5,18512.7529269252,230
22,5,18385.9279210875,270
23,5,17795.956257496,360
24,5,17017.1719147079,0
1,6,15746.8731513433,0
2,6,14616.7730217138,270
3,6,13861.14695305,270
4,6,13489.3589555137,0
5,6,13234.3239410967,270
6,6,13230.0750242835,270
7,6,13517.2771005016,270
8,6,13513.0280179093,320
9,6,14197.6208566362,0
10,6,14898.2009251891,0
11,6,15117.3550774818,0
12,6,14860.4708956731,340
13,6,14576.3861760898,340
14,6,14207.9060419602,360
15,6,13788.8110391377,340
16,6,13431.7570519717,360
17,6,13237.5050514201,20
18,6,13366.2339779148,20
19,6,13932.4048893889,20
20,6,15689.338980482,360
21,6,16354.7059290428,50
22,6,16154.2587736715,50
23,6,15533.5329096029,20
24,6,14831.9429120217,360
1,7,13916.9401202723,20
2,7,13026.6049232241,360
3,7,12442.4930186644,360
4,7,12041.7079994511,20
5,7,11825.794963886,20
6,7,11715.2229483905,360
7,7,11745.4030565657,20
8,7,11293.5439761812,360
9,7,11517.9209994311,20
10,7,12112.0279887496,20
11,7,12506.8949568262,20
12,7,12856.3099529454,360
13,7,13005.3639318859,20
14,7,12768.9230274418,20
15,7,12428.0431259582,360
16,7,12213.3021224225,360
17,7,12147.3910904918,360
18,7,12233.9590595169,20
19,7,12838.4598171832,20
20,7,14614.5729746097,360
21,7,15319.3601851445,360
22,7,15321.7360027172,360
23,7,14862.0029809047,360
24,7,14211.6600535372,20
1,1,13215.3109481204,50
2,1,12377.3740262073,50
3,1,11877.034951427,20
4,1,11631.6909110527,50
5,1,11629.9670911161,20
6,1,11954.9609264005,50
7,1,12902.204989301,50
8,1,13409.3059600033,50
9,1,14247.9400999751,20
10,1,15200.1211401131,50
11,1,15643.1180787776,50
12,1,15926.8631428722,360
13,1,16234.6111232378,360
14,1,16384.7120227544,250
15,1,16184.0021334402,270
16,1,15958.982925754,230
17,1,15810.9670154359,230
18,1,15718.8931067828,230
19,1,15954.7571274377,230
20,1,17653.8770838934,200
21,1,18459.2350543123,230
22,1,18343.8231981769,230
23,1,17485.3271021359,230
24,1,16391.4603055008,230
1,2,14929.1870102994,180
2,2,13824.7048450243,180
3,2,13176.7601713086,230
4,2,12898.0130502246,230
5,2,12866.1518600509,180
6,2,13183.9370290656,180
7,2,14351.6911093481,90
8,2,15057.4797392339,0
9,2,15744.4470133241,0
10,2,16303.8259434775,200
11,2,16478.9738705792,160
12,2,16530.2412321772,160
13,2,16304.4837498255,200
14,2,16024.3960952144,200
15,2,15625.5290051829,230
16,2,15361.9219298009,160
17,2,15210.3310593795,180
18,2,15196.5469207703,180
19,2,15695.2188864984,160
20,2,17603.216970278,160
21,2,18441.5890690307,160
22,2,18464.4490887476,180
23,2,17655.4039422954,140
24,2,16472.6929300167,140
1,3,15079.3778454214,90
2,3,13852.6679884782,90
3,3,13251.6690794518,110
4,3,13032.8419675892,160
5,3,12979.6479255939,160
6,3,13275.35896606,160
7,3,14443.9532036278,110
8,3,15268.6590221131,140
9,3,15784.7898599058,230
10,3,16344.9219633117,110
11,3,16418.0571687872,110
12,3,16440.6149815146,70
13,3,16148.3711020695,90
14,3,15765.6229300348,360
15,3,15249.7170896566,50
16,3,14999.8651496376,230
17,3,14899.1939831264,230
18,3,14901.1051182896,180
19,3,15400.2839174084,180
20,3,17281.7730655631,160
21,3,18256.6150664854,90
22,3,18270.1531040388,90
23,3,17621.1011463292,90
24,3,16569.6229097764,50
1,4,15151.1583197443,50
2,4,13979.1659580613,50
3,4,13401.7941008951,0
4,4,13123.6320721204,360
5,4,13059.1979750982,360
6,4,13353.1829493147,360
7,4,14573.9560242924,320
8,4,15354.9739879498,270
9,4,16040.1538989544,290
10,4,16410.8668903577,290
11,4,16355.7518699522,290
12,4,16337.5439132229,340
13,4,16033.4989268035,290
14,4,15589.3968794681,320
15,4,15102.8419730533,360
16,4,14902.3982105926,320
17,4,14915.1772894333,20
18,4,15026.1880363447,340
19,4,15536.0399229657,340
20,4,17081.5239265524,360
21,4,17878.5229684783,360
22,4,17620.0821000596,50
23,4,16913.9900235343,360
24,4,15958.2189759817,340
1,5,14617.4559311084,340
2,5,13485.0340037383,320
3,5,12952.5261924863,320
4,5,12720.0820141435,320
5,5,12660.5199395176,360
6,5,12978.8000981268,320
7,5,14069.5930483415,320
8,5,14544.20707101,320
9,5,15228.1271003932,360
10,5,15682.0259216464,320
11,5,15801.1401949395,320
12,5,15834.0160031915,320
13,5,15603.2002620266,320
14,5,15290.8508784305,320
15,5,14908.2729186947,320
16,5,14633.7870533103,360
17,5,14629.2170877587,320
18,5,14550.9231148027,320
19,5,14701.6330610868,360
20,5,16104.8811022788,360
21,5,16626.8911634218,360
22,5,16347.2150577735,360
23,5,15534.2600667886,360
24,5,14632.4200298768,360
1,6,13637.418986653,360
2,6,12708.041821138,360
3,6,12134.4020123156,360
4,6,11772.2690334851,320
5,6,11581.899109588,360
6,6,11605.3759765895,360
7,6,11767.0589385042,320
8,6,11547.1640876746,320
9,6,12361.058100753,340
10,6,13120.526094378,360
11,6,13519.7300541131,270
12,6,13625.9637352964,320
13,6,13769.8900348498,270
14,6,13650.6569224969,250
15,6,13326.1788706845,320
16,6,13214.7078708569,270
17,6,13307.1798451282,230
18,6,13330.5379641401,230
19,6,13677.8730685869,180
20,6,15103.3931167023,180
21,6,15578.1219217731,180
22,6,15225.0429664506,140
23,6,14557.3569871308,140
24,6,13763.8479522029,90
1,7,12943.1379782101,90
2,7,12179.1919827042,90
3,7,11598.1590605667,90
4,7,11248.1219614567,90
5,7,11043.137916862,140
6,7,10902.2470524637,140
7,7,10944.2460441003,140
8,7,10403.5559218051,140
9,7,10733.5580445295,140
10,7,11444.2039119219,110
11,7,12150.817046483,110
12,7,12705.6299593365,140
13,7,13146.4061031463,140
14,7,13418.4001928205,90
15,7,13232.4941438502,140
16,7,13277.5210103625,110
17,7,13279.6590265678,140
18,7,13473.491094563,110
19,7,14116.6250328067,160
20,7,15644.791992682,160
21,7,16393.2460258445,140
22,7,16394.8949144408,140
23,7,15945.9968117662,160
24,7,15019.1409161463,110
1,1,13993.7850737274,140
2,1,13016.0849104077,180
3,1,12547.929102324,180
4,1,12254.1240275521,140
5,1,12292.0550574696,180
6,1,12582.717049567,180
7,1,13733.0281106476,180
8,1,14471.8218686469,180
9,1,15272.5849967692,140
10,1,15903.0717097484,160
11,1,16148.7601519674,160
12,1,16207.4120770386,140
13,1,16037.8049917743,140
14,1,15668.0469704121,160
15,1,15213.6869742665,160
16,1,14970.0100212386,180
17,1,14827.473202155,140
18,1,14776.7238571234,140
19,1,15221.0407134104,160
20,1,17040.5541347987,140
21,1,18043.0149933128,110
22,1,18011.2259002435,140
23,1,17297.0800862289,90
24,1,16166.6841995567,90
1,2,14805.8702061749,90
2,2,13647.5141021758,110
3,2,13048.6370611638,140
4,2,12784.2919584456,140
5,2,12817.7578368392,140
6,2,13151.385844769,140
7,2,14250.5780645101,160
8,2,14908.8687709698,160
9,2,15750.1349416906,140
10,2,16280.5929192863,90
11,2,16607.5851531918,90
12,2,16779.3581483697,90
13,2,16670.4480273137,110
14,2,16326.2040908074,140
15,2,15908.5900778882,140
16,2,15669.6609662659,90
17,2,15487.4190820754,90
18,2,15502.4251055643,110
19,2,15967.6929634623,50
20,2,17576.4891324262,90
21,2,18481.7110724142,110
22,2,18377.0350360945,110
23,2,17535.3071299493,110
24,2,16310.8437328525,110
1,3,14828.7907723449,140
2,3,13728.183086004,110
3,3,13044.9939825572,90
4,3,12788.4340551439,110
5,3,12802.4741482193,110
6,3,13039.3532158731,110
7,3,14082.408956371,110
8,3,14749.5720426249,70
9,3,15431.9969406816,110
10,3,16053.2300139162,110
11,3,16344.1930027733,110
12,3,16616.4631588086,110
13,3,16603.430036405,110
14,3,16336.5869817315,90
15,3,16107.512063534,110
16,3,15832.5451746415,110
17,3,15841.3299198891,110
18,3,15870.9081210233,110
19,3,16262.0441734026,110
20,3,17628.3291580302,110
21,3,18270.1590487191,110
22,3,18083.3229951407,110
23,3,17160.7471168693,90
24,3,16149.5202078521,110
1,4,14899.9819843275,90
2,4,13641.3161841296,90
3,4,13031.4219236486,70
4,4,12793.3750036187,70
5,4,12703.8559726216,0
6,4,12905.5298736038,0
7,4,13734.5550179648,0
8,4,14139.4039935893,290
9,4,14969.9618686493,270
10,4,15680.9840344172,180
11,4,16015.7262205253,230
12,4,16389.0587600805,180
13,4,16569.7729047647,180
14,4,16596.5470648063,270
15,4,16241.7201310135,0
16,4,16153.045990169,0
17,4,16118.5148405856,50
18,4,15926.0889484538,50
19,4,15931.7038629064,0
20,4,17253.1159931002,140
21,4,17964.1431102267,180
22,4,17760.4868812803,0
23,4,16987.4247237162,0
24,4,16037.2741348309,0
1,5,14840.9261226794,0
2,5,13827.9950175807,180
3,5,13166.4539785194,180
4,5,12779.2299320716,90
5,5,12740.6119788568,140
6,5,13033.4470166413,140
7,5,13799.2170659951,140
8,5,14383.4900227105,140
9,5,15292.5282653882,140
10,5,16149.3739569075,160
11,5,16747.6749300247,140
12,5,17229.5470698082,160
13,5,17448.261217512,110
14,5,17433.9590004431,110
15,5,17027.2849598229,110
16,5,16739.1779504395,110
17,5,16369.0941548292,110
18,5,16219.2151393498,90
19,5,16429.2560027745,110
20,5,18029.8359447978,110
21,5,18712.5059816799,110
22,5,18549.7717748823,110
23,5,17899.2827806826,110
24,5,17074.3788806477,110
1,6,16111.9899931261,90
2,6,14965.6741513959,70
3,6,14212.0820338139,70
4,6,13760.5338645298,90
5,6,13549.6290175384,90
6,6,13445.3219841048,90
7,6,13534.6699960539,110
8,6,13259.5780289359,110
9,6,13959.5051079961,160
10,6,14887.1051659555,160
11,6,15411.1051889069,140
12,6,15683.0369043599,140
13,6,15830.8789676735,140
14,6,15778.151041341,140
15,6,15469.9061370157,110
16,6,15195.7350751366,110
17,6,14938.5671357233,110
18,6,14869.5219579954,110
19,6,15037.0250632642,110
20,6,16479.7578922012,140
21,6,17047.8181241378,70
22,6,16881.7149195232,90
23,6,16228.3259633328,160
24,6,15465.4110474247,180
1,7,14633.6150844935,230
2,7,13806.2018520227,0
3,7,13222.5749300317,0
4,7,12780.0300672255,0
5,7,12439.194100223,0
6,7,12290.4959306975,200
7,7,12200.2609450154,0
8,7,11639.2901273136,180
9,7,11914.8060402414,140
10,7,12641.3959500105,180
11,7,13243.2918860563,160
12,7,13775.6259131436,140
13,7,14064.9459275743,140
14,7,14030.0188991483,180
15,7,13831.9530345276,90
16,7,13639.9490635027,90
17,7,13565.3711586269,90
18,7,13745.6248001428,90
19,7,14156.1819730969,90
20,7,15855.8998626033,110
21,7,16794.5229998073,110
22,7,16906.8089422523,90
23,7,16428.3697440601,90
24,7,15599.2108820674,140
1,1,14435.1520314867,110
2,1,13459.4638307932,90
3,1,12905.2291346135,140
4,1,12582.7891478478,90
5,1,12598.0270943586,110
6,1,12876.7741283047,140
7,1,13863.8800035582,140
8,1,14426.7651281552,90
9,1,15076.3009432582,50
10,1,15816.3978150748,50
11,1,16172.3489015521,90
12,1,16304.552982931,110
13,1,16172.639089141,90
14,1,15868.0388972545,90
15,1,15575.0431434186,70
16,1,15249.6362399319,70
17,1,15045.5250851549,70
18,1,15066.7989547625,90
19,1,15443.6820226962,90
20,1,17167.3769873385,110
21,1,18095.0730182044,110
22,1,18037.4401343353,90
23,1,17262.9929722081,90
24,1,16201.6880348342,90
1,2,14758.3069438376,90
2,2,13771.1409705316,90
3,2,13148.9121217782,90
4,2,12967.7451291084,90
5,2,12872.4398661682,140
6,2,13217.5759324066,140
7,2,14204.8251190984,90
8,2,14834.9311369685,140
9,2,15736.5220177283,140
10,2,16464.9130303189,160
11,2,16886.7989882045,140
12,2,17178.6369868958,90
13,2,17152.1199599837,90
14,2,16938.4309998004,110
15,2,16603.5681757666,110
16,2,16249.5330743119,90
17,2,16047.1919610144,140
18,2,16242.5750800706,90
19,2,16536.9270226858,140
20,2,18049.7118001692,140
21,2,18827.9901694153,180
22,2,18574.0918421017,180
23,2,17948.825019829,0
24,2,16731.7618466951,0
1,3,15180.1489934563,200
2,3,13919.6230380498,0
3,3,13326.4360759668,0
4,3,13069.4940414908,0
5,3,13056.6631149626,0
6,3,13321.9461564585,0
7,3,14314.0351262479,0
8,3,15039.9111208784,250
9,3,15754.9440851021,230
10,3,16177.145891293,0
11,3,16173.7348650135,270
12,3,16164.4070273116,990
13,3,15857.7679196936,140
14,3,15483.9229945797,50
15,3,15046.7909537051,320
16,3,14830.4140108638,360
17,3,14715.701232397,50
18,3,14675.8230246714,50
19,3,14772.2869729302,50
20,3,16499.8889894784,50
21,3,17493.1878739106,20
22,3,17461.2099824995,50
23,3,16727.6939929461,50
24,3,15627.2969309874,50
1,4,14312.9590414928,360
2,4,13289.377038041,50
3,4,12678.28697671,50
4,4,12442.655095458,50
5,4,12474.4978866912,50
6,4,12799.428919958,360
7,4,13601.2589577818,360
8,4,14275.5109224821,360
9,4,14927.4451758283,340
10,4,15322.0289958045,340
11,4,15479.0460164414,320
12,4,15563.7919537619,20
13,4,15423.8120362125,20
14,4,15156.6201021681,360
15,4,14835.6198930228,340
16,4,14668.8699455969,360
17,4,14601.7479244526,360
18,4,14609.8989885839,20
19,4,14795.510085929,360
20,4,16227.6980693862,50
21,4,17179.2050912152,70
22,4,17051.6391625626,90
23,4,16208.5970736071,50
24,4,15165.4928481793,20
1,5,13911.974079553,0
2,5,12903.4349216893,0
3,5,12237.7749800216,50
4,5,12026.1409630066,0
5,5,12118.0729258205,360
6,5,12437.3589005321,360
7,5,13251.3879480845,0
8,5,13884.5121352968,0
9,5,14659.3599774968,270
10,5,15210.0001039149,270
11,5,15448.0230567353,320
12,5,15633.2961975723,230
13,5,15526.2779073436,180
14,5,15346.0160360553,270
15,5,14877.0428825532,140
16,5,14645.610098049,180
17,5,14630.1680499631,140
18,5,14600.3100334365,230
19,5,14716.7138962521,140
20,5,16264.580725586,180
21,5,16999.2269766899,180
22,5,16835.3629056941,180
23,5,16116.6830093954,160
24,5,15336.0781031239,160
1,6,14368.9188717053,160
2,6,13536.5130085088,160
3,6,12763.9109229473,160
4,6,12500.4269956804,160
5,6,12359.3549211482,160
6,6,12321.6569923135,180
7,6,12378.9078549619,160
8,6,12381.4009992769,160
9,6,13116.2080079783,140
10,6,13958.4029266182,140
11,6,14248.907926837,180
12,6,14211.0609065816,140
13,6,14174.555949958,140
14,6,13900.322979114,230
15,6,13435.7180632995,230
16,6,13149.8281695945,230
17,6,13060.3012424512,230
18,6,13238.4210058437,230
19,6,13573.6261037365,230
20,6,15109.6593155526,230
21,6,16020.151042101,180
22,6,15893.8379697171,180
23,6,15293.0418899497,140
24,6,14565.4178074659,140
1,7,13753.6770539405,0
2,7,12876.8059748624,0
3,7,12257.2468941091,0
4,7,11865.8220142471,0
5,7,11650.3020004076,0
6,7,11567.2659730827,0
7,7,11242.3519950383,0
8,7,10874.0580720406,0
9,7,11375.8689172515,270
10,7,12055.0690137539,340
11,7,12508.9889595981,340
12,7,12766.2161269849,340
13,7,12890.7299822222,50
14,7,12733.2817888809,270
15,7,12343.1490331651,50
16,7,12124.574060495,20
17,7,12209.9989674175,50
18,7,12311.9239910552,50
19,7,12663.9481231822,50
20,7,14411.2531239321,50
21,7,15560.3751825138,90
22,7,15510.1570967431,90
23,7,14945.6480878517,50
24,7,14109.9940184297,90
1,1,13109.3418381512,90
2,1,12200.3861112928,50
3,1,11714.2369818124,50
4,1,11503.8830377627,50
5,1,11610.1969204358,70
6,1,12030.1739799603,70
7,1,12929.5359076763,90
8,1,13655.519116586,90
9,1,14519.5490738652,90
10,1,15124.3452560036,70
11,1,15566.7651954824,70
12,1,15696.0019944133,50
13,1,15730.7978410777,50
14,1,15571.1249450129,20
15,1,15337.6791023836,20
16,1,15138.8578730838,50
17,1,14999.8769216477,90
18,1,14968.8650284891,90
19,1,15077.2510325739,110
20,1,16511.0220666635,110
21,1,17511.6571299152,50
22,1,17374.412186641,140
23,1,16416.3031438029,90
24,1,15370.3740748296,360
1,2,14201.1110549493,0
2,2,13153.7890960721,0
3,2,12583.3749575913,50
4,2,12298.1900061313,90
5,2,12354.0709217581,50
6,2,12648.1340523958,50
7,2,13333.5148912425,50
8,2,14011.7469676001,50
9,2,14745.9189015254,360
10,2,15248.8870187523,70
11,2,15571.4479757285,90
12,2,15845.1822791696,140
13,2,15899.8600575472,140
14,2,15894.4929637816,140
15,2,15761.7150031934,50
16,2,15514.1929696853,90
17,2,15552.7250484424,140
18,2,15595.0239198038,90
19,2,16013.5560596044,140
20,2,17156.5491357464,20
21,2,18018.7220528161,140
22,2,17832.3268336239,140
23,2,16953.8999564962,180
24,2,15800.6411131452,230
1,3,14478.4238597956,230
2,3,13402.2920268751,230
3,3,12846.5389966643,270
4,3,12555.956004679,230
5,3,12537.4510489139,230
6,3,12781.7189493547,180
7,3,13560.0440710015,180
8,3,14121.0969107727,230
9,3,14970.7599941489,200
10,3,15609.3909671512,180
11,3,16069.9260855371,180
12,3,16349.0678019347,230
13,3,16130.0929989661,200
14,3,15771.1368876882,230
15,3,15283.0480730254,270
16,3,15028.3569029076,270
17,3,14877.7059958945,230
18,3,14883.4201654634,230
19,3,14829.7809988204,230
20,3,16344.5998681224,230
21,3,17486.8440220448,230
22,3,17464.8108138666,230
23,3,16651.1821405301,230
24,3,15548.8748940397,0
1,4,14230.1240330747,320
2,4,13223.1259979808,320
3,4,12636.5231332798,290
4,4,12383.094033137,290
5,4,12405.8481212459,270
6,4,12704.5199689656,270
7,4,13479.5470720357,320
8,4,14225.2330822661,320
9,4,14951.8368692881,320
10,4,15343.4699517579,290
11,4,15462.2797327599,320
12,4,15520.3658928899,290
13,4,15414.1200667964,270
14,4,15196.1921055929,320
15,4,14863.2538737776,340
16,4,14691.0731552299,320
17,4,14686.8510543639,320
18,4,14636.060964653,360
19,4,14582.7991488189,340
20,4,16051.4739517812,340
21,4,16950.421268736,320
22,4,16833.4578457165,320
23,4,15798.2299111662,320
24,4,14739.3519248059,320
1,5,13799.5668181041,320
2,5,12763.5770330648,290
3,5,12134.7379308481,320
4,5,11947.6029046024,320
5,5,11938.770009078,290
6,5,12188.9090572352,320
7,5,12929.31481124,320
8,5,13649.8900220634,320
9,5,14421.6019737904,270
10,5,14940.7339191614,270
11,5,15180.7040041126,0
12,5,15480.2530120647,270
13,5,15527.330995716,270
14,5,15360.1048508212,270
15,5,15152.7668642933,270
16,5,14947.4440532322,230
17,5,14824.074029861,230
18,5,14729.2220705031,230
19,5,14865.0481089978,230
20,5,15970.6800495945,230
21,5,16684.7741186279,230
22,5,16390.2939652922,230
23,5,15597.1309246512,230
24,5,14765.9300048926,230
1,6,13729.3760215789,230
2,6,12871.3379761549,0
3,6,12252.2550832396,0
4,6,11856.6940357047,230
5,6,11768.4689086198,140
6,6,11814.6180215438,180
7,6,11712.6891109538,0
8,6,11728.6849913867,140
9,6,12496.9608924356,140
10,6,13252.3889762429,140
11,6,13543.0329794334,20
12,6,13620.4781770413,20
13,6,13666.1460568169,20
14,6,13434.9290127871,20
15,6,13143.8081465764,20
16,6,12960.9101453722,20
17,6,12973.0809526667,20
18,6,13086.6080347355,360
19,6,13241.8438810864,20
20,6,14569.3470386312,50
21,6,15325.6889665788,360
22,6,14983.8190214885,360
23,6,14299.9591239593,360
24,6,13523.0600628755,50
1,7,12762.4159889584,50
2,7,11941.1269746923,50
3,7,11396.1439112776,50
4,7,11074.1561040101,320
5,7,10854.9611166295,320
6,7,10743.8340335158,360
7,7,10342.4069775762,360
8,7,10062.855959692,360
9,7,10607.8810000648,340
10,7,11247.4779393803,360
11,7,11882.6588996882,360
12,7,12298.9820302334,320
13,7,12671.5198583533,290
14,7,12667.3559551286,340
15,7,12406.086927739,320
16,7,12384.3120132736,270
17,7,12407.8920734095,290
18,7,12497.9329054997,50
19,7,12750.7218497796,360
20,7,13993.5441613235,360
21,7,14968.144990548,360
22,7,14919.3609683396,360
23,7,14279.5779998684,360
24,7,13542.6539998567,320
1,1,12518.7519912468,360
2,1,11682.9890370824,320
3,1,11241.5410081771,320
4,1,11023.2440382997,320
5,1,11048.0909795973,320
6,1,11386.8810040075,320
7,1,12078.2480965189,270
8,1,12895.8338875417,270
9,1,13799.1508197347,290
10,1,14467.5131040708,290
11,1,15079.7219649884,290
12,1,15500.7057857411,320
13,1,15716.5319603235,320
14,1,15776.8359082582,270
15,1,15789.9100908896,320
16,1,15754.8288958995,320
17,1,15614.5658343667,340
18,1,15471.4820636939,360
19,1,15407.9078969429,320
20,1,16445.402716137,360
21,1,17256.7918472419,360
22,1,17016.8099112306,360
23,1,16075.2160812253,360
24,1,14931.3449947088,360
1,2,13739.1640856543,320
2,2,12893.0979160795,320
3,2,12201.4929628395,360
4,2,11935.9379274095,320
5,2,11954.6018814999,320
6,2,12179.9450730952,360
7,2,12694.3008449022,360
8,2,13332.6860440334,360
9,2,14343.2539354096,360
10,2,15042.2827961035,20
11,2,15526.7118316474,360
12,2,16148.1060426885,360
13,2,16451.9019893555,20
14,2,16711.4499240629,20
15,2,16852.0610599942,360
16,2,16865.2708801474,360
17,2,16909.0080192294,20
18,2,16643.4330205582,20
19,2,16357.6760434126,50
20,2,17227.5970187597,50
21,2,17987.9681503531,110
22,2,17674.1968886643,140
23,2,16702.4117924988,140
24,2,15646.0219745915,140
1,3,14385.0680723265,200
2,3,13457.9060588712,180
3,3,12954.7489348878,160
4,3,12663.8870148994,160
5,3,12569.1130065592,160
6,3,12721.7489567332,180
7,3,13231.5500389356,160
8,3,13797.8699980397,160
9,3,14675.6500835529,140
10,3,15264.1439799084,140
11,3,15802.4640382947,140
12,3,16216.7860137195,140
13,3,16184.3129622117,140
14,3,16063.6590336245,140
15,3,15699.6139512658,140
16,3,15365.6010216121,180
17,3,15111.6169014629,140
18,3,14956.6790995244,140
19,3,15025.8302930554,140
20,3,16331.9351261677,180
21,3,17416.4771134034,160
22,3,17402.442179156,180
23,3,16685.9290847234,160
24,3,15660.1429795651,140
1,4,14396.2198723792,180
2,4,13401.3210094972,160
3,4,12788.4799394102,0
4,4,12552.8050376861,140
5,4,12500.4411213016,140
6,4,12801.4029765798,180
7,4,13517.3478622873,180
8,4,14349.0060244313,160
9,4,15042.9572689084,140
10,4,15391.8791602717,140
11,4,15497.9988356922,110
12,4,15699.2141746031,180
13,4,15517.6239041798,110
14,4,15159.4320938549,140
15,4,14784.8940102251,90
16,4,14579.0101260152,320
17,4,14464.861801859,360
18,4,14383.582016805,90
19,4,14490.8649858421,360
20,4,15860.5459089418,50
21,4,16961.4379310058,50
22,4,16806.9360746657,50
23,4,16280.4629363482,50
24,4,15337.4408831251,20
1,5,14195.2490057319,20
2,5,13223.3350097616,360
3,5,12582.8369026468,290
4,5,12243.229066303,340
5,5,12111.7478598624,320
6,5,12064.5960219782,340
7,5,11868.2229156368,320
8,5,12065.0569950528,320
9,5,12877.1420249743,360
10,5,13554.6210811357,360
11,5,13831.826934709,50
12,5,13912.1739671626,20
13,5,13881.0730366865,20
14,5,13759.6799891247,20
15,5,13418.1859241918,20
16,5,13169.1959157892,20
17,5,13144.3160468943,20
18,5,13263.7450685902,90
19,5,13550.0870670252,90
20,5,14895.8877448224,50
21,5,15919.1959801008,90
22,5,15809.8459585502,90
23,5,15131.9790076092,90
24,5,14421.6431945153,360
1,6,13528.9050371852,50
2,6,12616.4419568526,50
3,6,11941.4020701079,50
4,6,11591.861992205,50
5,6,11431.068982292,360
6,6,11343.0439572288,360
7,6,11160.0600209041,360
8,6,11307.0449525554,360
9,6,12089.9669863065,340
10,6,12806.075963608,340
11,6,13114.1920922815,360
12,6,13195.1081008487,360
13,6,13327.5081916427,20
14,6,13299.2779792659,20
15,6,13025.0328382617,50
16,6,12798.7500254185,20
17,6,12824.2358910032,70
18,6,12995.9501158539,70
19,6,13135.7768666381,90
20,6,14374.3500056257,140
21,6,15281.1549650994,90
22,6,15163.1710771699,50
23,6,14475.2221421269,50
24,6,13737.6350599788,90
1,7,12846.6869048616,90
2,7,12036.3510558456,50
3,7,11401.0111106138,360
4,7,11034.4369517788,360
5,7,10827.0860364726,230
6,7,10720.400081167,230
7,7,10154.5439824155,320
8,7,10039.4469461562,320
9,7,10665.4949763296,50
10,7,11429.4509971169,50
11,7,11914.3219644604,20
12,7,12176.5759638746,20
13,7,12243.9219226618,50
14,7,11971.7869824553,50
15,7,11750.5079963757,90
16,7,11877.3240301362,90
17,7,12123.4360486593,90
18,7,12248.9260109637,90
19,7,12439.3960213652,140
20,7,13537.2369527994,90
21,7,14488.1899625976,90
22,7,14427.3439045998,90
23,7,13996.4639423024,90
24,7,13480.1411637738,90
1,1,12845.8800102575,50
2,1,12106.6949431174,50
3,1,11592.2430316592,90
4,1,11256.6609552008,50
5,1,11118.3789679676,20
6,1,11071.7120021011,50
7,1,10735.2600135886,50
8,1,10672.9429660188,50
9,1,11408.1429559443,90
10,1,12297.5249751438,50
11,1,13083.4000621638,50
12,1,13712.9820316181,50
13,1,14412.105935986,140
14,1,14697.3798685003,140
15,1,14575.6689349235,140
16,1,14412.633175327,140
17,1,14360.1580533311,140
18,1,14258.7849813838,110
19,1,14287.626005723,110
20,1,15204.9259900926,110
21,1,16153.8461599136,160
22,1,16003.1659964947,160
23,1,15356.0030041998,160
24,1,14571.0448955214,160
1,2,13569.0020013396,160
2,2,12685.9150911178,180
3,2,12154.3929168149,160
4,2,11887.5400464637,200
5,2,11848.2128959391,200
6,2,12146.6829762384,180
7,2,12679.2029896001,160
8,2,13394.0131785512,160
9,2,14349.6250344568,160
10,2,15004.2647756096,160
11,2,15331.3907415326,160
12,2,15540.1761295181,160
13,2,15514.9960015188,140
14,2,15364.637030968,110
15,2,15075.002017198,160
16,2,14871.6040157228,160
17,2,14819.3338960238,160
18,2,14758.3339622598,70
19,2,14787.421971755,90
20,2,16014.265092639,90
21,2,17148.9061585637,90
22,2,17091.2790338601,90
23,2,16280.3198272614,90
24,2,15280.0299201724,90
1,3,14192.6030409818,140
2,3,13154.3378726686,90
3,3,12514.2240244448,140
4,3,12277.6240275735,140
5,3,12181.3140126225,140
6,3,12543.7049345123,140
7,3,13092.7981305178,90
8,3,13786.9002050301,50
9,3,14577.6318876259,50
10,3,15156.0299550444,90
11,3,15398.5418177191,50
12,3,15572.6880632709,90
13,3,15479.6172259747,90
14,3,15298.2649760712,90
15,3,14974.8078313372,50
16,3,14786.1682511922,140
17,3,14751.1270028083,140
18,3,14811.076049216,50
19,3,15089.6539244028,140
20,3,16374.292980223,140
21,3,17255.9649433289,110
22,3,17124.3530747895,110
23,3,16244.9348434387,140
24,3,15102.8409801144,110
1,4,13911.184129389,90
2,4,12947.1699786028,70
3,4,12376.49397597,70
4,4,12138.4000568398,50
5,4,12139.5900754007,70
6,4,12451.0769637232,20
7,4,12865.3009987546,20
8,4,13605.9258856662,20
9,4,14447.7168502143,20
10,4,14975.2561482396,90
11,4,15242.5920505282,50
12,4,15602.7920000292,50
13,4,15504.623950582,70
14,4,15322.1200899824,50
15,4,14958.6060146764,360
16,4,14745.4529869086,90
17,4,14768.7357819488,90
18,4,14755.9059926039,140
19,4,14846.4430773626,110
20,4,15872.0707815038,140
21,4,16940.6499798815,140
22,4,16826.7941121301,140
23,4,15958.1720896354,140
24,4,14813.052038323,90
1,5,13624.8070741063,50
2,5,12700.9990648208,50
3,5,12082.1269441275,90
4,5,11923.0909699406,90
5,5,11933.1069654801,50
6,5,12160.8740704302,50
7,5,12616.3809650148,50
8,5,13469.506973559,50
9,5,14360.8880766006,50
10,5,14911.6360253692,50
11,5,15293.2061165157,90
12,5,15617.400105787,70
13,5,15792.7659476678,50
14,5,15789.2369380011,50
15,5,15619.3688332075,90
16,5,15547.0608474535,90
17,5,15511.2749052104,90
18,5,15480.4449500367,50
19,5,15487.0221670624,90
20,5,16299.6377782207,90
21,5,17101.4490244426,90
22,5,16798.0968822613,90
23,5,15880.4019999243,90
24,5,15051.7679742882,50
1,6,14101.3849471072,90
2,6,13266.091959496,50
3,6,12680.696937656,50
4,6,12321.9660407631,50
5,6,12161.7219671546,50
6,6,12148.972053234,360
7,6,11789.8679906102,90
8,6,11947.7240286123,50
9,6,12748.4820013092,360
10,6,13627.7708858624,360
11,6,14201.5652141655,50
12,6,14657.6051169485,50
13,6,14951.2701307843,360
14,6,15244.7962045381,50
15,6,15257.4270857051,50
16,6,15218.9668508722,90
17,6,15237.7468969114,90
18,6,15211.4651481183,90
19,6,15178.017813894,90
20,6,15958.2548939986,90
21,6,16655.2208766742,90
22,6,16471.4171974175,90
23,6,15778.6531193173,140
24,6,15186.13109589,90
1,7,14430.4140842874,140
2,7,13656.3240423035,140
3,7,12997.5140272835,140
4,7,12604.5310980864,140
5,7,12336.0570374299,140
6,7,12096.7060948731,140
7,7,11602.933955811,90
8,7,11236.8539767659,140
9,7,11612.1009870571,90
10,7,12228.5340817003,90
11,7,12884.269903163,90
12,7,13567.9350304155,20
13,7,14127.3221102245,360
14,7,14465.4169095196,250
15,7,14515.5630487334,180
16,7,14385.8750344133,20
17,7,14323.0540419361,70
18,7,14287.6969103115,90
19,7,14426.7629064871,140
20,7,15285.1430421574,140
21,7,16005.5239062021,110
22,7,16070.380954084,90
23,7,15637.271947545,90
24,7,14974.4820061408,140
1,1,14044.4100607675,140
2,1,13158.5800018506,140
3,1,12638.6099037854,160
4,1,12384.2459059386,160
5,1,12251.5981252575,160
6,1,12467.4939594851,160
7,1,12973.7499164729,140
8,1,13382.0759282372,90
9,1,14218.4830726087,160
10,1,14995.8950189622,140
11,1,15507.3432041444,140
12,1,15945.1701242067,90
13,1,16155.2211032771,160
14,1,16096.2279260047,160
15,1,15880.1638343371,160
16,1,15655.9347651261,140
17,1,15600.2321996428,160
18,1,15615.8191825785,160
19,1,15565.396953579,90
20,1,16496.6699750889,140
21,1,17351.5711765531,140
22,1,17264.9498686146,140
23,1,16378.161044991,160
24,1,15346.1918527985,160
1,2,14139.7268839683,180
2,2,13256.3549443217,180
3,2,12695.3489645903,140
4,2,12406.4349143589,140
5,2,12327.1310573029,140
6,2,12524.2790013803,180
7,2,12883.3409483591,180
8,2,13612.6659534089,180
9,2,14462.4280139618,160
10,2,15039.0339574659,160
11,2,15466.7769064511,160
12,2,15734.2040027501,160
13,2,15753.1699719372,180
14,2,15461.8429578133,200
15,2,15144.1421105787,160
16,2,14932.5337668341,180
17,2,14733.5611109175,200
18,2,14826.6430007087,70
19,2,14816.1169545909,360
20,2,15786.885052193,20
21,2,16795.5860315147,360
22,2,16793.8437132116,180
23,2,15990.8081867741,110
24,2,14849.9979409305,90
1,3,13192.0450394488,140
2,3,12217.5630843288,140
3,3,11951.4929649234,180
4,3,11750.8100119419,140
5,3,11766.8218987527,140
6,3,12067.6779672867,140
7,3,12511.2940320959,140
8,3,13399.0650331376,140
9,3,14178.7018821407,140
10,3,14727.7340188823,140
11,3,15075.8721276522,180
12,3,15361.2781553874,200
13,3,15330.9520327281,160
14,3,15140.602007255,140
15,3,14860.9719385114,180
16,3,14665.9840967022,160
17,3,14636.0828719363,140
18,3,14558.6709934333,200
19,3,14587.1469787338,200
20,3,15691.4370523742,180
21,3,16785.1020547857,0
22,3,16598.327999163,50
23,3,15722.4889910817,50
24,3,14688.1980692585,50
1,4,13520.7259799258,0
2,4,12523.7111489547,50
3,4,12012.753154741,360
4,4,11825.5510473222,320
5,4,11855.028021534,360
6,4,12103.4899464723,320
7,4,12553.5659948122,320
8,4,13335.773073209,320
9,4,14143.177881347,320
10,4,14652.4008516665,320
11,4,15007.7930868622,290
12,4,15375.2108976524,360
13,4,15462.074018931,50
14,4,15321.1878524795,360
15,4,15149.9370871373,360
16,4,14962.5168320853,360
17,4,14791.6530231736,360
18,4,14797.952856412,20
19,4,14738.8550106692,20
20,4,15611.7581836132,20
21,4,16636.047074426,20
22,4,16502.7759381681,20
23,4,15649.1452023274,50
24,4,14626.7770917206,20
1,5,13460.4869825277,340
2,5,12470.3649994484,340
3,5,11915.2120495634,340
4,5,11716.0570726823,340
5,5,11698.2370538003,340
6,5,11892.4000720342,340
7,5,12254.7500536549,360
8,5,13044.6091208672,340
9,5,14054.7520624395,340
10,5,14748.6761091594,360
11,5,15283.6237958977,320
12,5,15691.5359029323,320
13,5,15884.7237394899,340
14,5,15944.3098540546,340
15,5,15947.3759750013,360
16,5,15866.22518122,360
17,5,15833.7159563005,340
18,5,15677.6561569571,360
19,5,15499.5940263737,360
20,5,16114.1569872084,320
21,5,16934.2400829508,360
22,5,16591.1039645514,360
23,5,15671.3591333027,360
24,5,14852.2117753825,360
1,6,13966.423152402,50
2,6,13099.20300401,360
3,6,12462.3130180282,360
4,6,12069.6019997521,320
5,6,11928.4890098947,270
6,6,11733.7070181894,270
7,6,11350.8840124717,270
8,6,11650.5889639319,230
9,6,12525.9960152116,230
10,6,13363.5131612233,230
11,6,13938.5359725943,0
12,6,14407.1519056762,340
13,6,14760.4579502661,50
14,6,14783.5128773865,360
15,6,14742.7569021885,50
16,6,14711.3290046309,360
17,6,14817.0440740907,360
18,6,14944.3969580699,360
19,6,14896.813082621,50
20,6,15478.3310188409,50
21,6,16369.0741964285,20
22,6,16054.417100335,50
23,6,15265.1989248339,50
24,6,14449.9739779332,50
1,7,13656.4371864125,50
2,7,12888.6749135576,50
3,7,12278.9629352442,360
4,7,11869.8229599581,360
5,7,11629.7469899468,50
6,7,11372.5898951837,320
7,7,10777.3839639933,20
8,7,10564.2930315388,270
9,7,10922.5480516427,180
10,7,11646.9771057898,160
11,7,12380.5419336925,110
12,7,13156.3829365042,140
13,7,13930.0379997171,90
14,7,14415.5749405236,50
15,7,14566.027091634,90
16,7,14624.9890517741,90
17,7,14732.227195187,140
18,7,14703.6710095075,90
19,7,14636.7599550355,140
20,7,15189.5899934829,140
21,7,16320.4829973187,90
22,7,16392.2609602674,90
23,7,15944.9289133153,140
24,7,15128.9859582754,140
1,1,14181.6810620218,90
2,1,13306.7409023726,90
3,1,12631.2050382975,140
4,1,12313.0179032995,180
5,1,11867.67197895,180
6,1,11880.2349778221,180
7,1,12177.0379775529,180
8,1,12794.5249781474,140
9,1,13711.3320886807,90
10,1,14571.5949511752,140
11,1,15056.0968445763,140
12,1,15428.3680222128,140
13,1,15560.5389747061,140
14,1,15394.4288554043,50
15,1,15205.1020358559,90
16,1,15009.0269060074,50
17,1,14877.6329511134,90
18,1,14804.0200075897,50
19,1,14753.1110631917,50
20,1,15658.4079528544,140
21,1,16820.1857002992,90
22,1,16719.8008150328,90
23,1,15897.672891723,90
24,1,14832.7990202047,110
1,2,13530.5409701327,110
2,2,12632.45609893,140
3,2,12121.2409354271,90
4,2,11963.226992758,140
5,2,11910.2200278582,140
6,2,12159.2740760501,140
7,2,12629.2880078256,140
8,2,13466.2240775023,140
9,2,14292.6531230751,110
10,2,14945.6348089157,110
11,2,15376.76207902,110
12,2,15746.9838552247,110
13,2,15871.6630027127,70
14,2,15830.2149494439,90
15,2,15724.9179650769,90
16,2,15619.4138537999,140
17,2,15600.4879214112,140
18,2,15580.7199413693,90
19,2,15721.6271991329,90
20,2,16751.4111005748,90
21,2,17813.0699598556,140
22,2,17745.1890428346,140
23,2,16998.5579905901,140
24,2,15884.8801882658,140
1,3,14526.4639148563,140
2,3,13513.2321787979,140
3,3,13009.1709607672,140
4,3,12686.0951932371,140
5,3,12653.7570688147,140
6,3,12896.0209236834,140
7,3,13290.9279117193,140
8,3,14183.5849711504,140
9,3,14915.2029880146,140
10,3,15560.8458795147,140
11,3,15975.7931129923,140
12,3,16324.6907378277,140
13,3,16326.7031219592,140
14,3,16229.6150198402,140
15,3,15918.1200018767,140
16,3,15663.3821407445,140
17,3,15623.8718501367,90
18,3,15667.9798080954,140
19,3,15913.1949661392,140
20,3,17042.5611116644,140
21,3,18188.2060743533,90
22,3,18242.7081538811,90
23,3,17354.6829199996,140
24,3,16164.1541007739,140
1,4,14699.7181077041,140
2,4,13633.5819212496,90
3,4,13030.2689194744,90
4,4,12704.3541311249,90
5,4,12621.2150186338,140
6,4,12812.0069595678,90
7,4,13250.1488935221,140
8,4,14087.4018654404,90
9,4,15061.1529928136,110
10,4,15925.270971637,90
11,4,16425.8080185538,140
12,4,16877.0721414983,90
13,4,17098.3508767886,140
14,4,17087.1818557158,140
15,4,16799.5528948205,140
16,4,16495.118100456,140
17,4,16339.3799690995,140
18,4,16319.0029485757,90
19,4,16559.9250104502,90
20,4,17516.4030951494,140
21,4,18512.9928161092,110
22,4,18425.506178502,50
23,4,17485.2391854581,90
24,4,16306.1858687622,50
1,5,14872.6259845626,90
2,5,13709.3309647739,70
3,5,13044.0820260309,90
4,5,12728.8679935411,0
5,5,12621.9570107665,0
6,5,12860.2809502929,180
7,5,13136.8820173917,230
8,5,14206.5399726143,230
9,5,15055.8829878581,230
10,5,15742.4079163298,160
11,5,16115.3268864974,160
12,5,16318.4848850761,160
13,5,16316.0781332888,160
14,5,16079.7789588235,140
15,5,15604.4608932678,230
16,5,15413.3561395593,230
17,5,15322.4661265071,230
18,5,15268.4530806919,230
19,5,15358.3011238123,230
20,5,15994.1109163067,230
21,5,17348.0439571394,180
22,5,17350.1460883969,180
23,5,16666.1501180826,180
24,5,15776.292154531,0
1,6,14669.8650604831,0
2,6,13634.4678224623,0
3,6,12920.3448798759,0
4,6,12518.1441276358,0
5,6,12363.1679087649,230
6,6,12241.1089086104,0
7,6,11755.9071087991,0
8,6,12202.1529212859,230
9,6,12986.6819415925,230
10,6,13609.8428960906,50
11,6,13815.54588312,250
12,6,13789.4278696533,200
13,6,13805.0660708048,180
14,6,13629.1841690311,230
15,6,13273.4389258574,50
16,6,13053.5960175263,140
17,6,13072.8630230846,360
18,6,13058.450823848,50
19,6,13027.5260304734,50
20,6,13564.6879742034,360
21,6,15015.4459178324,50
22,6,14956.111933399,90
23,6,14229.8989215726,0
24,6,13449.0049484056,50
1,7,12588.0649309084,50
2,7,11782.0839418601,0
3,7,11201.5859057519,360
4,7,10835.7368843607,360
5,7,10608.0761078307,360
6,7,10389.6839148276,360
7,7,9731.98910564557,360
8,7,9794.73103351053,360
9,7,10359.9820203658,340
10,7,11092.5540611979,340
11,7,11658.9019833491,360
12,7,12087.5638737513,340
13,7,12408.5669232728,20
14,7,12466.1379432138,20
15,7,12295.1950188726,20
16,7,12273.2950516836,20
17,7,12331.4529346274,20
18,7,12462.0000006043,340
19,7,12618.3629725042,340
20,7,13271.4488791283,70
21,7,14662.5800783391,90
22,7,14844.4768885584,90
23,7,14364.8589398412,70
24,7,13466.2410542611,50
1,1,12558.5148972478,50
2,1,11725.7209297805,50
3,1,11209.5710291676,20
4,1,10993.1949716304,360
5,1,10989.8970225416,50
6,1,11220.0209711045,360
7,1,11670.4960017093,50
8,1,12778.8129420336,360
9,1,13745.9820398241,360
10,1,14508.6681210054,50
11,1,15123.3421099484,360
12,1,15649.6709550452,360
13,1,16012.2082580524,90
14,1,16269.2571691703,50
15,1,16406.0420089364,50
16,1,16420.5547790169,50
17,1,16413.9759979695,50
18,1,16320.7349497507,50
19,1,16044.657963702,50
20,1,16385.8159064706,140
21,1,17603.5979696978,140
22,1,17568.87793741,50
23,1,16719.1839019042,50
24,1,15782.5199914165,50
1,2,14573.7598376144,50
2,2,13675.8330868408,50
3,2,13049.1840654602,50
4,2,12738.6049645226,50
5,2,12716.3281250149,50
6,2,12695.7810198087,50
7,2,12875.1780353002,50
8,2,13781.9181233885,50
9,2,14864.930114489,50
10,2,15765.8830056693,360
11,2,16532.5158493257,20
12,2,17356.3841377255,50
13,2,18159.8579104817,20
14,2,18896.9729735403,360
15,2,19332.8247861099,340
16,2,19448.5410010645,360
17,2,19434.8111226726,20
18,2,19048.1370213497,360
19,2,18566.1399795609,360
20,2,18719.0849755695,140
21,2,19654.585923247,140
22,2,19544.8618457858,200
23,2,18524.7118404154,200
24,2,17291.6758430544,200
1,3,15957.5248172702,180
2,3,14905.6280212998,160
3,3,14196.5530734453,140
4,3,13814.3179222178,200
5,3,13569.3120242022,180
6,3,13424.5649910653,160
7,3,13348.2861186489,160
8,3,14054.7419376727,160
9,3,14919.4569830148,140
10,3,15547.4100888567,140
11,3,16031.9691239404,90
12,3,16543.6919609592,90
13,3,16864.0739218369,140
14,3,17205.7510344423,200
15,3,17426.0490164421,990
16,3,17504.5470197629,230
17,3,17327.6290240283,180
18,3,17107.8139713407,180
19,3,16659.4380128457,140
20,3,16892.9291791078,140
21,3,18028.4640807938,140
22,3,17936.9607918523,160
23,3,17052.9089093842,140
24,3,16348.7230168432,50
1,4,15129.9070438035,90
2,4,14016.8210252076,180
3,4,13376.7169358376,140
4,4,13053.8609531344,140
5,4,12919.2629348692,140
6,4,12888.5429241676,140
7,4,13003.4159492156,90
8,4,13815.3641050579,180
9,4,14749.2000502488,50
10,4,15406.2490873029,90
11,4,15827.1441986254,140
12,4,16186.6161051317,90
13,4,16370.3949314011,360
14,4,16506.1562002706,20
15,4,16610.2430715468,70
16,4,16562.0270298547,90
17,4,16503.8390327338,90
18,4,16245.4050161261,90
19,4,15841.9842019528,90
20,4,16260.1139716357,90
21,4,17423.6231063921,90
22,4,17284.2871381938,50
23,4,16548.0759150833,140
24,4,15601.8541000579,140
1,5,14548.1680049282,90
2,5,13602.6019474911,90
3,5,13027.8130048753,50
4,5,12709.1799895894,50
5,5,12667.631959727,50
6,5,12710.405967568,50
7,5,12932.0921111535,360
8,5,13804.4289969559,50
9,5,14679.8969714111,50
10,5,15166.2021096419,50
11,5,15692.0218389183,20
12,5,16186.3600919633,50
13,5,16570.1678507736,20
14,5,16803.5889434842,360
15,5,16890.6440817956,70
16,5,16861.3887615337,70
17,5,16730.2568724742,70
18,5,16823.3290149868,70
19,5,16771.866871017,70
20,5,17013.1558421985,70
21,5,17676.4188816536,50
22,5,17584.5909657264,50
23,5,16867.9849595656,50
24,5,16077.9799168687,50
1,6,15171.7641776316,50
2,6,14212.7130162977,50
3,6,13577.065117877,50
4,6,13057.4790677587,270
5,6,12781.2879071361,270
6,6,12581.6019945333,50
7,6,12053.330093569,360
8,6,12426.1479405002,340
9,6,13289.5570101137,270
10,6,14176.3082033494,270
11,6,14765.6989994396,230
12,6,15175.3819564933,230
13,6,15645.1849695104,140
14,6,15959.8671615736,140
15,6,15949.6851232718,0
16,6,16159.7230401407,180
17,6,16316.7770459463,230
18,6,16251.6438490669,270
19,6,16011.60420002,0
20,6,16155.4178315396,50
21,6,17181.731967093,0
22,6,17143.1191901965,90
23,6,16394.3529821569,0
24,6,15655.9639555579,0
1,7,14851.582842649,0
2,7,14146.5400755792,0
3,7,13543.2540428564,0
4,7,13116.8769894131,360
5,7,12787.2889975291,0
6,7,12311.9489665511,140
7,7,11488.0539698405,0
8,7,11385.8579412843,200
9,7,11825.4050113724,180
10,7,12423.8700509979,180
11,7,13008.6080614883,140
12,7,13576.5389516146,140
13,7,14128.3619709867,140
14,7,14071.3430990006,90
15,7,14108.3159766039,140
16,7,13915.8680074648,140
17,7,13940.298067847,140
18,7,13904.367813325,90
19,7,13757.036968981,90
20,7,14312.0288616729,140
21,7,15605.204065266,90
22,7,15786.7890625075,140
23,7,15237.6978209545,140
24,7,14595.9489706631,140
1,1,13574.7219577162,140
2,1,12784.5219331179,140
3,1,12278.6379272714,140
4,1,11980.4679256901,140
5,1,11884.7368813436,140
6,1,11964.9889524933,180
7,1,12231.9560402352,140
8,1,13059.4920935351,140
9,1,13941.3779440662,90
10,1,14582.8821984893,160
11,1,14927.4260109267,140
12,1,15223.2879829374,90
13,1,15295.7661471246,110
14,1,15241.1810008315,110
15,1,15064.9669617787,140
16,1,14890.8820072263,140
17,1,14863.8939539921,110
18,1,14741.6661549192,110
19,1,14670.9129903652,110
20,1,15221.4241223242,90
21,1,16521.1708878484,110
22,1,16586.8161380198,90
23,1,15766.8301513044,90
24,1,14692.7149523403,140
1,2,13540.8129584696,90
2,2,12691.0739233345,90
3,2,12086.6720673908,0
4,2,11847.8339963495,0
5,2,11870.6419426068,0
6,2,11947.568993181,90
7,2,12255.8911162447,50
8,2,13256.5428663194,90
9,2,14042.1339792209,140
10,2,14654.1950936941,360
11,2,15013.0739427055,50
12,2,15497.9418534001,50
13,2,15623.5209913318,50
14,2,15596.0688877008,90
15,2,15474.8722297112,90
16,2,15465.9889917783,180
17,2,15531.567990832,90
18,2,15457.9420636948,90
19,2,15278.8749329876,90
20,2,15666.0840703221,90
21,2,16875.2468368029,110
22,2,16819.5771499518,90
23,2,16033.4408283494,70
24,2,15093.9220818914,90
1,3,13862.3040779419,70
2,3,12973.6819477677,70
3,3,12394.829964567,50
4,3,12106.4881166909,70
5,3,12102.7510074228,20
6,3,12243.4220753236,20
7,3,12526.2831413215,20
8,3,13479.7599906062,20
9,3,14403.9729455411,20
10,3,15275.2589251809,20
11,3,15894.4509326406,20
12,3,16466.6749333311,20
13,3,16926.0589078553,20
14,3,17221.1100849397,360
15,3,17489.9821611475,340
16,3,17563.8898216877,20
17,3,17558.8031475581,20
18,3,17322.5299804565,20
19,3,16881.0801771227,340
20,3,16836.6720571779,200
21,3,17783.7239075955,0
22,3,17780.3307715543,0
23,3,17024.5010096645,0
24,3,16036.1918625329,0
1,4,14950.9759873915,0
2,4,13960.5490811076,230
3,4,13317.9820550838,230
4,4,12902.8320344193,230
5,4,12775.0659049395,230
6,4,12748.9870339269,230
7,4,12848.4039732777,230
8,4,13653.9679961372,230
9,4,14492.9889910463,250
10,4,15201.4901368688,250
11,4,15737.2519317707,250
12,4,16228.9742170619,250
13,4,16474.7110541516,270
14,4,16650.8119895048,250
15,4,16729.5159023684,230
16,4,16637.0349600174,250
17,4,16520.7529387509,230
18,4,16410.8430777946,230
19,4,16069.3390416075,230
20,4,16215.8290348491,230
21,4,17554.9951051064,250
22,4,17468.5359473769,230
23,4,16620.8858726472,0
24,4,15698.969085006,0
1,5,14656.756125303,0
2,5,13687.6229194743,0
3,5,13110.7700406974,360
4,5,12804.2670589937,360
5,5,12746.8809369551,0
6,5,12724.6851444161,0
7,5,12963.2860915195,360
8,5,13911.3528969577,360
9,5,14926.5208186391,360
10,5,15778.5380246297,360
11,5,16324.3749821698,360
12,5,16928.1380028161,360
13,5,17365.7972347974,360
14,5,17784.7490514107,360
15,5,17911.5007566866,360
16,5,17859.768260669,340
17,5,17698.8890283629,320
18,5,17489.1439882218,320
19,5,17030.389162967,230
20,5,17144.1761259097,0
21,5,17854.1330160256,50
22,5,17693.0939478474,180
23,5,16875.3799822861,360
24,5,16078.3218992697,360
1,6,15058.2720143255,320
2,6,14141.6750348462,270
3,6,13500.4049661625,270
4,6,12907.7250884436,230
5,6,12579.0540575129,270
6,6,12165.1880661593,230
7,6,11531.4199672737,230
8,6,11844.9279284347,180
9,6,12573.9609856074,230
10,6,13213.0569013142,230
11,6,13702.192002438,230
12,6,13977.845073144,180
13,6,14231.7319410022,230
14,6,14279.7219887655,180
15,6,14228.147089229,230
16,6,14195.7200352801,270
17,6,14211.1810770342,270
18,6,14188.5680691684,270
19,6,14066.6829198608,230
20,6,14329.5540059954,270
21,6,15318.0459242878,250
22,6,15332.5299059609,250
23,6,14687.4570277212,250
24,6,13938.3119733622,290
1,7,13148.5159580734,320
2,7,12441.1220828164,320
3,7,11863.766880054,320
4,7,11411.1030999916,320
5,7,11133.9990359358,290
6,7,10709.8300378425,290
7,7,10188.382986628,290
8,7,10395.5839591213,290
9,7,10925.1139877671,270
10,7,11590.0469635266,290
11,7,12130.6210455233,230
12,7,12629.4981098073,320
13,7,13086.2029804504,250
14,7,13391.0061271777,250
15,7,13487.7820407068,270
16,7,13684.5562389502,230
17,7,13778.2181259161,270
18,7,13828.9248514166,270
19,7,13805.3819349865,230
20,7,14013.0771665368,140
21,7,15104.7171719717,140
22,7,15334.8170304317,0
23,7,14805.953969006,140
24,7,14256.7840553895,50
1,1,13456.8589726836,0
2,1,12662.1529541081,0
3,1,12022.3779137712,0
4,1,11671.6370377708,360
5,1,11417.3799186135,360
6,1,11003.1038852725,320
7,1,10512.202974326,50
8,1,10877.5429708199,340
9,1,11674.8870651796,320
10,1,12603.5258981623,320
11,1,13389.6590387485,360
12,1,14187.9050627861,360
13,1,15163.9688485218,360
14,1,15939.986957605,320
15,1,16287.460151392,360
16,1,16516.7429898912,320
17,1,16650.6899111411,320
18,1,16583.052772182,320
19,1,16265.7601654865,340
20,1,16374.0539485468,360
21,1,17702.5569073511,360
22,1,18222.6109827505,360
23,1,17864.5850158799,360
24,1,17168.4731182568,320
1,2,16132.7440134827,320
2,2,15066.8269573562,340
3,2,14476.3509798404,320
4,2,14012.517091902,360
5,2,13801.0329520684,320
6,2,13694.4559912775,320
7,2,13802.228215564,270
8,2,14899.259958528,0
9,2,16324.2638962902,270
10,2,17310.9399207719,230
11,2,17947.0440014601,180
12,2,18485.4321794002,160
13,2,19037.8230557684,140
14,2,19329.8160163276,180
15,2,19194.6469268668,180
16,2,18880.356138451,140
17,2,18419.0998999067,180
18,2,17984.6749093886,70
19,2,17350.2757872916,90
20,2,17263.6319129094,180
21,2,18311.8959773481,0
22,2,18452.3108216468,0
23,2,17535.8361993432,140
24,2,16799.6450556181,140
1,3,15733.9920225181,140
2,3,14737.7130057346,140
3,3,13955.3138409288,90
4,3,13627.7410898354,140
5,3,13448.9429965055,140
6,3,13335.735090734,140
7,3,13375.3081091698,140
8,3,14183.7980461223,50
9,3,14989.5189849222,90
10,3,15610.0519840969,90
11,3,16094.2009889232,90
12,3,16485.422118945,50
13,3,16656.9309879448,50
14,3,16770.8419671059,360
15,3,16951.6311708363,360
16,3,16919.2907720264,50
17,3,16940.5430083089,360
18,3,16837.6720236652,50
19,3,16453.9571281709,50
20,3,16509.9050742611,90
21,3,17556.7020746432,90
22,3,17731.4949974921,90
23,3,16895.5439007338,90
24,3,16015.5190568566,50
1,4,14876.3759339731,20
2,4,13898.6919076955,20
3,4,13288.6860533403,360
4,4,13032.9080098998,340
5,4,12590.3160634618,320
6,4,12768.7310926914,320
7,4,12945.5631528995,320
8,4,13884.1531272018,290
9,4,14792.9171234295,290
10,4,15281.6050767824,290
11,4,16071.066930802,290
12,4,16785.9140743753,320
13,4,17113.7670119526,270
14,4,17396.7189447209,270
15,4,17510.565031888,230
16,4,17621.7208326422,230
17,4,17548.0451303311,230
18,4,17327.8589644898,230
19,4,16888.574971268,230
20,4,16832.5823121127,230
21,4,17892.0908968244,180
22,4,18095.1089988016,180
23,4,17252.5380021892,180
24,4,16152.3359492477,180
1,5,14899.7179347081,140
2,5,13884.5489815902,140
3,5,13235.6611415595,110
4,5,12901.4751003175,90
5,5,12747.8269327395,90
6,5,12582.8710448444,90
7,5,12852.7021676558,90
8,5,13802.993826149,90
9,5,14794.7459705444,90
10,5,15626.0509383566,140
11,5,16211.0089012627,90
12,5,16804.3401278146,360
13,5,17106.7577796539,360
14,5,17298.1379274144,50
15,5,17372.6240647824,50
16,5,17390.8499575998,50
17,5,17278.5718302722,50
18,5,17003.9118847826,50
19,5,16506.2319712113,90
20,5,16348.6659853882,90
21,5,17255.063921727,90
22,5,17201.3710885826,90
23,5,16403.4770546402,90
24,5,15584.6260089499,90
1,6,14727.1810691156,90
2,6,13918.8649827729,90
3,6,13269.5841116717,90
4,6,12869.1818784201,90
5,6,12629.0619949331,50
6,6,12218.5709826858,360
7,6,11720.0569479903,360
8,6,12135.0669539766,50
9,6,13029.7091005701,50
10,6,14017.480035533,50
11,6,14691.821981254,360
12,6,15227.1759908297,360
13,6,15730.5879697283,20
14,6,16093.1598144479,50
15,6,16305.0180539084,90
16,6,16464.0589408621,360
17,6,16454.7597904883,50
18,6,16453.2379516929,20
19,6,16213.5470575243,90
20,6,16030.3081249851,90
21,6,16917.2620377354,70
22,6,16938.1391700525,70
23,6,16218.8150881405,70
24,6,15480.4139220375,90
1,7,14734.100007127,50
2,7,13949.3318400003,20
3,7,13296.8009124645,360
4,7,12798.441914246,20
5,7,12483.0479525679,360
6,7,11880.6990785343,340
7,7,11164.1840134866,360
8,7,11369.2609811821,360
9,7,12005.2870761678,360
10,7,12838.6929721669,360
11,7,13646.5831306456,360
12,7,14519.7349352669,50
13,7,15453.5520016499,20
14,7,16067.1640065545,360
15,7,16383.9838773625,20
16,7,16568.8789625948,360
17,7,16509.014154058,360
18,7,16387.9778009227,20
19,7,16069.8871521438,50
20,7,15973.381974905,90
21,7,17187.9730119435,50
22,7,17873.6369443727,50
23,7,17733.8737953564,50
24,7,17096.4329970474,20
1,1,16083.7069587293,360
2,1,15090.6160268036,360
3,1,14364.4889908894,360
4,1,13904.1118349691,360
5,1,13772.7021446838,0
6,1,13644.1301067097,360
7,1,13818.462946774,20
8,1,14923.609927136,50
9,1,16273.1840439903,360
10,1,17577.8022054266,360
11,1,18562.1698821504,50
12,1,19411.8581897947,90
13,1,20188.9638850074,50
14,1,20784.0061356025,50
15,1,21071.651071012,90
16,1,21173.5139329564,140
17,1,20991.5200428804,140
18,1,20488.9119351394,140
19,1,19638.6569374566,90
20,1,19114.3560027126,50
21,1,20051.5122032426,50
22,1,20399.3887724392,90
23,1,19871.0279964767,90
24,1,19087.5350665245,90
1,2,17898.6770238467,90
2,2,16748.3461485803,50
3,2,15871.8551693391,50
4,2,15395.0631654467,50
5,2,15135.995157063,50
6,2,14893.8680352271,50
7,2,14968.882025823,50
8,2,15928.9467831925,50
9,2,17269.1488551553,20
10,2,18333.490180159,20
11,2,19182.0451165233,20
12,2,20312.6718029995,360
13,2,21332.4659665767,50
14,2,22325.6949767172,50
15,2,22916.8380637933,360
16,2,23011.8207795341,20
17,2,22781.2031738702,90
18,2,22158.276285788,360
19,2,21325.2478458611,20
20,2,20710.3080844749,90
21,2,21673.8131726943,90
22,2,22055.0628085471,90
23,2,21491.6750689745,50
24,2,20609.8429733347,50
1,3,19242.8290361185,360
2,3,18096.3750094473,360
3,3,17204.4449256901,360
4,3,16641.3988867344,360
5,3,16313.9911560789,360
6,3,15901.4377935119,360
7,3,15679.0149812102,360
8,3,16318.9139573127,360
9,3,17034.1268808674,230
10,3,17377.5421824791,180
11,3,17761.5909916684,160
12,3,18237.8521021679,160
13,3,18602.1988286189,160
14,3,18937.7250643447,140
15,3,19073.0437813271,50
16,3,18901.8170783762,180
17,3,18635.0438354517,180
18,3,18273.8009028193,50
19,3,17764.2661456633,20
20,3,17731.9108886253,180
21,3,18721.7740874793,180
22,3,19034.6710905489,180
23,3,18286.0702766925,180
24,3,17326.1430118438,140
1,4,16127.4910298865,140
2,4,15152.0149961356,140
3,4,14476.5678922255,140
4,4,14092.4671045467,0
5,4,13904.1738195866,0
6,4,13640.6940420941,0
7,4,13926.4810302854,140
8,4,14902.3889523111,0
9,4,16151.5948316455,50
10,4,17079.1439804956,90
11,4,17909.788799569,90
12,4,18715.0050498955,90
13,4,19442.8980909822,50
14,4,20051.1800170909,90
15,4,20378.2400047109,50
16,4,20387.4680532047,90
17,4,20211.186906477,90
18,4,19800.0230344273,90
19,4,19214.0670470204,90
20,4,18943.2021493454,90
21,4,19905.9838613243,140
22,4,20139.9621384591,140
23,4,19476.9169204123,110
24,4,18568.4088930404,110
1,5,17476.0300460923,90
2,5,16501.6749837073,70
3,5,15714.4020423982,50
4,5,15358.9907226134,20
5,5,15185.7489778716,20
6,5,15051.2039492223,20
7,5,15153.0399716795,360
8,5,16209.9790060055,20
9,5,17613.7230860339,360
10,5,18932.7348067909,360
11,5,19764.1358368304,340
12,5,20150.9880996568,340
13,5,20502.3711012416,180
14,5,20631.2650325224,200
15,5,20323.4651876837,160
16,5,19926.3168806937,180
17,5,19488.8028097339,180
18,5,19056.7579881288,50
19,5,18476.6989888659,360
20,5,18148.4280265993,270
21,5,18875.9108824225,230
22,5,19064.3742562677,180
23,5,18439.091094892,180
24,5,17572.0061391506,230
1,6,16632.8499469846,180
2,6,15750.3389604583,180
3,6,15013.0921214013,140
4,6,14371.5529911618,180
5,6,14087.0178990266,180
6,6,13583.2498875323,180
7,6,13045.5540352368,140
8,6,13438.9860841963,140
9,6,14228.0058935618,90
10,6,15022.6651725248,140
11,6,15714.2220884259,110
12,6,16196.9758243007,70
13,6,16559.50604625,50
14,6,16954.3800281421,50
15,6,17265.5320670512,20
16,6,17425.1941605459,90
17,6,17408.2259981805,140
18,6,17345.025820527,360
19,6,16932.7109775939,270
20,6,16745.2390662364,340
21,6,17694.6838913304,20
22,6,17932.3430478049,90
23,6,17120.348977298,110
24,6,16040.8379957897,140
1,7,15083.0908388912,140
2,7,14150.6398897707,160
3,7,13449.830033954,140
4,7,12897.8780055351,180
5,7,12525.1629258224,180
6,7,12075.7110284218,140
7,7,11314.6759617159,140
8,7,11022.1949985323,140
9,7,11247.0559889807,140
10,7,11610.229100198,90
11,7,12020.386154111,140
12,7,12476.824045086,140
13,7,12782.0418740979,140
14,7,12769.8179748673,140
15,7,12450.9450135005,140
16,7,12199.1139196518,140
17,7,12136.4079719447,90
18,7,12274.3979757207,140
19,7,12388.6200456095,140
20,7,12782.2941260464,90
21,7,14075.3669175074,140
22,7,14562.4560515119,140
23,7,14208.3979861049,140
24,7,13487.4999729993,140
1,1,12589.6329960548,90
2,1,11778.329032795,90
3,1,11358.1820641046,140
4,1,11091.5130467564,140
5,1,11105.7049352757,110
6,1,11222.4170451823,180
7,1,11665.1189950835,180
8,1,12654.9629918642,180
9,1,13523.5610973244,90
10,1,14194.0341090898,50
11,1,14655.3338790773,70
12,1,15120.6871667947,140
13,1,15262.6560673134,90
14,1,15173.8137761173,90
15,1,14954.4028676988,90
16,1,14769.8748221989,90
17,1,14815.3769073596,70
18,1,14664.7670579604,90
19,1,14566.664047621,90
20,1,14893.2899480141,90
21,1,16138.3689653834,90
22,1,16385.4699366293,140
23,1,15653.4699818636,90
24,1,14633.2559550824,90
1,2,13485.1939467348,50
2,2,12611.1400171942,90
3,2,12117.7679039871,90
4,2,11841.0158632486,90
5,2,11881.1910171423,90
6,2,11889.7590072039,90
7,2,12219.6500173712,50
8,2,13254.6229169904,90
9,2,14132.4151284283,50
10,2,14858.9161534389,20
11,2,15273.3121552018,50
12,2,15708.7091677892,70
13,2,16000.6589678309,70
14,2,16094.455191446,360
15,2,16099.9970199445,70
16,2,16031.4970890374,110
17,2,15874.3909251015,90
18,2,15873.9950643999,90
19,2,15736.3229151177,110
20,2,16042.8709606414,70
21,2,16958.2089441805,90
22,2,17055.6710339391,90
23,2,16375.0249893067,90
24,2,15395.6048594336,140
1,3,14258.5489382593,90
2,3,13392.7089659967,140
3,3,12832.1449400368,90
4,3,12482.8019829686,140
5,3,12438.6730008065,140
6,3,12511.1361070888,140
7,3,12642.8759632199,180
8,3,13580.9060241929,90
9,3,14601.2570029374,70
10,3,15302.9890193888,50
11,3,15822.6360909694,90
12,3,16254.8258904121,90
13,3,16531.2871915975,20
14,3,16703.3268780126,140
15,3,16789.7801456412,160
16,3,16744.5929841897,360
17,3,16706.8169172236,230
18,3,16616.7061488847,140
19,3,16296.0818462425,90
20,3,16412.6809747792,50
21,3,17325.7890340255,50
22,3,17589.2810259,320
23,3,16877.5679831111,320
24,3,15889.5261287573,250
1,4,14750.0210389621,180
2,4,13820.9410275945,140
3,4,13226.546009331,160
4,4,12812.718958895,160
5,4,12583.9000637506,0
6,4,12547.1699193388,200
7,4,12639.8790459426,180
8,4,13679.9489266439,230
9,4,14597.8958972951,200
10,4,15345.6881750408,230
11,4,15861.8090492296,180
12,4,16301.8401370641,180
13,4,16615.5450409404,180
14,4,16840.2928367571,180
15,4,16946.4681318584,230
16,4,16980.6140241472,180
17,4,16991.2058139401,180
18,4,16858.9920784829,90
19,4,16413.6270259651,90
20,4,16179.1288130912,90
21,4,16962.6810092588,50
22,4,17111.6220506816,90
23,4,16443.3738846981,140
24,4,15573.1350134467,90
1,5,14535.484059029,90
2,5,13725.7531453525,90
3,5,13136.6990415964,90
4,5,12737.0910358154,90
5,5,12434.5490647876,0
6,5,11924.5910066762,0
7,5,11350.8409513992,0
8,5,11847.9859494427,230
9,5,12639.4939177514,320
10,5,13522.3490132869,320
11,5,14092.4700382156,360
12,5,14650.2170631061,50
13,5,15202.0938651823,50
14,5,15624.2039183874,90
15,5,15823.6997317944,90
16,5,15807.2187536082,90
17,5,15823.2248811491,90
18,5,15716.8971629359,50
19,5,15372.7480481446,90
20,5,15115.504908829,90
21,5,15939.9430458855,90
22,5,16149.5200474416,50
23,5,15550.2261866804,90
24,5,14865.7130012796,90
1,6,14036.2300003346,90
2,6,13189.4449471296,90
3,6,12657.4270078454,50
4,6,12295.0879622721,0
5,6,12043.9379853986,50
6,6,11616.7819763988,50
7,6,11112.6060891235,50
8,6,11447.8320492685,50
9,6,12285.3560596658,50
10,6,13094.3619308148,360
11,6,13704.1820778144,360
12,6,14265.7960282555,360
13,6,14819.8269279799,360
14,6,15187.1220209124,50
15,6,15365.3919588984,90
16,6,15278.0700005274,360
17,6,15244.8070626196,90
18,6,15231.3109897424,90
19,6,15005.9190898398,90
20,6,14987.9921144112,140
21,6,15894.8070598063,90
22,6,16172.6460193347,140
23,6,15578.3850247045,180
24,6,14821.3960220148,90
1,7,14052.3550434641,140
2,7,13330.9420351423,140
3,7,12686.8190137262,140
4,7,12212.7800423498,0
5,7,11890.8059220873,320
6,7,11400.2260243336,320
7,7,10692.3540034313,270
8,7,10851.3199761782,320
9,7,11463.4059820189,0
10,7,12279.074983268,340
11,7,13126.3059843548,140
12,7,13721.9411131509,140
13,7,14314.9651069965,140
14,7,14867.9380421592,70
15,7,14970.7879140612,70
16,7,15240.7369647699,70
17,7,15391.8400280077,20
18,7,15324.2390590787,70
19,7,15151.5380360328,90
20,7,14943.1420576491,70
21,7,15916.7120786933,90
22,7,16622.7190231259,90
23,7,16402.3859481064,90
24,7,15776.1007703631,70
1,1,14858.5230822319,70
2,1,13962.9970196129,50
3,1,13298.1089602108,50
4,1,12907.9669825872,50
5,1,12786.942990181,90
6,1,12664.0898981283,360
7,1,12848.9368209091,20
8,1,14119.7999439272,360
9,1,15401.4541878176,50
10,1,16554.0512055191,50
11,1,17325.4310480307,50
12,1,18098.4519483722,360
13,1,18842.9609690921,360
14,1,19588.0619094146,20
15,1,20117.0098415425,360
16,1,20318.6340107969,50
17,1,20345.9769229561,360
18,1,19965.4680810138,50
19,1,19285.3629867637,360
20,1,18794.053995881,90
21,1,19699.9410976726,50
22,1,20316.8220115805,20
23,1,19818.3718824841,360
24,1,19012.2779369247,360
1,2,17905.7999501226,360
2,2,16742.6972548305,20
3,2,15906.0419651398,20
4,2,15415.0459039107,20
5,2,15054.651937745,20
6,2,14782.418947768,20
7,2,14739.4468767714,20
8,2,15735.7228429574,20
9,2,17033.6430711278,20
10,2,18246.1871117125,50
11,2,19247.0869045069,20
12,2,20464.9951219612,360
13,2,21683.5981098651,360
14,2,22789.8838856907,320
15,2,23415.8186615347,340
16,2,23575.7422450536,360
17,2,23499.0590997296,360
18,2,23049.6838237417,360
19,2,22152.7229223454,340
20,2,21305.0418380736,340
21,2,21952.6396469267,360
22,2,22580.7828763309,340
23,2,22329.6638345325,50
24,2,21630.3677496517,360
1,3,20362.7809573015,360
2,3,19138.2129119465,50
3,3,18171.6199743578,90
4,3,17566.5039692738,0
5,3,16959.2760283977,0
6,3,16564.0641026902,360
7,3,16280.1478565389,50
8,3,16727.8377950171,360
9,3,17600.1931615775,200
10,3,18383.746075386,70
11,3,19094.9909322015,20
12,3,19884.3541153593,20
13,3,20730.5809094296,50
14,3,21196.9460641497,340
15,3,21751.6770897598,50
16,3,21893.6787627316,160
17,3,21751.4238822774,20
18,3,21222.8838992002,360
19,3,20493.3501915408,20
20,3,19820.2509274513,70
21,3,20391.335940642,110
22,3,20835.2311496544,110
23,3,20165.6459011638,90
24,3,19289.0041542219,90
1,4,18244.5620395509,140
2,4,17139.0779314765,140
3,4,16257.9748342815,140
4,4,15764.3200603479,90
5,4,15436.5080700829,140
6,4,15147.7861041089,90
7,4,15121.7329221754,140
8,4,15894.4359207635,140
9,4,16860.3990081172,70
10,4,17888.7960605191,90
11,4,18631.2470295276,20
12,4,19225.7221519591,70
13,4,19953.6957026566,20
14,4,20481.7030566407,20
15,4,20908.5300927605,20
16,4,21105.7100891487,360
17,4,21015.2909398039,20
18,4,20738.4158898774,20
19,4,20058.9929274765,90
20,4,19556.4230294556,50
21,4,20253.8318172912,140
22,4,20923.9921494478,90
23,4,20555.3700128139,90
24,4,19834.4970940142,50
1,5,18801.2579056823,360
2,5,17649.3518797117,360
3,5,16828.4267948547,360
4,5,16283.8600070574,360
5,5,15950.3249851165,360
6,5,15560.0251139295,360
7,5,15523.720998134,0
8,5,16331.3670186098,90
9,5,17457.6289890294,110
10,5,18521.1139097116,50
11,5,19442.9878614831,90
12,5,20415.2390564521,50
13,5,21278.0867264809,50
14,5,21954.1187163161,50
15,5,22454.6450124136,320
16,5,22711.1338372545,320
17,5,22685.6259274238,360
18,5,22261.6599759383,360
19,5,21457.7921415339,20
20,5,20773.6619848895,360
21,5,21188.9529034931,360
22,5,21628.7831103974,50
23,5,21037.6329983312,360
24,5,20295.109013085,50
1,6,19370.8588409019,360
2,6,18444.5781814947,90
3,6,17622.5871615582,50
4,6,16994.6332552626,50
5,6,16521.5332644533,360
6,6,15924.5947662785,50
7,6,15136.7791734715,90
8,6,15305.5138371552,50
9,6,16214.1331335926,50
10,6,17227.4679718136,20
11,6,18117.7070606262,20
12,6,19026.8130325624,340
13,6,20179.0880591634,340
14,6,20751.6739300496,360
15,6,21146.683816182,340
16,6,21497.1851820729,20
17,6,21394.4672475073,340
18,6,21122.6729546622,20
19,6,20555.7418046237,50
20,6,19170.6790256256,20
21,6,20221.0668667972,20
22,6,20882.8140587385,20
23,6,20522.5019658529,20
24,6,20001.8049633491,20
1,7,19317.3460420843,360
2,7,18517.2890283787,360
3,7,17767.2749281253,340
4,7,15336.61200619,360
5,7,13101.6168636996,230
6,7,11994.2409244847,180
7,7,11230.3879560228,180
8,7,11281.7589567606,160
9,7,11746.0710705661,110
10,7,12406.6641013194,90
11,7,12966.3861024205,90
12,7,13518.4429891407,50
13,7,13821.9349609378,360
14,7,14460.0839181491,360
15,7,13484.523997837,20
16,7,14262.0799540998,360
17,7,14602.2141299278,360
18,7,14750.0159955705,0
19,7,14630.6760679085,180
20,7,14405.9850245519,230
21,7,14403.9389356758,180
22,7,14097.582201553,140
23,7,14429.8720367537,140
24,7,14383.0830530967,180
1,1,14164.7979973624,140
2,1,13692.1670294239,0
3,1,13297.8928388213,0
4,1,13209.2801758854,180
5,1,13094.6809944818,180
6,1,12980.995045461,140
7,1,13045.1160428028,140
8,1,13634.9940354705,140
9,1,14403.5719738445,50
10,1,15200.6489795384,140
11,1,15635.5150290309,140
12,1,15835.2900323768,160
13,1,16045.2049178947,140
14,1,16182.2681362524,160
15,1,15926.4739740635,140
16,1,15681.0679809835,160
17,1,15495.455043766,160
18,1,15158.279024846,140
19,1,14785.7810054338,160
20,1,14839.8318924261,160
21,1,15803.1388889069,140
22,1,16201.4349486814,140
23,1,15695.8379986554,160
24,1,14840.4969317084,140
1,2,13858.089035725,140
2,2,13052.6349938032,140
3,2,12507.2689409393,140
4,2,12176.0119159655,140
5,2,12082.2860167127,140
6,2,11950.4509164053,180
7,2,12111.2000661229,140
8,2,12853.488942632,140
9,2,13662.7621460457,140
10,2,14175.6010549949,160
11,2,14487.5199355052,160
12,2,14820.4088851949,160
13,2,15016.6729993129,110
14,2,15049.0128042134,140
15,2,14895.7522173761,140
16,2,14720.3370608196,110
17,2,14615.0519151932,110
18,2,14562.8790578609,90
19,2,14376.3770280425,140
20,2,14492.7012807273,110
21,2,15612.5340109107,140
22,2,15984.3570315754,140
23,2,15357.6197958332,140
24,2,14479.5260204126,140
1,3,13446.5259757345,140
2,3,12631.8749301198,140
3,3,12047.8919840036,90
4,3,11755.5750678373,90
5,3,11680.0119735252,50
6,3,11617.1939842603,360
7,3,11864.3710792193,50
8,3,12720.9770299237,50
9,3,13599.7240223298,20
10,3,14252.6539106533,70
11,3,14776.3801099893,20
12,3,15054.1540148635,70
13,3,15297.1111668812,70
14,3,15412.3760967618,70
15,3,15397.6377895126,90
16,3,15391.726058214,50
17,3,15405.5309845295,140
18,3,15441.6350055991,90
19,3,15178.7139842391,110
20,3,15247.9251580215,70
21,3,16288.1630502185,140
22,3,16589.3691394879,50
23,3,16071.6960368205,140
24,3,15166.3221160327,180
1,4,14170.9530724688,180
2,4,13331.91998792,50
3,4,12819.3750004329,90
4,4,12660.9360846255,90
5,4,12642.5580424729,0
6,4,12320.2400463752,0
7,4,12470.6338896207,180
8,4,13442.5008961286,140
9,4,14572.3170427168,180
10,4,15383.8231631063,230
11,4,15980.1960992387,140
12,4,16611.5000460574,250
13,4,17147.2920406698,160
14,4,17561.3819841663,200
15,4,17685.1711729799,160
16,4,17785.5738156908,230
17,4,17801.3400186461,180
18,4,17625.3278000788,140
19,4,17181.4031760125,360
20,4,16852.0360093552,50
21,4,17640.4959683199,90
22,4,18151.3178852114,90
23,4,17585.1239787159,90
24,4,16757.9860475198,50
1,5,15692.0130213217,50
2,5,14734.8621286468,90
3,5,13984.0780547238,90
4,5,13534.6340034565,90
5,5,13364.6220467163,0
6,5,13162.7549216801,0
7,5,13096.7048433959,70
8,5,14054.9772243889,90
9,5,15285.2980635217,0
10,5,16354.8381499925,90
11,5,17126.2417995124,50
12,5,17632.5877782176,70
13,5,18206.2591031375,50
14,5,18687.7590708802,70
15,5,18916.7588661548,50
16,5,19011.5511340809,90
17,5,18742.475891273,50
18,5,18584.6457387032,90
19,5,18032.7849545083,90
20,5,17603.3891096571,90
21,5,18200.3041831881,90
22,5,18526.9119587061,50
23,5,17966.3499507767,50
24,5,17195.2220168291,50
1,6,16350.8419518981,50
2,6,15532.0620956686,360
3,6,14807.7999750052,360
4,6,14333.6188880308,0
5,6,13972.9349924612,50
6,6,13445.9608577867,140
7,6,12763.7329266176,140
8,6,13113.9201297082,140
9,6,14134.9879627719,20
10,6,15230.8990577026,360
11,6,16139.562040766,0
12,6,16873.693875843,0
13,6,17793.3778148605,160
14,6,18626.2418993851,90
15,6,19217.8700388013,50
16,6,19596.448047749,70
17,6,19527.2659899241,360
18,6,19276.9562339934,20
19,6,18606.0969526828,20
20,6,18090.5790223265,20
21,6,18740.0890431118,360
22,6,19300.2960849032,50
23,6,18844.1040835818,90
24,6,17968.7579787323,110
1,7,17142.3440175476,90
2,7,16314.2241553769,50
3,7,15567.8069395185,360
4,7,15017.1530588113,50
5,7,14482.8599825359,50
6,7,13971.5548610392,360
7,7,13069.8121421721,320
8,7,12926.623034128,360
9,7,13379.4051654502,90
10,7,13963.8121884402,140
11,7,14455.0879233407,180
12,7,14916.4211391502,140
13,7,15530.352078571,140
14,7,16166.796901173,90
15,7,16455.8469297881,140
16,7,16646.8089637489,140
17,7,16780.8889340276,90
18,7,16560.7380158522,50
19,7,16144.6848541992,50
20,7,15946.4230575846,360
21,7,16549.3856984659,50
22,7,16258.6780426395,50
23,7,14907.6911843575,360
24,7,13981.5988930769,20
1,1,13238.5750176692,230
2,1,13002.7809295515,250
3,1,12922.2820139832,140
4,1,12712.5909589983,180
5,1,12395.1878960498,0
6,1,11858.170923365,230
7,1,11065.7130973546,0
8,1,10929.4390135619,230
9,1,11168.0110248108,230
10,1,11524.0890509647,180
11,1,11990.5050356174,180
12,1,12491.6759519489,180
13,1,12901.3618923475,180
14,1,13135.1150560037,180
15,1,13258.3969388392,180
16,1,13500.7861480466,140
17,1,13670.0780700361,180
18,1,13664.8030771012,140
19,1,13470.0019392753,180
20,1,13335.8209588111,180
21,1,14247.1099419615,160
22,1,15076.0430410127,140
23,1,14926.9820623735,180
24,1,14361.9590640266,180
1,2,13615.3810771764,180
2,2,12844.8099613891,140
3,2,12243.6009542502,140
4,2,11867.7169108773,180
5,2,11709.2499767586,0
6,2,11599.5249597293,0
7,2,11574.5039704267,0
8,2,12575.3770261919,160
9,2,13778.3769787154,160
10,2,14818.9088822745,50
11,2,15600.5489929852,180
12,2,16303.9910524443,180
13,2,16959.1319327368,140
14,2,17472.0650207372,140
15,2,17837.1702867909,360
16,2,18075.4481723638,90
17,2,18086.1838776052,50
18,2,17803.2650042095,20
19,2,17170.495705859,50
20,2,16639.9909701212,50
21,2,17251.3571331829,20
22,2,17887.1270726258,50
23,2,17260.3218929872,50
24,2,16340.9200165556,0
1,3,15555.4078414862,20
2,3,14654.4810190208,20
3,3,13932.4148803134,340
4,3,13479.1079376314,340
5,3,13260.2670289385,340
6,3,12986.8931195496,320
7,3,12820.8251029728,340
8,3,13653.7459539089,360
9,3,14820.4730228884,320
10,3,15883.5469221554,320
11,3,16689.2789576866,340
12,3,17385.216864523,340
13,3,18314.6439209739,360
14,3,19128.4380694698,50
15,3,19650.7530745445,360
16,3,19916.1228912114,20
17,3,19895.5599327283,320
18,3,19539.6667749092,360
19,3,18761.2940135442,320
20,3,18084.3020586083,360
21,3,18750.3639982243,320
22,3,19288.9141629851,360
23,3,18879.2441073689,360
24,3,18206.0488902193,320
1,4,17289.46089517,320
2,4,16244.0250529901,320
3,4,15382.2350427178,50
4,4,14787.0730361869,180
5,4,14493.4450360772,90
6,4,14151.7081767679,50
7,4,13918.0298653143,320
8,4,14726.4327832882,50
9,4,15967.0779794466,360
10,4,16986.0949519009,360
11,4,17886.1139364047,340
12,4,18910.1300592213,320
13,4,20075.3600416922,320
14,4,21200.2571541157,320
15,4,21852.950985729,360
16,4,22064.5268396542,320
17,4,22019.0511675323,320
18,4,21731.1710009864,320
19,4,20864.175956476,340
20,4,20209.0328552434,270
21,4,20672.4791182717,230
22,4,21239.8198999602,230
23,4,20611.2320067221,230
24,4,19689.6369640497,180
1,5,18321.3180509966,230
2,5,17146.0230525467,230
3,5,16276.0068988192,180
4,5,15535.8320603622,180
5,5,14895.297902067,180
6,5,14430.7710032922,0
7,5,13941.3731026757,90
8,5,14569.389900397,180
9,5,15576.2530413643,140
10,5,16580.6179924733,140
11,5,17195.912865066,160
12,5,17661.8119580182,160
13,5,18187.3271273926,160
14,5,18553.9509714667,140
15,5,18774.6439561296,180
16,5,18705.266811586,110
17,5,18501.6291899057,180
18,5,18008.8649663657,160
19,5,17315.6079297506,160
20,5,16655.8669467466,140
21,5,17032.9608994508,140
22,5,17336.5440098771,90
23,5,16668.2837980222,140
24,5,15901.8509293438,140
1,6,15052.3459303314,140
2,6,14198.1679729141,180
3,6,13518.6449728983,140
4,6,13043.5319857548,140
5,6,12739.5769550717,0
6,6,12264.5080866112,0
7,6,11651.5581019643,0
8,6,11919.3360223984,0
9,6,12679.2600749293,180
10,6,13469.6079898558,180
11,6,14019.4951016647,200
12,6,14529.2950099662,180
13,6,15067.962018847,160
14,6,15601.9678338603,160
15,6,15975.0929263616,140
16,6,16247.6719112857,180
17,6,16231.7570411898,180
18,6,16134.0640865532,20
19,6,15814.6517952527,20
20,6,15431.7291450799,90
21,6,16194.8550593029,360
22,6,16706.0937841776,50
23,6,16249.6010562482,90
24,6,15618.4140827949,50
1,7,14904.9750170386,90
2,7,14150.9550259667,90
3,7,13519.055983677,50
4,7,12996.4339808298,360
5,7,12620.3470496289,360
6,7,12083.6709637109,50
7,7,11330.3540507699,360
8,7,11337.8410802619,360
9,7,11863.4760203491,50
10,7,12536.273102255,360
11,7,13158.4340278704,360
12,7,13768.7380039799,50
13,7,14472.7052113158,70
14,7,15217.0561219137,360
15,7,15629.2729009115,50
16,7,15891.8940752428,50
17,7,15976.5799445068,90
18,7,15815.7690979783,90
19,7,15523.459906962,90
20,7,15399.4250055582,90
21,7,16132.1481376723,140
22,7,15934.6742342953,50
23,7,14672.333852703,90
24,7,13782.2560735974,340

